/*******************************************************************************
 * Size: 70 px
 * Bpp: 2
 * Opts: --bpp 2 --size 70 --no-compress --stride 1 --align 1 --font Montserrat-Bold.ttf --range 32-126 --format lvgl -o lv_font_MontserratBold_70.c
 ******************************************************************************/

#ifdef __has_include
    #if __has_include("lvgl.h")
        #ifndef LV_LVGL_H_INCLUDE_SIMPLE
            #define LV_LVGL_H_INCLUDE_SIMPLE
        #endif
    #endif
#endif

#ifdef LV_LVGL_H_INCLUDE_SIMPLE
    #include "lvgl.h"
#else
    #include "lvgl/lvgl.h"
#endif



#ifndef LV_FONT_MONTSERRATBOLD_70
#define LV_FONT_MONTSERRATBOLD_70 1
#endif

#if LV_FONT_MONTSERRATBOLD_70

/*-----------------
 *    BITMAPS
 *----------------*/

/*Store the image of the glyphs*/
static LV_ATTRIBUTE_LARGE_CONST const uint8_t glyph_bitmap[] = {
    /* U+0020 " " */

    /* U+0021 "!" */
    0x7f, 0xff, 0xff, 0xe7, 0xff, 0xff, 0xfe, 0x3f,
    0xff, 0xff, 0xd3, 0xff, 0xff, 0xfd, 0x3f, 0xff,
    0xff, 0xd3, 0xff, 0xff, 0xfd, 0x3f, 0xff, 0xff,
    0xc3, 0xff, 0xff, 0xfc, 0x3f, 0xff, 0xff, 0xc2,
    0xff, 0xff, 0xfc, 0x2f, 0xff, 0xff, 0xc2, 0xff,
    0xff, 0xfc, 0x2f, 0xff, 0xff, 0xc1, 0xff, 0xff,
    0xf8, 0x1f, 0xff, 0xff, 0x81, 0xff, 0xff, 0xf8,
    0xf, 0xff, 0xff, 0x80, 0xff, 0xff, 0xf4, 0xf,
    0xff, 0xff, 0x40, 0xff, 0xff, 0xf4, 0xf, 0xff,
    0xff, 0x40, 0xff, 0xff, 0xf0, 0xf, 0xff, 0xff,
    0x0, 0xff, 0xff, 0xf0, 0xb, 0xff, 0xff, 0x0,
    0xbf, 0xff, 0xf0, 0xb, 0xff, 0xff, 0x0, 0x7f,
    0xff, 0xf0, 0x7, 0xff, 0xfe, 0x0, 0x7f, 0xff,
    0xe0, 0x7, 0xff, 0xfe, 0x0, 0x3f, 0xff, 0xe0,
    0x0, 0x0, 0x0, 0x0, 0x0, 0x0, 0x0, 0x0,
    0x0, 0x0, 0x0, 0x0, 0x0, 0x0, 0x0, 0x0,
    0x0, 0x0, 0xb, 0xfe, 0x40, 0x7, 0xff, 0xfe,
    0x1, 0xff, 0xff, 0xf8, 0x3f, 0xff, 0xff, 0xd7,
    0xff, 0xff, 0xfe, 0xbf, 0xff, 0xff, 0xfb, 0xff,
    0xff, 0xff, 0x7f, 0xff, 0xff, 0xe3, 0xff, 0xff,
    0xfd, 0x2f, 0xff, 0xff, 0xc0, 0xbf, 0xff, 0xf0,
    0x2, 0xff, 0xf8, 0x0, 0x1, 0x54, 0x0,

    /* U+0022 "\"" */
    0x7f, 0xff, 0xe0, 0x3, 0xff, 0xff, 0x2f, 0xff,
    0xf8, 0x0, 0xff, 0xff, 0xc7, 0xff, 0xfe, 0x0,
    0x3f, 0xff, 0xf1, 0xff, 0xff, 0x80, 0xf, 0xff,
    0xfc, 0x7f, 0xff, 0xe0, 0x3, 0xff, 0xff, 0x1f,
    0xff, 0xf8, 0x0, 0xff, 0xff, 0xc7, 0xff, 0xfd,
    0x0, 0x3f, 0xff, 0xf1, 0xff, 0xff, 0x40, 0xf,
    0xff, 0xfc, 0x7f, 0xff, 0xd0, 0x3, 0xff, 0xff,
    0xf, 0xff, 0xf4, 0x0, 0xff, 0xff, 0xc3, 0xff,
    0xfd, 0x0, 0x3f, 0xff, 0xf0, 0xff, 0xff, 0x40,
    0xf, 0xff, 0xf8, 0x3f, 0xff, 0xd0, 0x2, 0xff,
    0xfe, 0xf, 0xff, 0xf0, 0x0, 0xbf, 0xff, 0x83,
    0xff, 0xfc, 0x0, 0x2f, 0xff, 0xe0, 0xff, 0xff,
    0x0, 0xb, 0xff, 0xf8, 0x3f, 0xff, 0xc0, 0x2,
    0xff, 0xfe, 0xf, 0xff, 0xf0, 0x0, 0xbf, 0xff,
    0x43, 0xff, 0xfc, 0x0, 0x2f, 0xff, 0xd0, 0xff,
    0xff, 0x0, 0x7, 0xff, 0xf4,

    /* U+0023 "#" */
    0x0, 0x0, 0x0, 0x6, 0xaa, 0xa0, 0x0, 0x0,
    0x6a, 0xaa, 0x0, 0x0, 0x0, 0x0, 0x0, 0xf,
    0xff, 0xf0, 0x0, 0x0, 0xbf, 0xff, 0x0, 0x0,
    0x0, 0x0, 0x0, 0xf, 0xff, 0xf0, 0x0, 0x0,
    0xff, 0xff, 0x0, 0x0, 0x0, 0x0, 0x0, 0xf,
    0xff, 0xe0, 0x0, 0x0, 0xff, 0xff, 0x0, 0x0,
    0x0, 0x0, 0x0, 0xf, 0xff, 0xe0, 0x0, 0x0,
    0xff, 0xfe, 0x0, 0x0, 0x0, 0x0, 0x0, 0x1f,
    0xff, 0xd0, 0x0, 0x0, 0xff, 0xfe, 0x0, 0x0,
    0x0, 0x0, 0x0, 0x1f, 0xff, 0xd0, 0x0, 0x1,
    0xff, 0xfd, 0x0, 0x0, 0x0, 0x0, 0x0, 0x2f,
    0xff, 0xc0, 0x0, 0x1, 0xff, 0xfd, 0x0, 0x0,
    0x0, 0x0, 0x0, 0x2f, 0xff, 0xc0, 0x0, 0x2,
    0xff, 0xfc, 0x0, 0x0, 0x0, 0x0, 0x0, 0x3f,
    0xff, 0xc0, 0x0, 0x2, 0xff, 0xfc, 0x0, 0x0,
    0x0, 0x0, 0x0, 0x3f, 0xff, 0xc0, 0x0, 0x3,
    0xff, 0xfc, 0x0, 0x0, 0x0, 0x0, 0x0, 0x3f,
    0xff, 0x80, 0x0, 0x3, 0xff, 0xfc, 0x0, 0x0,
    0x3, 0xff, 0xff, 0xff, 0xff, 0xff, 0xff, 0xff,
    0xff, 0xff, 0xff, 0xff, 0x3, 0xff, 0xff, 0xff,
    0xff, 0xff, 0xff, 0xff, 0xff, 0xff, 0xff, 0xff,
    0x3, 0xff, 0xff, 0xff, 0xff, 0xff, 0xff, 0xff,
    0xff, 0xff, 0xff, 0xff, 0x3, 0xff, 0xff, 0xff,
    0xff, 0xff, 0xff, 0xff, 0xff, 0xff, 0xff, 0xff,
    0x3, 0xff, 0xff, 0xff, 0xff, 0xff, 0xff, 0xff,
    0xff, 0xff, 0xff, 0xff, 0x3, 0xff, 0xff, 0xff,
    0xff, 0xff, 0xff, 0xff, 0xff, 0xff, 0xff, 0xff,
    0x3, 0xff, 0xff, 0xff, 0xff, 0xff, 0xff, 0xff,
    0xff, 0xff, 0xff, 0xff, 0x2, 0xaa, 0xaa, 0xff,
    0xff, 0xaa, 0xaa, 0xaf, 0xff, 0xfa, 0xaa, 0xaa,
    0x0, 0x0, 0x1, 0xff, 0xfe, 0x0, 0x0, 0xf,
    0xff, 0xf0, 0x0, 0x0, 0x0, 0x0, 0x1, 0xff,
    0xfd, 0x0, 0x0, 0x1f, 0xff, 0xe0, 0x0, 0x0,
    0x0, 0x0, 0x2, 0xff, 0xfd, 0x0, 0x0, 0x1f,
    0xff, 0xe0, 0x0, 0x0, 0x0, 0x0, 0x2, 0xff,
    0xfc, 0x0, 0x0, 0x2f, 0xff, 0xd0, 0x0, 0x0,
    0x0, 0x0, 0x3, 0xff, 0xfc, 0x0, 0x0, 0x2f,
    0xff, 0xd0, 0x0, 0x0, 0x0, 0x0, 0x3, 0xff,
    0xfc, 0x0, 0x0, 0x3f, 0xff, 0xc0, 0x0, 0x0,
    0x0, 0x0, 0x3, 0xff, 0xfc, 0x0, 0x0, 0x3f,
    0xff, 0xc0, 0x0, 0x0, 0x0, 0x0, 0x3, 0xff,
    0xf8, 0x0, 0x0, 0x3f, 0xff, 0xc0, 0x0, 0x0,
    0x0, 0x0, 0x7, 0xff, 0xf8, 0x0, 0x0, 0x3f,
    0xff, 0xc0, 0x0, 0x0, 0x0, 0x0, 0x7, 0xff,
    0xf4, 0x0, 0x0, 0x7f, 0xff, 0x80, 0x0, 0x0,
    0x6a, 0xaa, 0xaf, 0xff, 0xfa, 0xaa, 0xaa, 0xbf,
    0xff, 0xea, 0xaa, 0x90, 0xbf, 0xff, 0xff, 0xff,
    0xff, 0xff, 0xff, 0xff, 0xff, 0xff, 0xff, 0xe0,
    0xbf, 0xff, 0xff, 0xff, 0xff, 0xff, 0xff, 0xff,
    0xff, 0xff, 0xff, 0xe0, 0xbf, 0xff, 0xff, 0xff,
    0xff, 0xff, 0xff, 0xff, 0xff, 0xff, 0xff, 0xe0,
    0xbf, 0xff, 0xff, 0xff, 0xff, 0xff, 0xff, 0xff,
    0xff, 0xff, 0xff, 0xe0, 0xbf, 0xff, 0xff, 0xff,
    0xff, 0xff, 0xff, 0xff, 0xff, 0xff, 0xff, 0xe0,
    0xbf, 0xff, 0xff, 0xff, 0xff, 0xff, 0xff, 0xff,
    0xff, 0xff, 0xff, 0xe0, 0xbf, 0xff, 0xff, 0xff,
    0xff, 0xff, 0xff, 0xff, 0xff, 0xff, 0xff, 0xe0,
    0x0, 0x0, 0x2f, 0xff, 0xd0, 0x0, 0x1, 0xff,
    0xfe, 0x0, 0x0, 0x0, 0x0, 0x0, 0x2f, 0xff,
    0xc0, 0x0, 0x2, 0xff, 0xfd, 0x0, 0x0, 0x0,
    0x0, 0x0, 0x3f, 0xff, 0xc0, 0x0, 0x2, 0xff,
    0xfd, 0x0, 0x0, 0x0, 0x0, 0x0, 0x3f, 0xff,
    0xc0, 0x0, 0x3, 0xff, 0xfc, 0x0, 0x0, 0x0,
    0x0, 0x0, 0x3f, 0xff, 0xc0, 0x0, 0x3, 0xff,
    0xfc, 0x0, 0x0, 0x0, 0x0, 0x0, 0x3f, 0xff,
    0x80, 0x0, 0x3, 0xff, 0xfc, 0x0, 0x0, 0x0,
    0x0, 0x0, 0x7f, 0xff, 0x80, 0x0, 0x3, 0xff,
    0xfc, 0x0, 0x0, 0x0, 0x0, 0x0, 0x7f, 0xff,
    0x40, 0x0, 0x7, 0xff, 0xf8, 0x0, 0x0, 0x0,
    0x0, 0x0, 0xbf, 0xff, 0x40, 0x0, 0x7, 0xff,
    0xf8, 0x0, 0x0, 0x0, 0x0, 0x0, 0xbf, 0xff,
    0x0, 0x0, 0xb, 0xff, 0xf4, 0x0, 0x0, 0x0,
    0x0, 0x0, 0xff, 0xff, 0x0, 0x0, 0xb, 0xff,
    0xf4, 0x0, 0x0, 0x0,

    /* U+0024 "$" */
    0x0, 0x0, 0x0, 0x0, 0x6, 0xaa, 0x80, 0x0,
    0x0, 0x0, 0x0, 0x0, 0x0, 0x0, 0x0, 0xff,
    0xfd, 0x0, 0x0, 0x0, 0x0, 0x0, 0x0, 0x0,
    0x0, 0xf, 0xff, 0xd0, 0x0, 0x0, 0x0, 0x0,
    0x0, 0x0, 0x0, 0x0, 0xff, 0xfd, 0x0, 0x0,
    0x0, 0x0, 0x0, 0x0, 0x0, 0x0, 0xf, 0xff,
    0xd0, 0x0, 0x0, 0x0, 0x0, 0x0, 0x0, 0x0,
    0x0, 0xff, 0xfd, 0x0, 0x0, 0x0, 0x0, 0x0,
    0x0, 0x0, 0x0, 0xf, 0xff, 0xd0, 0x0, 0x0,
    0x0, 0x0, 0x0, 0x0, 0x0, 0x0, 0xff, 0xfd,
    0x0, 0x0, 0x0, 0x0, 0x0, 0x0, 0x0, 0x1,
    0xaf, 0xff, 0xfe, 0x90, 0x0, 0x0, 0x0, 0x0,
    0x0, 0xb, 0xff, 0xff, 0xff, 0xff, 0xf9, 0x0,
    0x0, 0x0, 0x0, 0xb, 0xff, 0xff, 0xff, 0xff,
    0xff, 0xfe, 0x40, 0x0, 0x0, 0xb, 0xff, 0xff,
    0xff, 0xff, 0xff, 0xff, 0xff, 0x40, 0x0, 0x3,
    0xff, 0xff, 0xff, 0xff, 0xff, 0xff, 0xff, 0xfd,
    0x0, 0x0, 0xff, 0xff, 0xff, 0xff, 0xff, 0xff,
    0xff, 0xff, 0xc0, 0x0, 0x3f, 0xff, 0xff, 0xff,
    0xff, 0xff, 0xff, 0xff, 0xf8, 0x0, 0xb, 0xff,
    0xff, 0xff, 0xff, 0xff, 0xff, 0xff, 0xff, 0x40,
    0x1, 0xff, 0xff, 0xff, 0xff, 0xff, 0xff, 0xff,
    0xff, 0xf0, 0x0, 0x3f, 0xff, 0xff, 0xfe, 0xff,
    0xfd, 0x6f, 0xff, 0xfd, 0x0, 0x3, 0xff, 0xff,
    0xfe, 0xf, 0xff, 0xd0, 0x6, 0xff, 0xc0, 0x0,
    0xbf, 0xff, 0xff, 0x40, 0xff, 0xfd, 0x0, 0x2,
    0xf8, 0x0, 0xf, 0xff, 0xff, 0xe0, 0xf, 0xff,
    0xd0, 0x0, 0x2, 0x0, 0x0, 0xff, 0xff, 0xfd,
    0x0, 0xff, 0xfd, 0x0, 0x0, 0x0, 0x0, 0xf,
    0xff, 0xff, 0xc0, 0xf, 0xff, 0xd0, 0x0, 0x0,
    0x0, 0x0, 0xff, 0xff, 0xfd, 0x0, 0xff, 0xfd,
    0x0, 0x0, 0x0, 0x0, 0xf, 0xff, 0xff, 0xe0,
    0xf, 0xff, 0xd0, 0x0, 0x0, 0x0, 0x0, 0xff,
    0xff, 0xff, 0x80, 0xff, 0xfd, 0x0, 0x0, 0x0,
    0x0, 0xb, 0xff, 0xff, 0xff, 0x4f, 0xff, 0xd0,
    0x0, 0x0, 0x0, 0x0, 0x7f, 0xff, 0xff, 0xff,
    0xff, 0xfd, 0x0, 0x0, 0x0, 0x0, 0x3, 0xff,
    0xff, 0xff, 0xff, 0xff, 0xd0, 0x0, 0x0, 0x0,
    0x0, 0x2f, 0xff, 0xff, 0xff, 0xff, 0xff, 0x90,
    0x0, 0x0, 0x0, 0x0, 0xff, 0xff, 0xff, 0xff,
    0xff, 0xff, 0xf4, 0x0, 0x0, 0x0, 0x3, 0xff,
    0xff, 0xff, 0xff, 0xff, 0xff, 0xfd, 0x0, 0x0,
    0x0, 0xf, 0xff, 0xff, 0xff, 0xff, 0xff, 0xff,
    0xfd, 0x0, 0x0, 0x0, 0x2f, 0xff, 0xff, 0xff,
    0xff, 0xff, 0xff, 0xf8, 0x0, 0x0, 0x0, 0x2f,
    0xff, 0xff, 0xff, 0xff, 0xff, 0xff, 0xf0, 0x0,
    0x0, 0x0, 0x2f, 0xff, 0xff, 0xff, 0xff, 0xff,
    0xff, 0xc0, 0x0, 0x0, 0x0, 0x1b, 0xff, 0xff,
    0xff, 0xff, 0xff, 0xfe, 0x0, 0x0, 0x0, 0x0,
    0x1, 0xff, 0xff, 0xff, 0xff, 0xff, 0xf4, 0x0,
    0x0, 0x0, 0x0, 0xf, 0xff, 0xff, 0xff, 0xff,
    0xff, 0xc0, 0x0, 0x0, 0x0, 0x0, 0xff, 0xfe,
    0xff, 0xff, 0xff, 0xfc, 0x0, 0x0, 0x0, 0x0,
    0xf, 0xff, 0xd1, 0xff, 0xff, 0xff, 0xd0, 0x0,
    0x0, 0x0, 0x0, 0xff, 0xfd, 0x2, 0xff, 0xff,
    0xfe, 0x0, 0x0, 0x0, 0x0, 0xf, 0xff, 0xd0,
    0xf, 0xff, 0xff, 0xe0, 0x0, 0x0, 0x0, 0x0,
    0xff, 0xfd, 0x0, 0xbf, 0xff, 0xfe, 0x0, 0x0,
    0x0, 0x0, 0xf, 0xff, 0xd0, 0xb, 0xff, 0xff,
    0xe0, 0xb, 0x80, 0x0, 0x0, 0xff, 0xfd, 0x0,
    0xff, 0xff, 0xfe, 0x0, 0xff, 0x40, 0x0, 0xf,
    0xff, 0xd0, 0x1f, 0xff, 0xff, 0xd0, 0x2f, 0xff,
    0x80, 0x0, 0xff, 0xfd, 0x3, 0xff, 0xff, 0xfc,
    0x3, 0xff, 0xff, 0xe4, 0xf, 0xff, 0xd2, 0xff,
    0xff, 0xff, 0x80, 0xbf, 0xff, 0xff, 0xff, 0xff,
    0xff, 0xff, 0xff, 0xff, 0xf0, 0xf, 0xff, 0xff,
    0xff, 0xff, 0xff, 0xff, 0xff, 0xff, 0xfe, 0x1,
    0xff, 0xff, 0xff, 0xff, 0xff, 0xff, 0xff, 0xff,
    0xff, 0xc0, 0x3f, 0xff, 0xff, 0xff, 0xff, 0xff,
    0xff, 0xff, 0xff, 0xf0, 0x1, 0xff, 0xff, 0xff,
    0xff, 0xff, 0xff, 0xff, 0xff, 0xfc, 0x0, 0x1,
    0xff, 0xff, 0xff, 0xff, 0xff, 0xff, 0xff, 0xfe,
    0x0, 0x0, 0x1, 0xff, 0xff, 0xff, 0xff, 0xff,
    0xff, 0xff, 0x40, 0x0, 0x0, 0x0, 0xbf, 0xff,
    0xff, 0xff, 0xff, 0xff, 0x40, 0x0, 0x0, 0x0,
    0x0, 0x1b, 0xff, 0xff, 0xff, 0xf9, 0x0, 0x0,
    0x0, 0x0, 0x0, 0x0, 0x0, 0x5f, 0xff, 0xd0,
    0x0, 0x0, 0x0, 0x0, 0x0, 0x0, 0x0, 0x0,
    0xff, 0xfd, 0x0, 0x0, 0x0, 0x0, 0x0, 0x0,
    0x0, 0x0, 0xf, 0xff, 0xd0, 0x0, 0x0, 0x0,
    0x0, 0x0, 0x0, 0x0, 0x0, 0xff, 0xfd, 0x0,
    0x0, 0x0, 0x0, 0x0, 0x0, 0x0, 0x0, 0xf,
    0xff, 0xd0, 0x0, 0x0, 0x0, 0x0, 0x0, 0x0,
    0x0, 0x0, 0xff, 0xfd, 0x0, 0x0, 0x0, 0x0,
    0x0, 0x0, 0x0, 0x0, 0xf, 0xff, 0xd0, 0x0,
    0x0, 0x0, 0x0, 0x0, 0x0, 0x0, 0x0, 0xff,
    0xfd, 0x0, 0x0, 0x0, 0x0,

    /* U+0025 "%" */
    0x0, 0x0, 0x2f, 0xff, 0x80, 0x0, 0x0, 0x0,
    0x0, 0x0, 0x5, 0x55, 0x50, 0x0, 0x0, 0x0,
    0xb, 0xff, 0xff, 0xf0, 0x0, 0x0, 0x0, 0x0,
    0x0, 0x7f, 0xff, 0xc0, 0x0, 0x0, 0x1, 0xff,
    0xff, 0xff, 0xf8, 0x0, 0x0, 0x0, 0x0, 0x3,
    0xff, 0xfd, 0x0, 0x0, 0x0, 0x2f, 0xff, 0xff,
    0xff, 0xf8, 0x0, 0x0, 0x0, 0x0, 0x3f, 0xff,
    0xe0, 0x0, 0x0, 0x1, 0xff, 0xff, 0xff, 0xff,
    0xf8, 0x0, 0x0, 0x0, 0x1, 0xff, 0xff, 0x0,
    0x0, 0x0, 0xf, 0xff, 0xff, 0xff, 0xff, 0xf0,
    0x0, 0x0, 0x0, 0xf, 0xff, 0xf0, 0x0, 0x0,
    0x0, 0xbf, 0xff, 0x80, 0x1f, 0xff, 0xe0, 0x0,
    0x0, 0x0, 0xff, 0xff, 0x40, 0x0, 0x0, 0x3,
    0xff, 0xf8, 0x0, 0x1f, 0xff, 0xc0, 0x0, 0x0,
    0xb, 0xff, 0xfc, 0x0, 0x0, 0x0, 0x1f, 0xff,
    0xc0, 0x0, 0x2f, 0xff, 0x80, 0x0, 0x0, 0x3f,
    0xff, 0xc0, 0x0, 0x0, 0x0, 0xbf, 0xfd, 0x0,
    0x0, 0x7f, 0xff, 0x0, 0x0, 0x3, 0xff, 0xfd,
    0x0, 0x0, 0x0, 0x3, 0xff, 0xf0, 0x0, 0x0,
    0xff, 0xfc, 0x0, 0x0, 0x2f, 0xff, 0xe0, 0x0,
    0x0, 0x0, 0xf, 0xff, 0xc0, 0x0, 0x3, 0xff,
    0xf0, 0x0, 0x1, 0xff, 0xff, 0x0, 0x0, 0x0,
    0x0, 0x3f, 0xff, 0x0, 0x0, 0xf, 0xff, 0xc0,
    0x0, 0xf, 0xff, 0xf4, 0x0, 0x0, 0x0, 0x0,
    0xff, 0xfc, 0x0, 0x0, 0x3f, 0xff, 0x0, 0x0,
    0xbf, 0xff, 0x80, 0x0, 0x0, 0x0, 0x3, 0xff,
    0xf0, 0x0, 0x0, 0xff, 0xfc, 0x0, 0x7, 0xff,
    0xfc, 0x0, 0x0, 0x0, 0x0, 0xf, 0xff, 0xc0,
    0x0, 0x3, 0xff, 0xf0, 0x0, 0x3f, 0xff, 0xd0,
    0x0, 0x0, 0x0, 0x0, 0x3f, 0xff, 0x40, 0x0,
    0xf, 0xff, 0xc0, 0x2, 0xff, 0xfe, 0x0, 0x0,
    0x0, 0x0, 0x0, 0xbf, 0xfe, 0x0, 0x0, 0x7f,
    0xfe, 0x0, 0x1f, 0xff, 0xf0, 0x0, 0x0, 0x0,
    0x0, 0x1, 0xff, 0xfc, 0x0, 0x3, 0xff, 0xf4,
    0x0, 0xff, 0xff, 0x0, 0x0, 0x0, 0x0, 0x0,
    0x3, 0xff, 0xf8, 0x0, 0x2f, 0xff, 0xc0, 0xf,
    0xff, 0xf8, 0x0, 0x0, 0x0, 0x0, 0x0, 0x7,
    0xff, 0xfd, 0x2, 0xff, 0xfe, 0x0, 0xbf, 0xff,
    0xc0, 0x0, 0x0, 0x0, 0x0, 0x0, 0xf, 0xff,
    0xff, 0xff, 0xff, 0xf0, 0x3, 0xff, 0xfc, 0x0,
    0x0, 0x0, 0x0, 0x0, 0x0, 0xf, 0xff, 0xff,
    0xff, 0xff, 0x40, 0x3f, 0xff, 0xd0, 0x0, 0x1a,
    0xa9, 0x0, 0x0, 0x0, 0x1f, 0xff, 0xff, 0xff,
    0xf4, 0x2, 0xff, 0xfe, 0x0, 0x1f, 0xff, 0xff,
    0x80, 0x0, 0x0, 0xf, 0xff, 0xff, 0xff, 0x40,
    0x1f, 0xff, 0xf0, 0x2, 0xff, 0xff, 0xff, 0xd0,
    0x0, 0x0, 0x7, 0xff, 0xff, 0xe0, 0x0, 0xff,
    0xff, 0x40, 0x3f, 0xff, 0xff, 0xff, 0xe0, 0x0,
    0x0, 0x0, 0x6a, 0xa4, 0x0, 0xb, 0xff, 0xf8,
    0x3, 0xff, 0xff, 0xff, 0xff, 0xe0, 0x0, 0x0,
    0x0, 0x0, 0x0, 0x0, 0x7f, 0xff, 0xc0, 0x2f,
    0xff, 0xff, 0xff, 0xff, 0xd0, 0x0, 0x0, 0x0,
    0x0, 0x0, 0x3, 0xff, 0xfd, 0x0, 0xff, 0xff,
    0x40, 0xbf, 0xff, 0xc0, 0x0, 0x0, 0x0, 0x0,
    0x0, 0x2f, 0xff, 0xe0, 0xb, 0xff, 0xf0, 0x0,
    0x7f, 0xff, 0x40, 0x0, 0x0, 0x0, 0x0, 0x1,
    0xff, 0xff, 0x0, 0x3f, 0xff, 0x40, 0x0, 0xbf,
    0xfe, 0x0, 0x0, 0x0, 0x0, 0x0, 0xf, 0xff,
    0xf0, 0x1, 0xff, 0xfc, 0x0, 0x0, 0xff, 0xfc,
    0x0, 0x0, 0x0, 0x0, 0x0, 0xff, 0xff, 0x80,
    0xb, 0xff, 0xe0, 0x0, 0x3, 0xff, 0xf0, 0x0,
    0x0, 0x0, 0x0, 0x7, 0xff, 0xfc, 0x0, 0x2f,
    0xff, 0x40, 0x0, 0xb, 0xff, 0xd0, 0x0, 0x0,
    0x0, 0x0, 0x3f, 0xff, 0xc0, 0x0, 0xbf, 0xfd,
    0x0, 0x0, 0x2f, 0xff, 0x40, 0x0, 0x0, 0x0,
    0x3, 0xff, 0xfd, 0x0, 0x3, 0xff, 0xf0, 0x0,
    0x0, 0xbf, 0xfd, 0x0, 0x0, 0x0, 0x0, 0x2f,
    0xff, 0xf0, 0x0, 0xf, 0xff, 0xc0, 0x0, 0x2,
    0xff, 0xf4, 0x0, 0x0, 0x0, 0x1, 0xff, 0xff,
    0x0, 0x0, 0x2f, 0xff, 0x40, 0x0, 0xb, 0xff,
    0xd0, 0x0, 0x0, 0x0, 0xf, 0xff, 0xf4, 0x0,
    0x0, 0xbf, 0xfd, 0x0, 0x0, 0x3f, 0xff, 0x40,
    0x0, 0x0, 0x0, 0xbf, 0xff, 0x80, 0x0, 0x1,
    0xff, 0xf8, 0x0, 0x0, 0xff, 0xfc, 0x0, 0x0,
    0x0, 0x7, 0xff, 0xfc, 0x0, 0x0, 0x3, 0xff,
    0xf0, 0x0, 0x7, 0xff, 0xf0, 0x0, 0x0, 0x0,
    0x3f, 0xff, 0xd0, 0x0, 0x0, 0xf, 0xff, 0xd0,
    0x0, 0x3f, 0xff, 0x80, 0x0, 0x0, 0x2, 0xff,
    0xfe, 0x0, 0x0, 0x0, 0x2f, 0xff, 0xd0, 0x2,
    0xff, 0xfc, 0x0, 0x0, 0x0, 0x1f, 0xff, 0xf0,
    0x0, 0x0, 0x0, 0x3f, 0xff, 0xe4, 0x7f, 0xff,
    0xf0, 0x0, 0x0, 0x0, 0xff, 0xff, 0x0, 0x0,
    0x0, 0x0, 0x7f, 0xff, 0xff, 0xff, 0xff, 0x0,
    0x0, 0x0, 0xf, 0xff, 0xf8, 0x0, 0x0, 0x0,
    0x0, 0xbf, 0xff, 0xff, 0xff, 0xf4, 0x0, 0x0,
    0x0, 0x7f, 0xff, 0xc0, 0x0, 0x0, 0x0, 0x0,
    0xbf, 0xff, 0xff, 0xff, 0x40, 0x0, 0x0, 0x3,
    0xff, 0xfc, 0x0, 0x0, 0x0, 0x0, 0x0, 0x7f,
    0xff, 0xff, 0xf4, 0x0, 0x0, 0x0, 0x3f, 0xff,
    0xd0, 0x0, 0x0, 0x0, 0x0, 0x0, 0x2f, 0xff,
    0xfd, 0x0, 0x0, 0x0, 0x0, 0x0, 0x0, 0x0,
    0x0, 0x0, 0x0, 0x0, 0x0, 0x1, 0x55, 0x0,
    0x0, 0x0,

    /* U+0026 "&" */
    0x0, 0x0, 0x0, 0x0, 0x1, 0x55, 0x0, 0x0,
    0x0, 0x0, 0x0, 0x0, 0x0, 0x0, 0x0, 0x6,
    0xff, 0xff, 0xfe, 0x0, 0x0, 0x0, 0x0, 0x0,
    0x0, 0x0, 0x0, 0x7f, 0xff, 0xff, 0xff, 0xe0,
    0x0, 0x0, 0x0, 0x0, 0x0, 0x0, 0x3, 0xff,
    0xff, 0xff, 0xff, 0xfe, 0x0, 0x0, 0x0, 0x0,
    0x0, 0x0, 0x1f, 0xff, 0xff, 0xff, 0xff, 0xff,
    0x80, 0x0, 0x0, 0x0, 0x0, 0x0, 0x7f, 0xff,
    0xff, 0xff, 0xff, 0xff, 0xe0, 0x0, 0x0, 0x0,
    0x0, 0x0, 0xff, 0xff, 0xff, 0xff, 0xff, 0xff,
    0xf4, 0x0, 0x0, 0x0, 0x0, 0x2, 0xff, 0xff,
    0xff, 0xff, 0xff, 0xff, 0xfc, 0x0, 0x0, 0x0,
    0x0, 0x3, 0xff, 0xff, 0xf9, 0x1, 0xbf, 0xff,
    0xfc, 0x0, 0x0, 0x0, 0x0, 0x7, 0xff, 0xff,
    0xd0, 0x0, 0x2f, 0xff, 0xfd, 0x0, 0x0, 0x0,
    0x0, 0xb, 0xff, 0xff, 0x80, 0x0, 0xf, 0xff,
    0xfe, 0x0, 0x0, 0x0, 0x0, 0xb, 0xff, 0xff,
    0x40, 0x0, 0xb, 0xff, 0xfe, 0x0, 0x0, 0x0,
    0x0, 0xb, 0xff, 0xff, 0x0, 0x0, 0xb, 0xff,
    0xfe, 0x0, 0x0, 0x0, 0x0, 0xb, 0xff, 0xff,
    0x40, 0x0, 0xf, 0xff, 0xfd, 0x0, 0x0, 0x0,
    0x0, 0xb, 0xff, 0xff, 0x80, 0x0, 0x2f, 0xff,
    0xfc, 0x0, 0x0, 0x0, 0x0, 0x7, 0xff, 0xff,
    0xc0, 0x0, 0x7f, 0xff, 0xfc, 0x0, 0x0, 0x0,
    0x0, 0x3, 0xff, 0xff, 0xf0, 0x2, 0xff, 0xff,
    0xf4, 0x0, 0x0, 0x0, 0x0, 0x2, 0xff, 0xff,
    0xfc, 0x1f, 0xff, 0xff, 0xf0, 0x0, 0x0, 0x0,
    0x0, 0x0, 0xff, 0xff, 0xff, 0xbf, 0xff, 0xff,
    0xc0, 0x0, 0x0, 0x0, 0x0, 0x0, 0x7f, 0xff,
    0xff, 0xff, 0xff, 0xff, 0x40, 0x0, 0x0, 0x0,
    0x0, 0x0, 0x2f, 0xff, 0xff, 0xff, 0xff, 0xfd,
    0x0, 0x0, 0x0, 0x0, 0x0, 0x0, 0xf, 0xff,
    0xff, 0xff, 0xff, 0xf0, 0x0, 0x0, 0x0, 0x0,
    0x0, 0x0, 0x3, 0xff, 0xff, 0xff, 0xff, 0x80,
    0x0, 0x0, 0x0, 0x0, 0x0, 0x0, 0xb, 0xff,
    0xff, 0xff, 0xf8, 0x0, 0x0, 0x0, 0x0, 0x0,
    0x0, 0x0, 0x7f, 0xff, 0xff, 0xff, 0xf8, 0x0,
    0x0, 0x0, 0x0, 0x0, 0x0, 0x3, 0xff, 0xff,
    0xff, 0xff, 0xfe, 0x0, 0x0, 0x3e, 0x40, 0x0,
    0x0, 0x1f, 0xff, 0xff, 0xff, 0xff, 0xff, 0x80,
    0x0, 0x3f, 0xf9, 0x0, 0x0, 0x7f, 0xff, 0xff,
    0xff, 0xff, 0xff, 0xe0, 0x0, 0x3f, 0xff, 0xf0,
    0x1, 0xff, 0xff, 0xff, 0xaf, 0xff, 0xff, 0xfc,
    0x0, 0xbf, 0xff, 0xf0, 0x3, 0xff, 0xff, 0xfd,
    0x7, 0xff, 0xff, 0xff, 0x0, 0xff, 0xff, 0xe0,
    0xb, 0xff, 0xff, 0xf0, 0x1, 0xff, 0xff, 0xff,
    0xc1, 0xff, 0xff, 0xd0, 0xf, 0xff, 0xff, 0xc0,
    0x0, 0x7f, 0xff, 0xff, 0xf2, 0xff, 0xff, 0xc0,
    0x2f, 0xff, 0xff, 0x0, 0x0, 0xf, 0xff, 0xff,
    0xff, 0xff, 0xff, 0x80, 0x3f, 0xff, 0xfe, 0x0,
    0x0, 0x3, 0xff, 0xff, 0xff, 0xff, 0xff, 0x40,
    0x3f, 0xff, 0xfd, 0x0, 0x0, 0x0, 0xff, 0xff,
    0xff, 0xff, 0xff, 0x0, 0x7f, 0xff, 0xfd, 0x0,
    0x0, 0x0, 0x3f, 0xff, 0xff, 0xff, 0xfd, 0x0,
    0x7f, 0xff, 0xfd, 0x0, 0x0, 0x0, 0xb, 0xff,
    0xff, 0xff, 0xfc, 0x0, 0x7f, 0xff, 0xfd, 0x0,
    0x0, 0x0, 0x2, 0xff, 0xff, 0xff, 0xf4, 0x0,
    0x7f, 0xff, 0xff, 0x0, 0x0, 0x0, 0x0, 0xbf,
    0xff, 0xff, 0xf0, 0x0, 0x7f, 0xff, 0xff, 0x80,
    0x0, 0x0, 0x0, 0x7f, 0xff, 0xff, 0xfc, 0x0,
    0x3f, 0xff, 0xff, 0xf0, 0x0, 0x0, 0x7, 0xff,
    0xff, 0xff, 0xff, 0x0, 0x2f, 0xff, 0xff, 0xfe,
    0x40, 0x1, 0xbf, 0xff, 0xff, 0xff, 0xff, 0xc0,
    0xf, 0xff, 0xff, 0xff, 0xff, 0xff, 0xff, 0xff,
    0xff, 0xff, 0xff, 0xf4, 0x7, 0xff, 0xff, 0xff,
    0xff, 0xff, 0xff, 0xff, 0xff, 0xff, 0xff, 0xfc,
    0x2, 0xff, 0xff, 0xff, 0xff, 0xff, 0xff, 0xff,
    0xff, 0xff, 0xff, 0xf8, 0x0, 0xbf, 0xff, 0xff,
    0xff, 0xff, 0xff, 0xff, 0xfd, 0xff, 0xff, 0xf0,
    0x0, 0x1f, 0xff, 0xff, 0xff, 0xff, 0xff, 0xff,
    0xe0, 0x3f, 0xff, 0xc0, 0x0, 0x3, 0xff, 0xff,
    0xff, 0xff, 0xff, 0xfe, 0x0, 0xb, 0xff, 0x0,
    0x0, 0x0, 0x6f, 0xff, 0xff, 0xff, 0xff, 0xe0,
    0x0, 0x2, 0xfc, 0x0, 0x0, 0x0, 0x1, 0xbf,
    0xff, 0xff, 0xf9, 0x0, 0x0, 0x0, 0xb4, 0x0,
    0x0, 0x0, 0x0, 0x1, 0x55, 0x54, 0x0, 0x0,
    0x0, 0x0, 0x0, 0x0,

    /* U+0027 "'" */
    0x7f, 0xff, 0xeb, 0xff, 0xfe, 0x7f, 0xff, 0xe7,
    0xff, 0xfe, 0x7f, 0xff, 0xe7, 0xff, 0xfe, 0x7f,
    0xff, 0xd7, 0xff, 0xfd, 0x7f, 0xff, 0xd3, 0xff,
    0xfd, 0x3f, 0xff, 0xd3, 0xff, 0xfd, 0x3f, 0xff,
    0xd3, 0xff, 0xfc, 0x3f, 0xff, 0xc3, 0xff, 0xfc,
    0x3f, 0xff, 0xc3, 0xff, 0xfc, 0x3f, 0xff, 0xc3,
    0xff, 0xfc,

    /* U+0028 "(" */
    0x0, 0x0, 0x0, 0x0, 0x0, 0x0, 0x0, 0xbf,
    0xff, 0xfc, 0x0, 0x0, 0xff, 0xff, 0xf4, 0x0,
    0x3, 0xff, 0xff, 0xf0, 0x0, 0x7, 0xff, 0xff,
    0xd0, 0x0, 0xf, 0xff, 0xff, 0xc0, 0x0, 0x1f,
    0xff, 0xff, 0x40, 0x0, 0x3f, 0xff, 0xff, 0x0,
    0x0, 0x3f, 0xff, 0xfe, 0x0, 0x0, 0xbf, 0xff,
    0xfc, 0x0, 0x0, 0xff, 0xff, 0xfc, 0x0, 0x1,
    0xff, 0xff, 0xf4, 0x0, 0x2, 0xff, 0xff, 0xf0,
    0x0, 0x3, 0xff, 0xff, 0xf0, 0x0, 0x7, 0xff,
    0xff, 0xd0, 0x0, 0xb, 0xff, 0xff, 0xc0, 0x0,
    0xf, 0xff, 0xff, 0xc0, 0x0, 0xf, 0xff, 0xff,
    0x80, 0x0, 0x1f, 0xff, 0xff, 0x40, 0x0, 0x2f,
    0xff, 0xff, 0x0, 0x0, 0x3f, 0xff, 0xff, 0x0,
    0x0, 0x3f, 0xff, 0xff, 0x0, 0x0, 0x3f, 0xff,
    0xfe, 0x0, 0x0, 0x3f, 0xff, 0xfe, 0x0, 0x0,
    0x7f, 0xff, 0xfd, 0x0, 0x0, 0x7f, 0xff, 0xfd,
    0x0, 0x0, 0xbf, 0xff, 0xfc, 0x0, 0x0, 0xbf,
    0xff, 0xfc, 0x0, 0x0, 0xbf, 0xff, 0xfc, 0x0,
    0x0, 0xff, 0xff, 0xfc, 0x0, 0x0, 0xff, 0xff,
    0xfc, 0x0, 0x0, 0xff, 0xff, 0xfc, 0x0, 0x0,
    0xff, 0xff, 0xfc, 0x0, 0x0, 0xff, 0xff, 0xfc,
    0x0, 0x0, 0xff, 0xff, 0xfc, 0x0, 0x0, 0xff,
    0xff, 0xfc, 0x0, 0x0, 0xff, 0xff, 0xfc, 0x0,
    0x0, 0xff, 0xff, 0xfc, 0x0, 0x0, 0xbf, 0xff,
    0xfc, 0x0, 0x0, 0xbf, 0xff, 0xfc, 0x0, 0x0,
    0xbf, 0xff, 0xfc, 0x0, 0x0, 0x7f, 0xff, 0xfd,
    0x0, 0x0, 0x7f, 0xff, 0xfd, 0x0, 0x0, 0x3f,
    0xff, 0xfe, 0x0, 0x0, 0x3f, 0xff, 0xfe, 0x0,
    0x0, 0x3f, 0xff, 0xff, 0x0, 0x0, 0x2f, 0xff,
    0xff, 0x0, 0x0, 0x2f, 0xff, 0xff, 0x0, 0x0,
    0x1f, 0xff, 0xff, 0x40, 0x0, 0xf, 0xff, 0xff,
    0x80, 0x0, 0xf, 0xff, 0xff, 0xc0, 0x0, 0xb,
    0xff, 0xff, 0xc0, 0x0, 0x7, 0xff, 0xff, 0xd0,
    0x0, 0x3, 0xff, 0xff, 0xf0, 0x0, 0x2, 0xff,
    0xff, 0xf0, 0x0, 0x1, 0xff, 0xff, 0xf4, 0x0,
    0x0, 0xff, 0xff, 0xfc, 0x0, 0x0, 0xbf, 0xff,
    0xfc, 0x0, 0x0, 0x3f, 0xff, 0xfe, 0x0, 0x0,
    0x2f, 0xff, 0xff, 0x0, 0x0, 0xf, 0xff, 0xff,
    0x80, 0x0, 0xf, 0xff, 0xff, 0xc0, 0x0, 0x3,
    0xff, 0xff, 0xd0, 0x0, 0x2, 0xff, 0xff, 0xf0,
    0x0, 0x0, 0xff, 0xff, 0xf4, 0x0, 0x0, 0x7f,
    0xff, 0xfc,

    /* U+0029 ")" */
    0x0, 0x0, 0x0, 0x0, 0x0, 0x3f, 0xff, 0xfe,
    0x0, 0x0, 0x1f, 0xff, 0xff, 0x0, 0x0, 0xf,
    0xff, 0xff, 0xc0, 0x0, 0x7, 0xff, 0xff, 0xd0,
    0x0, 0x3, 0xff, 0xff, 0xf0, 0x0, 0x1, 0xff,
    0xff, 0xf4, 0x0, 0x0, 0xff, 0xff, 0xfc, 0x0,
    0x0, 0x7f, 0xff, 0xfd, 0x0, 0x0, 0x3f, 0xff,
    0xfe, 0x0, 0x0, 0x2f, 0xff, 0xff, 0x0, 0x0,
    0x1f, 0xff, 0xff, 0x40, 0x0, 0xf, 0xff, 0xff,
    0xc0, 0x0, 0xb, 0xff, 0xff, 0xc0, 0x0, 0x7,
    0xff, 0xff, 0xd0, 0x0, 0x3, 0xff, 0xff, 0xe0,
    0x0, 0x3, 0xff, 0xff, 0xf0, 0x0, 0x2, 0xff,
    0xff, 0xf0, 0x0, 0x1, 0xff, 0xff, 0xf4, 0x0,
    0x0, 0xff, 0xff, 0xf8, 0x0, 0x0, 0xff, 0xff,
    0xfc, 0x0, 0x0, 0xff, 0xff, 0xfc, 0x0, 0x0,
    0xbf, 0xff, 0xfc, 0x0, 0x0, 0x7f, 0xff, 0xfd,
    0x0, 0x0, 0x7f, 0xff, 0xfd, 0x0, 0x0, 0x3f,
    0xff, 0xfe, 0x0, 0x0, 0x3f, 0xff, 0xfe, 0x0,
    0x0, 0x3f, 0xff, 0xfe, 0x0, 0x0, 0x3f, 0xff,
    0xff, 0x0, 0x0, 0x3f, 0xff, 0xff, 0x0, 0x0,
    0x3f, 0xff, 0xff, 0x0, 0x0, 0x3f, 0xff, 0xff,
    0x0, 0x0, 0x3f, 0xff, 0xff, 0x0, 0x0, 0x3f,
    0xff, 0xff, 0x0, 0x0, 0x3f, 0xff, 0xff, 0x0,
    0x0, 0x3f, 0xff, 0xff, 0x0, 0x0, 0x3f, 0xff,
    0xff, 0x0, 0x0, 0x3f, 0xff, 0xff, 0x0, 0x0,
    0x3f, 0xff, 0xff, 0x0, 0x0, 0x3f, 0xff, 0xfe,
    0x0, 0x0, 0x3f, 0xff, 0xfe, 0x0, 0x0, 0x3f,
    0xff, 0xfe, 0x0, 0x0, 0x7f, 0xff, 0xfd, 0x0,
    0x0, 0x7f, 0xff, 0xfd, 0x0, 0x0, 0xbf, 0xff,
    0xfc, 0x0, 0x0, 0xff, 0xff, 0xfc, 0x0, 0x0,
    0xff, 0xff, 0xfc, 0x0, 0x0, 0xff, 0xff, 0xf8,
    0x0, 0x1, 0xff, 0xff, 0xf4, 0x0, 0x2, 0xff,
    0xff, 0xf0, 0x0, 0x3, 0xff, 0xff, 0xf0, 0x0,
    0x3, 0xff, 0xff, 0xe0, 0x0, 0x7, 0xff, 0xff,
    0xd0, 0x0, 0xb, 0xff, 0xff, 0xc0, 0x0, 0xf,
    0xff, 0xff, 0xc0, 0x0, 0x1f, 0xff, 0xff, 0x40,
    0x0, 0x3f, 0xff, 0xff, 0x0, 0x0, 0x3f, 0xff,
    0xfe, 0x0, 0x0, 0xbf, 0xff, 0xfc, 0x0, 0x0,
    0xff, 0xff, 0xfc, 0x0, 0x1, 0xff, 0xff, 0xf4,
    0x0, 0x3, 0xff, 0xff, 0xf0, 0x0, 0x7, 0xff,
    0xff, 0xd0, 0x0, 0xf, 0xff, 0xff, 0x80, 0x0,
    0x1f, 0xff, 0xff, 0x0, 0x0, 0x3f, 0xff, 0xfd,
    0x0, 0x0,

    /* U+002A "*" */
    0x0, 0x0, 0x0, 0x55, 0x50, 0x0, 0x0, 0x0,
    0x0, 0x0, 0xf, 0xff, 0x40, 0x0, 0x0, 0x0,
    0x0, 0x0, 0xff, 0xf4, 0x0, 0x0, 0x0, 0x0,
    0x0, 0xf, 0xff, 0x40, 0x0, 0x0, 0x0, 0x40,
    0x0, 0xff, 0xf4, 0x0, 0x10, 0x0, 0x1f, 0x40,
    0xf, 0xff, 0x40, 0xb, 0x80, 0x3, 0xfe, 0x0,
    0xff, 0xf4, 0x7, 0xfd, 0x0, 0xbf, 0xfd, 0xf,
    0xff, 0x47, 0xff, 0xf0, 0xf, 0xff, 0xfd, 0xff,
    0xf6, 0xff, 0xff, 0x42, 0xff, 0xff, 0xff, 0xff,
    0xff, 0xff, 0xfc, 0x1f, 0xff, 0xff, 0xff, 0xff,
    0xff, 0xff, 0x80, 0x2f, 0xff, 0xff, 0xff, 0xff,
    0xff, 0x80, 0x0, 0x2f, 0xff, 0xff, 0xff, 0xff,
    0xd0, 0x0, 0x0, 0x2f, 0xff, 0xff, 0xff, 0xd0,
    0x0, 0x0, 0x0, 0xff, 0xff, 0xff, 0xf4, 0x0,
    0x0, 0x0, 0xbf, 0xff, 0xff, 0xff, 0xf4, 0x0,
    0x0, 0xbf, 0xff, 0xff, 0xff, 0xff, 0xe0, 0x0,
    0x7f, 0xff, 0xff, 0xff, 0xff, 0xff, 0xe0, 0x3f,
    0xff, 0xff, 0xff, 0xff, 0xff, 0xff, 0xc1, 0xff,
    0xff, 0xff, 0xff, 0xff, 0xff, 0xfc, 0xf, 0xff,
    0xf4, 0xff, 0xf4, 0xff, 0xff, 0x0, 0x7f, 0xf8,
    0xf, 0xff, 0x41, 0xff, 0xe0, 0x2, 0xfc, 0x0,
    0xff, 0xf4, 0x2, 0xfc, 0x0, 0xd, 0x0, 0xf,
    0xff, 0x40, 0x3, 0x40, 0x0, 0x0, 0x0, 0xff,
    0xf4, 0x0, 0x0, 0x0, 0x0, 0x0, 0xf, 0xff,
    0x40, 0x0, 0x0, 0x0, 0x0, 0x0, 0xff, 0xf4,
    0x0, 0x0, 0x0, 0x0, 0x0, 0xf, 0xff, 0x40,
    0x0, 0x0,

    /* U+002B "+" */
    0x0, 0x0, 0x0, 0x6a, 0xaa, 0x80, 0x0, 0x0,
    0x0, 0x0, 0x0, 0xb, 0xff, 0xfd, 0x0, 0x0,
    0x0, 0x0, 0x0, 0x0, 0xbf, 0xff, 0xd0, 0x0,
    0x0, 0x0, 0x0, 0x0, 0xb, 0xff, 0xfd, 0x0,
    0x0, 0x0, 0x0, 0x0, 0x0, 0xbf, 0xff, 0xd0,
    0x0, 0x0, 0x0, 0x0, 0x0, 0xb, 0xff, 0xfd,
    0x0, 0x0, 0x0, 0x0, 0x0, 0x0, 0xbf, 0xff,
    0xd0, 0x0, 0x0, 0x0, 0x0, 0x0, 0xb, 0xff,
    0xfd, 0x0, 0x0, 0x0, 0x0, 0x0, 0x0, 0xbf,
    0xff, 0xd0, 0x0, 0x0, 0x0, 0x0, 0x0, 0xb,
    0xff, 0xfd, 0x0, 0x0, 0x0, 0x0, 0x0, 0x0,
    0xbf, 0xff, 0xd0, 0x0, 0x0, 0x0, 0x0, 0x0,
    0xb, 0xff, 0xfd, 0x0, 0x0, 0x0, 0x6a, 0xaa,
    0xaa, 0xff, 0xff, 0xea, 0xaa, 0xaa, 0x9b, 0xff,
    0xff, 0xff, 0xff, 0xff, 0xff, 0xff, 0xfe, 0xbf,
    0xff, 0xff, 0xff, 0xff, 0xff, 0xff, 0xff, 0xeb,
    0xff, 0xff, 0xff, 0xff, 0xff, 0xff, 0xff, 0xfe,
    0xbf, 0xff, 0xff, 0xff, 0xff, 0xff, 0xff, 0xff,
    0xeb, 0xff, 0xff, 0xff, 0xff, 0xff, 0xff, 0xff,
    0xfe, 0xbf, 0xff, 0xff, 0xff, 0xff, 0xff, 0xff,
    0xff, 0xeb, 0xff, 0xff, 0xff, 0xff, 0xff, 0xff,
    0xff, 0xfe, 0xbf, 0xff, 0xff, 0xff, 0xff, 0xff,
    0xff, 0xff, 0xe0, 0x0, 0x0, 0xb, 0xff, 0xfd,
    0x0, 0x0, 0x0, 0x0, 0x0, 0x0, 0xbf, 0xff,
    0xd0, 0x0, 0x0, 0x0, 0x0, 0x0, 0xb, 0xff,
    0xfd, 0x0, 0x0, 0x0, 0x0, 0x0, 0x0, 0xbf,
    0xff, 0xd0, 0x0, 0x0, 0x0, 0x0, 0x0, 0xb,
    0xff, 0xfd, 0x0, 0x0, 0x0, 0x0, 0x0, 0x0,
    0xbf, 0xff, 0xd0, 0x0, 0x0, 0x0, 0x0, 0x0,
    0xb, 0xff, 0xfd, 0x0, 0x0, 0x0, 0x0, 0x0,
    0x0, 0xbf, 0xff, 0xd0, 0x0, 0x0, 0x0, 0x0,
    0x0, 0xb, 0xff, 0xfd, 0x0, 0x0, 0x0, 0x0,
    0x0, 0x0, 0xbf, 0xff, 0xd0, 0x0, 0x0, 0x0,
    0x0, 0x0, 0xb, 0xff, 0xfd, 0x0, 0x0, 0x0,
    0x0, 0x0, 0x0, 0xbf, 0xff, 0xd0, 0x0, 0x0,
    0x0,

    /* U+002C "," */
    0x0, 0x0, 0x0, 0x0, 0xb, 0xff, 0x40, 0x7,
    0xff, 0xff, 0x1, 0xff, 0xff, 0xfc, 0x3f, 0xff,
    0xff, 0xd7, 0xff, 0xff, 0xfe, 0x7f, 0xff, 0xff,
    0xfb, 0xff, 0xff, 0xff, 0x7f, 0xff, 0xff, 0xf7,
    0xff, 0xff, 0xff, 0x3f, 0xff, 0xff, 0xe1, 0xff,
    0xff, 0xfc, 0x7, 0xff, 0xff, 0xc0, 0xf, 0xff,
    0xf4, 0x0, 0xff, 0xff, 0x0, 0x1f, 0xff, 0xe0,
    0x2, 0xff, 0xfd, 0x0, 0x3f, 0xff, 0xc0, 0x3,
    0xff, 0xf4, 0x0, 0x7f, 0xff, 0x0, 0xb, 0xff,
    0xe0, 0x0, 0xff, 0xfd, 0x0, 0x1f, 0xff, 0xc0,
    0x2, 0xff, 0xf4, 0x0, 0x1a, 0xaa, 0x0, 0x0,

    /* U+002D "-" */
    0x2a, 0xaa, 0xaa, 0xaa, 0xaa, 0x5f, 0xff, 0xff,
    0xff, 0xff, 0xd7, 0xff, 0xff, 0xff, 0xff, 0xf5,
    0xff, 0xff, 0xff, 0xff, 0xfd, 0x7f, 0xff, 0xff,
    0xff, 0xff, 0x5f, 0xff, 0xff, 0xff, 0xff, 0xd7,
    0xff, 0xff, 0xff, 0xff, 0xf5, 0xff, 0xff, 0xff,
    0xff, 0xfd, 0x7f, 0xff, 0xff, 0xff, 0xff, 0x40,

    /* U+002E "." */
    0x0, 0x0, 0x0, 0x0, 0xb, 0xfe, 0x0, 0x7,
    0xff, 0xfe, 0x1, 0xff, 0xff, 0xf8, 0x3f, 0xff,
    0xff, 0xc7, 0xff, 0xff, 0xfe, 0xbf, 0xff, 0xff,
    0xfb, 0xff, 0xff, 0xff, 0xbf, 0xff, 0xff, 0xf7,
    0xff, 0xff, 0xfe, 0x3f, 0xff, 0xff, 0xd2, 0xff,
    0xff, 0xfc, 0xb, 0xff, 0xff, 0x0, 0x1f, 0xff,
    0x80, 0x0, 0x15, 0x40, 0x0,

    /* U+002F "/" */
    0x0, 0x0, 0x0, 0x0, 0x0, 0x0, 0xaa, 0xaa,
    0x80, 0x0, 0x0, 0x0, 0x0, 0x0, 0x2f, 0xff,
    0xfc, 0x0, 0x0, 0x0, 0x0, 0x0, 0x3, 0xff,
    0xff, 0xc0, 0x0, 0x0, 0x0, 0x0, 0x0, 0x7f,
    0xff, 0xf4, 0x0, 0x0, 0x0, 0x0, 0x0, 0xb,
    0xff, 0xff, 0x0, 0x0, 0x0, 0x0, 0x0, 0x0,
    0xff, 0xff, 0xf0, 0x0, 0x0, 0x0, 0x0, 0x0,
    0x1f, 0xff, 0xfd, 0x0, 0x0, 0x0, 0x0, 0x0,
    0x2, 0xff, 0xff, 0xc0, 0x0, 0x0, 0x0, 0x0,
    0x0, 0x3f, 0xff, 0xf8, 0x0, 0x0, 0x0, 0x0,
    0x0, 0x7, 0xff, 0xff, 0x40, 0x0, 0x0, 0x0,
    0x0, 0x0, 0xbf, 0xff, 0xf0, 0x0, 0x0, 0x0,
    0x0, 0x0, 0xf, 0xff, 0xfe, 0x0, 0x0, 0x0,
    0x0, 0x0, 0x1, 0xff, 0xff, 0xd0, 0x0, 0x0,
    0x0, 0x0, 0x0, 0x3f, 0xff, 0xfc, 0x0, 0x0,
    0x0, 0x0, 0x0, 0x3, 0xff, 0xff, 0x80, 0x0,
    0x0, 0x0, 0x0, 0x0, 0x7f, 0xff, 0xf0, 0x0,
    0x0, 0x0, 0x0, 0x0, 0xf, 0xff, 0xff, 0x0,
    0x0, 0x0, 0x0, 0x0, 0x0, 0xff, 0xff, 0xe0,
    0x0, 0x0, 0x0, 0x0, 0x0, 0x2f, 0xff, 0xfc,
    0x0, 0x0, 0x0, 0x0, 0x0, 0x3, 0xff, 0xff,
    0xc0, 0x0, 0x0, 0x0, 0x0, 0x0, 0x7f, 0xff,
    0xf4, 0x0, 0x0, 0x0, 0x0, 0x0, 0xb, 0xff,
    0xff, 0x0, 0x0, 0x0, 0x0, 0x0, 0x0, 0xff,
    0xff, 0xf0, 0x0, 0x0, 0x0, 0x0, 0x0, 0x1f,
    0xff, 0xfd, 0x0, 0x0, 0x0, 0x0, 0x0, 0x2,
    0xff, 0xff, 0xc0, 0x0, 0x0, 0x0, 0x0, 0x0,
    0x3f, 0xff, 0xf8, 0x0, 0x0, 0x0, 0x0, 0x0,
    0x7, 0xff, 0xff, 0x40, 0x0, 0x0, 0x0, 0x0,
    0x0, 0xbf, 0xff, 0xf0, 0x0, 0x0, 0x0, 0x0,
    0x0, 0xf, 0xff, 0xfe, 0x0, 0x0, 0x0, 0x0,
    0x0, 0x1, 0xff, 0xff, 0xd0, 0x0, 0x0, 0x0,
    0x0, 0x0, 0x3f, 0xff, 0xfc, 0x0, 0x0, 0x0,
    0x0, 0x0, 0x3, 0xff, 0xff, 0x80, 0x0, 0x0,
    0x0, 0x0, 0x0, 0x7f, 0xff, 0xf0, 0x0, 0x0,
    0x0, 0x0, 0x0, 0xf, 0xff, 0xff, 0x0, 0x0,
    0x0, 0x0, 0x0, 0x0, 0xff, 0xff, 0xe0, 0x0,
    0x0, 0x0, 0x0, 0x0, 0x2f, 0xff, 0xfc, 0x0,
    0x0, 0x0, 0x0, 0x0, 0x3, 0xff, 0xff, 0xc0,
    0x0, 0x0, 0x0, 0x0, 0x0, 0x7f, 0xff, 0xf4,
    0x0, 0x0, 0x0, 0x0, 0x0, 0xb, 0xff, 0xff,
    0x0, 0x0, 0x0, 0x0, 0x0, 0x0, 0xff, 0xff,
    0xf0, 0x0, 0x0, 0x0, 0x0, 0x0, 0x1f, 0xff,
    0xfd, 0x0, 0x0, 0x0, 0x0, 0x0, 0x2, 0xff,
    0xff, 0xc0, 0x0, 0x0, 0x0, 0x0, 0x0, 0x3f,
    0xff, 0xf8, 0x0, 0x0, 0x0, 0x0, 0x0, 0x7,
    0xff, 0xff, 0x40, 0x0, 0x0, 0x0, 0x0, 0x0,
    0xbf, 0xff, 0xf0, 0x0, 0x0, 0x0, 0x0, 0x0,
    0xf, 0xff, 0xfe, 0x0, 0x0, 0x0, 0x0, 0x0,
    0x1, 0xff, 0xff, 0xd0, 0x0, 0x0, 0x0, 0x0,
    0x0, 0x3f, 0xff, 0xfc, 0x0, 0x0, 0x0, 0x0,
    0x0, 0x3, 0xff, 0xff, 0x80, 0x0, 0x0, 0x0,
    0x0, 0x0, 0x7f, 0xff, 0xf0, 0x0, 0x0, 0x0,
    0x0, 0x0, 0xf, 0xff, 0xff, 0x0, 0x0, 0x0,
    0x0, 0x0, 0x0, 0xff, 0xff, 0xe0, 0x0, 0x0,
    0x0, 0x0, 0x0, 0x2f, 0xff, 0xfc, 0x0, 0x0,
    0x0, 0x0, 0x0, 0x3, 0xff, 0xff, 0xc0, 0x0,
    0x0, 0x0, 0x0, 0x0, 0x7f, 0xff, 0xf4, 0x0,
    0x0, 0x0, 0x0, 0x0, 0xb, 0xff, 0xff, 0x0,
    0x0, 0x0, 0x0, 0x0, 0x0, 0xff, 0xff, 0xf0,
    0x0, 0x0, 0x0, 0x0, 0x0, 0x1f, 0xff, 0xfd,
    0x0, 0x0, 0x0, 0x0, 0x0, 0x2, 0xff, 0xff,
    0xc0, 0x0, 0x0, 0x0, 0x0, 0x0, 0x3f, 0xff,
    0xf8, 0x0, 0x0, 0x0, 0x0, 0x0, 0x7, 0xff,
    0xff, 0x40, 0x0, 0x0, 0x0, 0x0, 0x0, 0xbf,
    0xff, 0xf0, 0x0, 0x0, 0x0, 0x0, 0x0, 0xf,
    0xff, 0xfe, 0x0, 0x0, 0x0, 0x0, 0x0, 0x1,
    0xff, 0xff, 0xd0, 0x0, 0x0, 0x0, 0x0, 0x0,
    0x3f, 0xff, 0xfc, 0x0, 0x0, 0x0, 0x0, 0x0,
    0x3, 0xff, 0xff, 0x80, 0x0, 0x0, 0x0, 0x0,
    0x0,

    /* U+0030 "0" */
    0x0, 0x0, 0x0, 0x0, 0x6f, 0xff, 0xe4, 0x0,
    0x0, 0x0, 0x0, 0x0, 0x0, 0x0, 0x7f, 0xff,
    0xff, 0xff, 0x80, 0x0, 0x0, 0x0, 0x0, 0x0,
    0x1f, 0xff, 0xff, 0xff, 0xff, 0xe0, 0x0, 0x0,
    0x0, 0x0, 0x2, 0xff, 0xff, 0xff, 0xff, 0xff,
    0xf4, 0x0, 0x0, 0x0, 0x0, 0x3f, 0xff, 0xff,
    0xff, 0xff, 0xff, 0xf8, 0x0, 0x0, 0x0, 0x7,
    0xff, 0xff, 0xff, 0xff, 0xff, 0xff, 0xf8, 0x0,
    0x0, 0x0, 0x3f, 0xff, 0xff, 0xff, 0xff, 0xff,
    0xff, 0xf8, 0x0, 0x0, 0x3, 0xff, 0xff, 0xff,
    0xff, 0xff, 0xff, 0xff, 0xf4, 0x0, 0x0, 0x2f,
    0xff, 0xff, 0xff, 0xff, 0xff, 0xff, 0xff, 0xf0,
    0x0, 0x1, 0xff, 0xff, 0xff, 0xfe, 0xab, 0xff,
    0xff, 0xff, 0xf0, 0x0, 0xf, 0xff, 0xff, 0xfe,
    0x0, 0x1, 0xff, 0xff, 0xff, 0xd0, 0x0, 0x7f,
    0xff, 0xff, 0xd0, 0x0, 0x0, 0xff, 0xff, 0xff,
    0xc0, 0x3, 0xff, 0xff, 0xfd, 0x0, 0x0, 0x0,
    0xff, 0xff, 0xff, 0x40, 0x1f, 0xff, 0xff, 0xe0,
    0x0, 0x0, 0x0, 0xff, 0xff, 0xff, 0x0, 0xbf,
    0xff, 0xff, 0x0, 0x0, 0x0, 0x2, 0xff, 0xff,
    0xfc, 0x3, 0xff, 0xff, 0xf8, 0x0, 0x0, 0x0,
    0x3, 0xff, 0xff, 0xf4, 0x1f, 0xff, 0xff, 0xd0,
    0x0, 0x0, 0x0, 0xf, 0xff, 0xff, 0xe0, 0xbf,
    0xff, 0xff, 0x0, 0x0, 0x0, 0x0, 0x2f, 0xff,
    0xff, 0xc2, 0xff, 0xff, 0xfc, 0x0, 0x0, 0x0,
    0x0, 0x7f, 0xff, 0xff, 0xf, 0xff, 0xff, 0xe0,
    0x0, 0x0, 0x0, 0x0, 0xff, 0xff, 0xfd, 0x3f,
    0xff, 0xff, 0x40, 0x0, 0x0, 0x0, 0x3, 0xff,
    0xff, 0xf4, 0xff, 0xff, 0xfd, 0x0, 0x0, 0x0,
    0x0, 0xf, 0xff, 0xff, 0xe3, 0xff, 0xff, 0xf4,
    0x0, 0x0, 0x0, 0x0, 0x3f, 0xff, 0xff, 0x8f,
    0xff, 0xff, 0xc0, 0x0, 0x0, 0x0, 0x0, 0xbf,
    0xff, 0xfe, 0x7f, 0xff, 0xff, 0x0, 0x0, 0x0,
    0x0, 0x2, 0xff, 0xff, 0xf9, 0xff, 0xff, 0xfc,
    0x0, 0x0, 0x0, 0x0, 0xb, 0xff, 0xff, 0xe3,
    0xff, 0xff, 0xf0, 0x0, 0x0, 0x0, 0x0, 0x2f,
    0xff, 0xff, 0x8f, 0xff, 0xff, 0xd0, 0x0, 0x0,
    0x0, 0x0, 0xbf, 0xff, 0xfe, 0x3f, 0xff, 0xff,
    0x40, 0x0, 0x0, 0x0, 0x3, 0xff, 0xff, 0xf8,
    0xff, 0xff, 0xfd, 0x0, 0x0, 0x0, 0x0, 0xf,
    0xff, 0xff, 0xe3, 0xff, 0xff, 0xf8, 0x0, 0x0,
    0x0, 0x0, 0x3f, 0xff, 0xff, 0x4f, 0xff, 0xff,
    0xe0, 0x0, 0x0, 0x0, 0x0, 0xff, 0xff, 0xfd,
    0x2f, 0xff, 0xff, 0xc0, 0x0, 0x0, 0x0, 0x7,
    0xff, 0xff, 0xf0, 0x7f, 0xff, 0xff, 0x0, 0x0,
    0x0, 0x0, 0x2f, 0xff, 0xff, 0xc0, 0xff, 0xff,
    0xfe, 0x0, 0x0, 0x0, 0x0, 0xff, 0xff, 0xfe,
    0x3, 0xff, 0xff, 0xfc, 0x0, 0x0, 0x0, 0x7,
    0xff, 0xff, 0xf4, 0xb, 0xff, 0xff, 0xf4, 0x0,
    0x0, 0x0, 0x3f, 0xff, 0xff, 0xc0, 0xf, 0xff,
    0xff, 0xf0, 0x0, 0x0, 0x2, 0xff, 0xff, 0xfe,
    0x0, 0x2f, 0xff, 0xff, 0xf0, 0x0, 0x0, 0x1f,
    0xff, 0xff, 0xf0, 0x0, 0x3f, 0xff, 0xff, 0xf0,
    0x0, 0x1, 0xff, 0xff, 0xff, 0x80, 0x0, 0xbf,
    0xff, 0xff, 0xf9, 0x0, 0x7f, 0xff, 0xff, 0xfc,
    0x0, 0x0, 0xff, 0xff, 0xff, 0xff, 0xff, 0xff,
    0xff, 0xff, 0xe0, 0x0, 0x1, 0xff, 0xff, 0xff,
    0xff, 0xff, 0xff, 0xff, 0xff, 0x0, 0x0, 0x2,
    0xff, 0xff, 0xff, 0xff, 0xff, 0xff, 0xff, 0xf0,
    0x0, 0x0, 0x2, 0xff, 0xff, 0xff, 0xff, 0xff,
    0xff, 0xff, 0x0, 0x0, 0x0, 0x2, 0xff, 0xff,
    0xff, 0xff, 0xff, 0xff, 0xf4, 0x0, 0x0, 0x0,
    0x2, 0xff, 0xff, 0xff, 0xff, 0xff, 0xff, 0x0,
    0x0, 0x0, 0x0, 0x0, 0xff, 0xff, 0xff, 0xff,
    0xff, 0xe0, 0x0, 0x0, 0x0, 0x0, 0x0, 0x7f,
    0xff, 0xff, 0xff, 0xf8, 0x0, 0x0, 0x0, 0x0,
    0x0, 0x0, 0x1b, 0xff, 0xff, 0xf9, 0x0, 0x0,
    0x0, 0x0, 0x0, 0x0, 0x0, 0x0, 0x55, 0x54,
    0x0, 0x0, 0x0, 0x0, 0x0,

    /* U+0031 "1" */
    0xbf, 0xff, 0xff, 0xff, 0xff, 0xeb, 0xff, 0xff,
    0xff, 0xff, 0xfe, 0xbf, 0xff, 0xff, 0xff, 0xff,
    0xeb, 0xff, 0xff, 0xff, 0xff, 0xfe, 0xbf, 0xff,
    0xff, 0xff, 0xff, 0xeb, 0xff, 0xff, 0xff, 0xff,
    0xfe, 0xbf, 0xff, 0xff, 0xff, 0xff, 0xeb, 0xff,
    0xff, 0xff, 0xff, 0xfe, 0xbf, 0xff, 0xff, 0xff,
    0xff, 0xe0, 0x0, 0x0, 0xbf, 0xff, 0xfe, 0x0,
    0x0, 0xb, 0xff, 0xff, 0xe0, 0x0, 0x0, 0xbf,
    0xff, 0xfe, 0x0, 0x0, 0xb, 0xff, 0xff, 0xe0,
    0x0, 0x0, 0xbf, 0xff, 0xfe, 0x0, 0x0, 0xb,
    0xff, 0xff, 0xe0, 0x0, 0x0, 0xbf, 0xff, 0xfe,
    0x0, 0x0, 0xb, 0xff, 0xff, 0xe0, 0x0, 0x0,
    0xbf, 0xff, 0xfe, 0x0, 0x0, 0xb, 0xff, 0xff,
    0xe0, 0x0, 0x0, 0xbf, 0xff, 0xfe, 0x0, 0x0,
    0xb, 0xff, 0xff, 0xe0, 0x0, 0x0, 0xbf, 0xff,
    0xfe, 0x0, 0x0, 0xb, 0xff, 0xff, 0xe0, 0x0,
    0x0, 0xbf, 0xff, 0xfe, 0x0, 0x0, 0xb, 0xff,
    0xff, 0xe0, 0x0, 0x0, 0xbf, 0xff, 0xfe, 0x0,
    0x0, 0xb, 0xff, 0xff, 0xe0, 0x0, 0x0, 0xbf,
    0xff, 0xfe, 0x0, 0x0, 0xb, 0xff, 0xff, 0xe0,
    0x0, 0x0, 0xbf, 0xff, 0xfe, 0x0, 0x0, 0xb,
    0xff, 0xff, 0xe0, 0x0, 0x0, 0xbf, 0xff, 0xfe,
    0x0, 0x0, 0xb, 0xff, 0xff, 0xe0, 0x0, 0x0,
    0xbf, 0xff, 0xfe, 0x0, 0x0, 0xb, 0xff, 0xff,
    0xe0, 0x0, 0x0, 0xbf, 0xff, 0xfe, 0x0, 0x0,
    0xb, 0xff, 0xff, 0xe0, 0x0, 0x0, 0xbf, 0xff,
    0xfe, 0x0, 0x0, 0xb, 0xff, 0xff, 0xe0, 0x0,
    0x0, 0xbf, 0xff, 0xfe, 0x0, 0x0, 0xb, 0xff,
    0xff, 0xe0, 0x0, 0x0, 0xbf, 0xff, 0xfe, 0x0,
    0x0, 0xb, 0xff, 0xff, 0xe0, 0x0, 0x0, 0xbf,
    0xff, 0xfe, 0x0, 0x0, 0xb, 0xff, 0xff, 0xe0,
    0x0, 0x0, 0xbf, 0xff, 0xfe, 0x0, 0x0, 0xb,
    0xff, 0xff, 0xe0, 0x0, 0x0, 0xbf, 0xff, 0xfe,
    0x0, 0x0, 0xb, 0xff, 0xff, 0xe0,

    /* U+0032 "2" */
    0x0, 0x0, 0x0, 0x0, 0x55, 0x54, 0x0, 0x0,
    0x0, 0x0, 0x0, 0x0, 0x1, 0xbf, 0xff, 0xff,
    0xf9, 0x0, 0x0, 0x0, 0x0, 0x0, 0x6f, 0xff,
    0xff, 0xff, 0xff, 0xd0, 0x0, 0x0, 0x0, 0x7,
    0xff, 0xff, 0xff, 0xff, 0xff, 0xfd, 0x0, 0x0,
    0x0, 0x2f, 0xff, 0xff, 0xff, 0xff, 0xff, 0xff,
    0x80, 0x0, 0x0, 0xff, 0xff, 0xff, 0xff, 0xff,
    0xff, 0xff, 0xf0, 0x0, 0x7, 0xff, 0xff, 0xff,
    0xff, 0xff, 0xff, 0xff, 0xfc, 0x0, 0x1f, 0xff,
    0xff, 0xff, 0xff, 0xff, 0xff, 0xff, 0xfe, 0x0,
    0x3f, 0xff, 0xff, 0xff, 0xff, 0xff, 0xff, 0xff,
    0xff, 0x0, 0xbf, 0xff, 0xff, 0xff, 0xff, 0xff,
    0xff, 0xff, 0xff, 0x80, 0x2f, 0xff, 0xff, 0xf9,
    0x0, 0x1b, 0xff, 0xff, 0xff, 0xc0, 0x3, 0xff,
    0xff, 0x40, 0x0, 0x0, 0xbf, 0xff, 0xff, 0xd0,
    0x0, 0x7f, 0xf8, 0x0, 0x0, 0x0, 0x3f, 0xff,
    0xff, 0xe0, 0x0, 0xb, 0xd0, 0x0, 0x0, 0x0,
    0xf, 0xff, 0xff, 0xe0, 0x0, 0x1, 0x80, 0x0,
    0x0, 0x0, 0xf, 0xff, 0xff, 0xe0, 0x0, 0x0,
    0x0, 0x0, 0x0, 0x0, 0xb, 0xff, 0xff, 0xe0,
    0x0, 0x0, 0x0, 0x0, 0x0, 0x0, 0xb, 0xff,
    0xff, 0xe0, 0x0, 0x0, 0x0, 0x0, 0x0, 0x0,
    0xf, 0xff, 0xff, 0xe0, 0x0, 0x0, 0x0, 0x0,
    0x0, 0x0, 0xf, 0xff, 0xff, 0xd0, 0x0, 0x0,
    0x0, 0x0, 0x0, 0x0, 0x1f, 0xff, 0xff, 0xc0,
    0x0, 0x0, 0x0, 0x0, 0x0, 0x0, 0x3f, 0xff,
    0xff, 0xc0, 0x0, 0x0, 0x0, 0x0, 0x0, 0x0,
    0xbf, 0xff, 0xff, 0x40, 0x0, 0x0, 0x0, 0x0,
    0x0, 0x1, 0xff, 0xff, 0xff, 0x0, 0x0, 0x0,
    0x0, 0x0, 0x0, 0x7, 0xff, 0xff, 0xfd, 0x0,
    0x0, 0x0, 0x0, 0x0, 0x0, 0x1f, 0xff, 0xff,
    0xf8, 0x0, 0x0, 0x0, 0x0, 0x0, 0x0, 0x7f,
    0xff, 0xff, 0xf0, 0x0, 0x0, 0x0, 0x0, 0x0,
    0x1, 0xff, 0xff, 0xff, 0xc0, 0x0, 0x0, 0x0,
    0x0, 0x0, 0x7, 0xff, 0xff, 0xff, 0x40, 0x0,
    0x0, 0x0, 0x0, 0x0, 0x2f, 0xff, 0xff, 0xfd,
    0x0, 0x0, 0x0, 0x0, 0x0, 0x0, 0xbf, 0xff,
    0xff, 0xf4, 0x0, 0x0, 0x0, 0x0, 0x0, 0x2,
    0xff, 0xff, 0xff, 0xd0, 0x0, 0x0, 0x0, 0x0,
    0x0, 0xb, 0xff, 0xff, 0xff, 0x40, 0x0, 0x0,
    0x0, 0x0, 0x0, 0x3f, 0xff, 0xff, 0xfc, 0x0,
    0x0, 0x0, 0x0, 0x0, 0x0, 0xff, 0xff, 0xff,
    0xf0, 0x0, 0x0, 0x0, 0x0, 0x0, 0x3, 0xff,
    0xff, 0xff, 0xc0, 0x0, 0x0, 0x0, 0x0, 0x0,
    0xf, 0xff, 0xff, 0xff, 0x0, 0x0, 0x0, 0x0,
    0x0, 0x0, 0x3f, 0xff, 0xff, 0xfc, 0x0, 0x0,
    0x0, 0x0, 0x0, 0x0, 0xff, 0xff, 0xff, 0xf0,
    0x0, 0x0, 0x0, 0x0, 0x0, 0x7, 0xff, 0xff,
    0xff, 0x80, 0x0, 0x0, 0x0, 0x0, 0x0, 0x1f,
    0xff, 0xff, 0xfe, 0x0, 0x0, 0x0, 0x0, 0x0,
    0x0, 0x7f, 0xff, 0xff, 0xf8, 0x0, 0x0, 0x0,
    0x0, 0x0, 0x1, 0xff, 0xff, 0xff, 0xff, 0xff,
    0xff, 0xff, 0xff, 0xfd, 0x7, 0xff, 0xff, 0xff,
    0xff, 0xff, 0xff, 0xff, 0xff, 0xfd, 0xb, 0xff,
    0xff, 0xff, 0xff, 0xff, 0xff, 0xff, 0xff, 0xfd,
    0xb, 0xff, 0xff, 0xff, 0xff, 0xff, 0xff, 0xff,
    0xff, 0xfd, 0xb, 0xff, 0xff, 0xff, 0xff, 0xff,
    0xff, 0xff, 0xff, 0xfd, 0xb, 0xff, 0xff, 0xff,
    0xff, 0xff, 0xff, 0xff, 0xff, 0xfd, 0xb, 0xff,
    0xff, 0xff, 0xff, 0xff, 0xff, 0xff, 0xff, 0xfd,
    0xb, 0xff, 0xff, 0xff, 0xff, 0xff, 0xff, 0xff,
    0xff, 0xfd, 0xb, 0xff, 0xff, 0xff, 0xff, 0xff,
    0xff, 0xff, 0xff, 0xfd,

    /* U+0033 "3" */
    0x0, 0x0, 0x0, 0x0, 0x0, 0x0, 0x0, 0x0,
    0x0, 0x0, 0x2, 0xff, 0xff, 0xff, 0xff, 0xff,
    0xff, 0xff, 0xff, 0xe0, 0x2, 0xff, 0xff, 0xff,
    0xff, 0xff, 0xff, 0xff, 0xff, 0xe0, 0x2, 0xff,
    0xff, 0xff, 0xff, 0xff, 0xff, 0xff, 0xff, 0xe0,
    0x2, 0xff, 0xff, 0xff, 0xff, 0xff, 0xff, 0xff,
    0xff, 0xe0, 0x2, 0xff, 0xff, 0xff, 0xff, 0xff,
    0xff, 0xff, 0xff, 0xe0, 0x2, 0xff, 0xff, 0xff,
    0xff, 0xff, 0xff, 0xff, 0xff, 0xe0, 0x2, 0xff,
    0xff, 0xff, 0xff, 0xff, 0xff, 0xff, 0xff, 0xe0,
    0x2, 0xff, 0xff, 0xff, 0xff, 0xff, 0xff, 0xff,
    0xff, 0xd0, 0x2, 0xff, 0xff, 0xff, 0xff, 0xff,
    0xff, 0xff, 0xff, 0x80, 0x0, 0x0, 0x0, 0x0,
    0x0, 0x0, 0xff, 0xff, 0xfe, 0x0, 0x0, 0x0,
    0x0, 0x0, 0x0, 0x3, 0xff, 0xff, 0xfc, 0x0,
    0x0, 0x0, 0x0, 0x0, 0x0, 0xf, 0xff, 0xff,
    0xf0, 0x0, 0x0, 0x0, 0x0, 0x0, 0x0, 0x3f,
    0xff, 0xff, 0xc0, 0x0, 0x0, 0x0, 0x0, 0x0,
    0x0, 0xbf, 0xff, 0xff, 0x40, 0x0, 0x0, 0x0,
    0x0, 0x0, 0x2, 0xff, 0xff, 0xfd, 0x0, 0x0,
    0x0, 0x0, 0x0, 0x0, 0x7, 0xff, 0xff, 0xf8,
    0x0, 0x0, 0x0, 0x0, 0x0, 0x0, 0x1f, 0xff,
    0xff, 0xe0, 0x0, 0x0, 0x0, 0x0, 0x0, 0x0,
    0x3f, 0xff, 0xff, 0x80, 0x0, 0x0, 0x0, 0x0,
    0x0, 0x0, 0xff, 0xff, 0xff, 0x0, 0x0, 0x0,
    0x0, 0x0, 0x0, 0x3, 0xff, 0xff, 0xfc, 0x0,
    0x0, 0x0, 0x0, 0x0, 0x0, 0xb, 0xff, 0xff,
    0xff, 0x90, 0x0, 0x0, 0x0, 0x0, 0x0, 0xf,
    0xff, 0xff, 0xff, 0xfe, 0x40, 0x0, 0x0, 0x0,
    0x0, 0xf, 0xff, 0xff, 0xff, 0xff, 0xe0, 0x0,
    0x0, 0x0, 0x0, 0xf, 0xff, 0xff, 0xff, 0xff,
    0xfd, 0x0, 0x0, 0x0, 0x0, 0xf, 0xff, 0xff,
    0xff, 0xff, 0xff, 0x40, 0x0, 0x0, 0x0, 0xf,
    0xff, 0xff, 0xff, 0xff, 0xff, 0xc0, 0x0, 0x0,
    0x0, 0xf, 0xff, 0xff, 0xff, 0xff, 0xff, 0xf0,
    0x0, 0x0, 0x0, 0xf, 0xff, 0xff, 0xff, 0xff,
    0xff, 0xf4, 0x0, 0x0, 0x0, 0x0, 0x0, 0x1,
    0xbf, 0xff, 0xff, 0xfc, 0x0, 0x0, 0x0, 0x0,
    0x0, 0x0, 0xb, 0xff, 0xff, 0xfd, 0x0, 0x0,
    0x0, 0x0, 0x0, 0x0, 0x2, 0xff, 0xff, 0xfe,
    0x0, 0x0, 0x0, 0x0, 0x0, 0x0, 0x0, 0xff,
    0xff, 0xfe, 0x0, 0x0, 0x0, 0x0, 0x0, 0x0,
    0x0, 0xbf, 0xff, 0xff, 0x0, 0x0, 0x0, 0x0,
    0x0, 0x0, 0x0, 0xbf, 0xff, 0xff, 0x0, 0x0,
    0x0, 0x0, 0x0, 0x0, 0x0, 0xbf, 0xff, 0xff,
    0x0, 0x0, 0x0, 0x0, 0x0, 0x0, 0x0, 0xbf,
    0xff, 0xff, 0x0, 0x38, 0x0, 0x0, 0x0, 0x0,
    0x0, 0xff, 0xff, 0xfe, 0x0, 0xbf, 0x40, 0x0,
    0x0, 0x0, 0x3, 0xff, 0xff, 0xfd, 0x0, 0xff,
    0xf8, 0x0, 0x0, 0x0, 0x1f, 0xff, 0xff, 0xfc,
    0x2, 0xff, 0xff, 0xe5, 0x0, 0x1, 0xff, 0xff,
    0xff, 0xfc, 0x3, 0xff, 0xff, 0xff, 0xff, 0xff,
    0xff, 0xff, 0xff, 0xf4, 0xb, 0xff, 0xff, 0xff,
    0xff, 0xff, 0xff, 0xff, 0xff, 0xf0, 0xf, 0xff,
    0xff, 0xff, 0xff, 0xff, 0xff, 0xff, 0xff, 0xc0,
    0x2f, 0xff, 0xff, 0xff, 0xff, 0xff, 0xff, 0xff,
    0xff, 0x40, 0x2f, 0xff, 0xff, 0xff, 0xff, 0xff,
    0xff, 0xff, 0xfd, 0x0, 0x7, 0xff, 0xff, 0xff,
    0xff, 0xff, 0xff, 0xff, 0xf0, 0x0, 0x0, 0x7f,
    0xff, 0xff, 0xff, 0xff, 0xff, 0xff, 0x80, 0x0,
    0x0, 0x2, 0xff, 0xff, 0xff, 0xff, 0xff, 0xf8,
    0x0, 0x0, 0x0, 0x0, 0x6, 0xff, 0xff, 0xff,
    0xfe, 0x40, 0x0, 0x0, 0x0, 0x0, 0x0, 0x1,
    0x56, 0x55, 0x0, 0x0, 0x0, 0x0,

    /* U+0034 "4" */
    0x0, 0x0, 0x0, 0x0, 0x0, 0x1, 0xaa, 0xaa,
    0xa4, 0x0, 0x0, 0x0, 0x0, 0x0, 0x0, 0x0,
    0x0, 0x7f, 0xff, 0xff, 0x40, 0x0, 0x0, 0x0,
    0x0, 0x0, 0x0, 0x0, 0xf, 0xff, 0xff, 0xe0,
    0x0, 0x0, 0x0, 0x0, 0x0, 0x0, 0x0, 0x3,
    0xff, 0xff, 0xfc, 0x0, 0x0, 0x0, 0x0, 0x0,
    0x0, 0x0, 0x0, 0xbf, 0xff, 0xff, 0x40, 0x0,
    0x0, 0x0, 0x0, 0x0, 0x0, 0x0, 0x1f, 0xff,
    0xff, 0xe0, 0x0, 0x0, 0x0, 0x0, 0x0, 0x0,
    0x0, 0x3, 0xff, 0xff, 0xfc, 0x0, 0x0, 0x0,
    0x0, 0x0, 0x0, 0x0, 0x0, 0xff, 0xff, 0xff,
    0x0, 0x0, 0x0, 0x0, 0x0, 0x0, 0x0, 0x0,
    0x2f, 0xff, 0xff, 0xd0, 0x0, 0x0, 0x0, 0x0,
    0x0, 0x0, 0x0, 0x7, 0xff, 0xff, 0xf8, 0x0,
    0x0, 0x0, 0x0, 0x0, 0x0, 0x0, 0x0, 0xff,
    0xff, 0xff, 0x0, 0x0, 0x0, 0x0, 0x0, 0x0,
    0x0, 0x0, 0x3f, 0xff, 0xff, 0xc0, 0x0, 0x0,
    0x0, 0x0, 0x0, 0x0, 0x0, 0xb, 0xff, 0xff,
    0xf4, 0x0, 0x0, 0x0, 0x0, 0x0, 0x0, 0x0,
    0x1, 0xff, 0xff, 0xfe, 0x0, 0x0, 0x0, 0x0,
    0x0, 0x0, 0x0, 0x0, 0x3f, 0xff, 0xff, 0xc0,
    0x0, 0x0, 0x0, 0x0, 0x0, 0x0, 0x0, 0xf,
    0xff, 0xff, 0xf0, 0x0, 0x0, 0x0, 0x0, 0x0,
    0x0, 0x0, 0x2, 0xff, 0xff, 0xfd, 0x0, 0x0,
    0x0, 0x0, 0x0, 0x0, 0x0, 0x0, 0x7f, 0xff,
    0xff, 0x80, 0x0, 0x0, 0x0, 0x0, 0x0, 0x0,
    0x0, 0xf, 0xff, 0xff, 0xf0, 0x0, 0x0, 0x0,
    0x0, 0x0, 0x0, 0x0, 0x3, 0xff, 0xff, 0xfd,
    0x0, 0x0, 0x0, 0x0, 0x0, 0x0, 0x0, 0x0,
    0xbf, 0xff, 0xff, 0x80, 0x2, 0xaa, 0xaa, 0x90,
    0x0, 0x0, 0x0, 0x1f, 0xff, 0xff, 0xf0, 0x0,
    0x3f, 0xff, 0xfe, 0x0, 0x0, 0x0, 0x3, 0xff,
    0xff, 0xfc, 0x0, 0x3, 0xff, 0xff, 0xe0, 0x0,
    0x0, 0x0, 0xff, 0xff, 0xff, 0x40, 0x0, 0x3f,
    0xff, 0xfe, 0x0, 0x0, 0x0, 0x2f, 0xff, 0xff,
    0xe0, 0x0, 0x3, 0xff, 0xff, 0xe0, 0x0, 0x0,
    0x7, 0xff, 0xff, 0xfc, 0x0, 0x0, 0x3f, 0xff,
    0xfe, 0x0, 0x0, 0x0, 0xff, 0xff, 0xff, 0x0,
    0x0, 0x3, 0xff, 0xff, 0xe0, 0x0, 0x0, 0x3f,
    0xff, 0xff, 0xd0, 0x0, 0x0, 0x3f, 0xff, 0xfe,
    0x0, 0x0, 0xb, 0xff, 0xff, 0xf8, 0x0, 0x0,
    0x3, 0xff, 0xff, 0xe0, 0x0, 0x1, 0xff, 0xff,
    0xff, 0x40, 0x0, 0x0, 0x7f, 0xff, 0xfe, 0x0,
    0x0, 0x3f, 0xff, 0xff, 0xff, 0xff, 0xff, 0xff,
    0xff, 0xff, 0xff, 0xff, 0xef, 0xff, 0xff, 0xff,
    0xff, 0xff, 0xff, 0xff, 0xff, 0xff, 0xff, 0xfe,
    0xff, 0xff, 0xff, 0xff, 0xff, 0xff, 0xff, 0xff,
    0xff, 0xff, 0xff, 0xef, 0xff, 0xff, 0xff, 0xff,
    0xff, 0xff, 0xff, 0xff, 0xff, 0xff, 0xfe, 0xff,
    0xff, 0xff, 0xff, 0xff, 0xff, 0xff, 0xff, 0xff,
    0xff, 0xff, 0xef, 0xff, 0xff, 0xff, 0xff, 0xff,
    0xff, 0xff, 0xff, 0xff, 0xff, 0xfe, 0xff, 0xff,
    0xff, 0xff, 0xff, 0xff, 0xff, 0xff, 0xff, 0xff,
    0xff, 0xef, 0xff, 0xff, 0xff, 0xff, 0xff, 0xff,
    0xff, 0xff, 0xff, 0xff, 0xfe, 0xff, 0xff, 0xff,
    0xff, 0xff, 0xff, 0xff, 0xff, 0xff, 0xff, 0xff,
    0xe0, 0x0, 0x0, 0x0, 0x0, 0x0, 0x0, 0x7f,
    0xff, 0xfe, 0x0, 0x0, 0x0, 0x0, 0x0, 0x0,
    0x0, 0x0, 0x7, 0xff, 0xff, 0xe0, 0x0, 0x0,
    0x0, 0x0, 0x0, 0x0, 0x0, 0x0, 0x7f, 0xff,
    0xfe, 0x0, 0x0, 0x0, 0x0, 0x0, 0x0, 0x0,
    0x0, 0x7, 0xff, 0xff, 0xe0, 0x0, 0x0, 0x0,
    0x0, 0x0, 0x0, 0x0, 0x0, 0x7f, 0xff, 0xfe,
    0x0, 0x0, 0x0, 0x0, 0x0, 0x0, 0x0, 0x0,
    0x7, 0xff, 0xff, 0xe0, 0x0, 0x0, 0x0, 0x0,
    0x0, 0x0, 0x0, 0x0, 0x7f, 0xff, 0xfe, 0x0,
    0x0, 0x0, 0x0, 0x0, 0x0, 0x0, 0x0, 0x7,
    0xff, 0xff, 0xe0, 0x0, 0x0, 0x0, 0x0, 0x0,
    0x0, 0x0, 0x0, 0x7f, 0xff, 0xfe, 0x0, 0x0,
    0x0, 0x0, 0x0, 0x0, 0x0, 0x0, 0x7, 0xff,
    0xff, 0xe0, 0x0, 0x0,

    /* U+0035 "5" */
    0x0, 0x0, 0x0, 0x0, 0x0, 0x0, 0x0, 0x0,
    0x0, 0x0, 0x0, 0x3, 0xff, 0xff, 0xff, 0xff,
    0xff, 0xff, 0xff, 0xc0, 0x0, 0x7, 0xff, 0xff,
    0xff, 0xff, 0xff, 0xff, 0xff, 0xc0, 0x0, 0x7,
    0xff, 0xff, 0xff, 0xff, 0xff, 0xff, 0xff, 0xc0,
    0x0, 0x7, 0xff, 0xff, 0xff, 0xff, 0xff, 0xff,
    0xff, 0xc0, 0x0, 0xb, 0xff, 0xff, 0xff, 0xff,
    0xff, 0xff, 0xff, 0xc0, 0x0, 0xb, 0xff, 0xff,
    0xff, 0xff, 0xff, 0xff, 0xff, 0xc0, 0x0, 0xf,
    0xff, 0xff, 0xff, 0xff, 0xff, 0xff, 0xff, 0xc0,
    0x0, 0xf, 0xff, 0xff, 0xff, 0xff, 0xff, 0xff,
    0xff, 0xc0, 0x0, 0xf, 0xff, 0xff, 0xff, 0xff,
    0xff, 0xff, 0xff, 0xc0, 0x0, 0xf, 0xff, 0xff,
    0x40, 0x0, 0x0, 0x0, 0x0, 0x0, 0x0, 0xf,
    0xff, 0xff, 0x0, 0x0, 0x0, 0x0, 0x0, 0x0,
    0x0, 0xf, 0xff, 0xff, 0x0, 0x0, 0x0, 0x0,
    0x0, 0x0, 0x0, 0x1f, 0xff, 0xff, 0x0, 0x0,
    0x0, 0x0, 0x0, 0x0, 0x0, 0x1f, 0xff, 0xff,
    0x0, 0x0, 0x0, 0x0, 0x0, 0x0, 0x0, 0x1f,
    0xff, 0xff, 0x0, 0x0, 0x0, 0x0, 0x0, 0x0,
    0x0, 0x2f, 0xff, 0xfe, 0x0, 0x0, 0x0, 0x0,
    0x0, 0x0, 0x0, 0x2f, 0xff, 0xfe, 0x0, 0x0,
    0x0, 0x0, 0x0, 0x0, 0x0, 0x3f, 0xff, 0xfe,
    0x0, 0x0, 0x0, 0x0, 0x0, 0x0, 0x0, 0x3f,
    0xff, 0xff, 0xff, 0xff, 0xa4, 0x0, 0x0, 0x0,
    0x0, 0x3f, 0xff, 0xff, 0xff, 0xff, 0xff, 0xe4,
    0x0, 0x0, 0x0, 0x3f, 0xff, 0xff, 0xff, 0xff,
    0xff, 0xff, 0x40, 0x0, 0x0, 0x3f, 0xff, 0xff,
    0xff, 0xff, 0xff, 0xff, 0xf0, 0x0, 0x0, 0x3f,
    0xff, 0xff, 0xff, 0xff, 0xff, 0xff, 0xfd, 0x0,
    0x0, 0x7f, 0xff, 0xff, 0xff, 0xff, 0xff, 0xff,
    0xff, 0x40, 0x0, 0x7f, 0xff, 0xff, 0xff, 0xff,
    0xff, 0xff, 0xff, 0xc0, 0x0, 0xbf, 0xff, 0xff,
    0xff, 0xff, 0xff, 0xff, 0xff, 0xf0, 0x0, 0xbf,
    0xff, 0xff, 0xff, 0xff, 0xff, 0xff, 0xff, 0xf4,
    0x0, 0x0, 0x0, 0x0, 0x0, 0x5b, 0xff, 0xff,
    0xff, 0xf8, 0x0, 0x0, 0x0, 0x0, 0x0, 0x0,
    0x2f, 0xff, 0xff, 0xfc, 0x0, 0x0, 0x0, 0x0,
    0x0, 0x0, 0x7, 0xff, 0xff, 0xfd, 0x0, 0x0,
    0x0, 0x0, 0x0, 0x0, 0x2, 0xff, 0xff, 0xfe,
    0x0, 0x0, 0x0, 0x0, 0x0, 0x0, 0x0, 0xff,
    0xff, 0xfe, 0x0, 0x0, 0x0, 0x0, 0x0, 0x0,
    0x0, 0xff, 0xff, 0xfe, 0x0, 0x0, 0x0, 0x0,
    0x0, 0x0, 0x0, 0xbf, 0xff, 0xff, 0x0, 0x0,
    0x0, 0x0, 0x0, 0x0, 0x0, 0xff, 0xff, 0xfe,
    0x0, 0x0, 0x0, 0x0, 0x0, 0x0, 0x0, 0xff,
    0xff, 0xfe, 0x0, 0x78, 0x0, 0x0, 0x0, 0x0,
    0x1, 0xff, 0xff, 0xfd, 0x0, 0xff, 0x40, 0x0,
    0x0, 0x0, 0x7, 0xff, 0xff, 0xfc, 0x1, 0xff,
    0xf8, 0x0, 0x0, 0x0, 0x1f, 0xff, 0xff, 0xfc,
    0x3, 0xff, 0xff, 0xe4, 0x0, 0x6, 0xff, 0xff,
    0xff, 0xf4, 0x7, 0xff, 0xff, 0xff, 0xff, 0xff,
    0xff, 0xff, 0xff, 0xf0, 0xf, 0xff, 0xff, 0xff,
    0xff, 0xff, 0xff, 0xff, 0xff, 0xd0, 0x1f, 0xff,
    0xff, 0xff, 0xff, 0xff, 0xff, 0xff, 0xff, 0x80,
    0x3f, 0xff, 0xff, 0xff, 0xff, 0xff, 0xff, 0xff,
    0xff, 0x0, 0x3f, 0xff, 0xff, 0xff, 0xff, 0xff,
    0xff, 0xff, 0xfc, 0x0, 0x7, 0xff, 0xff, 0xff,
    0xff, 0xff, 0xff, 0xff, 0xe0, 0x0, 0x0, 0x7f,
    0xff, 0xff, 0xff, 0xff, 0xff, 0xff, 0x40, 0x0,
    0x0, 0x6, 0xff, 0xff, 0xff, 0xff, 0xff, 0xf4,
    0x0, 0x0, 0x0, 0x0, 0x6, 0xff, 0xff, 0xff,
    0xfe, 0x0, 0x0, 0x0, 0x0, 0x0, 0x0, 0x1,
    0x55, 0x55, 0x0, 0x0, 0x0, 0x0,

    /* U+0036 "6" */
    0x0, 0x0, 0x0, 0x0, 0x1, 0xaf, 0xff, 0xfa,
    0x40, 0x0, 0x0, 0x0, 0x0, 0x0, 0xb, 0xff,
    0xff, 0xff, 0xff, 0xd0, 0x0, 0x0, 0x0, 0x0,
    0x1f, 0xff, 0xff, 0xff, 0xff, 0xff, 0xe0, 0x0,
    0x0, 0x0, 0xf, 0xff, 0xff, 0xff, 0xff, 0xff,
    0xff, 0xc0, 0x0, 0x0, 0xb, 0xff, 0xff, 0xff,
    0xff, 0xff, 0xff, 0xfc, 0x0, 0x0, 0x2, 0xff,
    0xff, 0xff, 0xff, 0xff, 0xff, 0xff, 0x40, 0x0,
    0x0, 0xff, 0xff, 0xff, 0xff, 0xff, 0xff, 0xff,
    0xf0, 0x0, 0x0, 0x3f, 0xff, 0xff, 0xff, 0xff,
    0xff, 0xff, 0xfd, 0x0, 0x0, 0xb, 0xff, 0xff,
    0xff, 0xff, 0xff, 0xff, 0xff, 0xc0, 0x0, 0x2,
    0xff, 0xff, 0xff, 0xff, 0x94, 0x5, 0xbf, 0xf4,
    0x0, 0x0, 0x3f, 0xff, 0xff, 0xfd, 0x0, 0x0,
    0x0, 0x2e, 0x0, 0x0, 0xf, 0xff, 0xff, 0xfe,
    0x0, 0x0, 0x0, 0x0, 0x0, 0x0, 0x1, 0xff,
    0xff, 0xff, 0x40, 0x0, 0x0, 0x0, 0x0, 0x0,
    0x0, 0x3f, 0xff, 0xff, 0xe0, 0x0, 0x0, 0x0,
    0x0, 0x0, 0x0, 0x3, 0xff, 0xff, 0xf8, 0x0,
    0x0, 0x0, 0x0, 0x0, 0x0, 0x0, 0xbf, 0xff,
    0xff, 0x0, 0x0, 0x0, 0x0, 0x0, 0x0, 0x0,
    0xf, 0xff, 0xff, 0xe0, 0x0, 0x0, 0x0, 0x0,
    0x0, 0x0, 0x0, 0xff, 0xff, 0xfc, 0x0, 0x0,
    0x0, 0x0, 0x0, 0x0, 0x0, 0x1f, 0xff, 0xff,
    0xc0, 0x0, 0x0, 0x0, 0x0, 0x0, 0x0, 0x2,
    0xff, 0xff, 0xf8, 0x0, 0x1b, 0xff, 0xf9, 0x0,
    0x0, 0x0, 0x3f, 0xff, 0xff, 0x40, 0xbf, 0xff,
    0xff, 0xfe, 0x40, 0x0, 0x3, 0xff, 0xff, 0xf4,
    0x7f, 0xff, 0xff, 0xff, 0xff, 0x0, 0x0, 0x3f,
    0xff, 0xff, 0x6f, 0xff, 0xff, 0xff, 0xff, 0xfd,
    0x0, 0x3, 0xff, 0xff, 0xff, 0xff, 0xff, 0xff,
    0xff, 0xff, 0xf8, 0x0, 0x3f, 0xff, 0xff, 0xff,
    0xff, 0xff, 0xff, 0xff, 0xff, 0xe0, 0x3, 0xff,
    0xff, 0xff, 0xff, 0xff, 0xff, 0xff, 0xff, 0xff,
    0x40, 0x7f, 0xff, 0xff, 0xff, 0xff, 0xff, 0xff,
    0xff, 0xff, 0xfc, 0x3, 0xff, 0xff, 0xff, 0xff,
    0xe9, 0x6b, 0xff, 0xff, 0xff, 0xe0, 0x3f, 0xff,
    0xff, 0xff, 0xd0, 0x0, 0x7, 0xff, 0xff, 0xff,
    0x3, 0xff, 0xff, 0xff, 0xe0, 0x0, 0x0, 0xf,
    0xff, 0xff, 0xf4, 0x3f, 0xff, 0xff, 0xfc, 0x0,
    0x0, 0x0, 0x3f, 0xff, 0xff, 0xc3, 0xff, 0xff,
    0xff, 0x0, 0x0, 0x0, 0x1, 0xff, 0xff, 0xfc,
    0x3f, 0xff, 0xff, 0xf0, 0x0, 0x0, 0x0, 0xf,
    0xff, 0xff, 0xc2, 0xff, 0xff, 0xfe, 0x0, 0x0,
    0x0, 0x0, 0xff, 0xff, 0xfc, 0x1f, 0xff, 0xff,
    0xd0, 0x0, 0x0, 0x0, 0xf, 0xff, 0xff, 0xc0,
    0xff, 0xff, 0xfd, 0x0, 0x0, 0x0, 0x0, 0xff,
    0xff, 0xfc, 0xf, 0xff, 0xff, 0xe0, 0x0, 0x0,
    0x0, 0xf, 0xff, 0xff, 0xc0, 0x7f, 0xff, 0xff,
    0x0, 0x0, 0x0, 0x1, 0xff, 0xff, 0xfc, 0x3,
    0xff, 0xff, 0xf4, 0x0, 0x0, 0x0, 0x3f, 0xff,
    0xff, 0x80, 0x2f, 0xff, 0xff, 0xd0, 0x0, 0x0,
    0xb, 0xff, 0xff, 0xf4, 0x0, 0xff, 0xff, 0xff,
    0x40, 0x0, 0x2, 0xff, 0xff, 0xff, 0x0, 0xb,
    0xff, 0xff, 0xff, 0x40, 0x2, 0xff, 0xff, 0xff,
    0xe0, 0x0, 0x3f, 0xff, 0xff, 0xff, 0xff, 0xff,
    0xff, 0xff, 0xfc, 0x0, 0x0, 0xff, 0xff, 0xff,
    0xff, 0xff, 0xff, 0xff, 0xff, 0x0, 0x0, 0x3,
    0xff, 0xff, 0xff, 0xff, 0xff, 0xff, 0xff, 0xd0,
    0x0, 0x0, 0xf, 0xff, 0xff, 0xff, 0xff, 0xff,
    0xff, 0xf4, 0x0, 0x0, 0x0, 0x3f, 0xff, 0xff,
    0xff, 0xff, 0xff, 0xfd, 0x0, 0x0, 0x0, 0x0,
    0x7f, 0xff, 0xff, 0xff, 0xff, 0xfe, 0x0, 0x0,
    0x0, 0x0, 0x0, 0x7f, 0xff, 0xff, 0xff, 0xff,
    0x40, 0x0, 0x0, 0x0, 0x0, 0x0, 0x6f, 0xff,
    0xff, 0xfe, 0x0, 0x0, 0x0, 0x0, 0x0, 0x0,
    0x0, 0x1, 0x55, 0x50, 0x0, 0x0, 0x0, 0x0,

    /* U+0037 "7" */
    0x3f, 0xff, 0xff, 0xff, 0xff, 0xff, 0xff, 0xff,
    0xff, 0xff, 0xf, 0xff, 0xff, 0xff, 0xff, 0xff,
    0xff, 0xff, 0xff, 0xff, 0xc3, 0xff, 0xff, 0xff,
    0xff, 0xff, 0xff, 0xff, 0xff, 0xff, 0xf0, 0xff,
    0xff, 0xff, 0xff, 0xff, 0xff, 0xff, 0xff, 0xff,
    0xfc, 0x3f, 0xff, 0xff, 0xff, 0xff, 0xff, 0xff,
    0xff, 0xff, 0xff, 0xf, 0xff, 0xff, 0xff, 0xff,
    0xff, 0xff, 0xff, 0xff, 0xff, 0xc3, 0xff, 0xff,
    0xff, 0xff, 0xff, 0xff, 0xff, 0xff, 0xff, 0xf0,
    0xff, 0xff, 0xff, 0xff, 0xff, 0xff, 0xff, 0xff,
    0xff, 0xfc, 0x3f, 0xff, 0xff, 0xff, 0xff, 0xff,
    0xff, 0xff, 0xff, 0xfe, 0xf, 0xff, 0xff, 0x0,
    0x0, 0x0, 0x0, 0xff, 0xff, 0xff, 0x3, 0xff,
    0xff, 0xc0, 0x0, 0x0, 0x0, 0x7f, 0xff, 0xff,
    0x80, 0xff, 0xff, 0xf0, 0x0, 0x0, 0x0, 0x3f,
    0xff, 0xff, 0xd0, 0x3f, 0xff, 0xfc, 0x0, 0x0,
    0x0, 0x1f, 0xff, 0xff, 0xf0, 0xf, 0xff, 0xff,
    0x0, 0x0, 0x0, 0xb, 0xff, 0xff, 0xf4, 0x3,
    0xff, 0xff, 0xc0, 0x0, 0x0, 0x3, 0xff, 0xff,
    0xfc, 0x0, 0xff, 0xff, 0xf0, 0x0, 0x0, 0x2,
    0xff, 0xff, 0xfe, 0x0, 0x3f, 0xff, 0xfc, 0x0,
    0x0, 0x0, 0xff, 0xff, 0xff, 0x0, 0x0, 0x0,
    0x0, 0x0, 0x0, 0x0, 0xbf, 0xff, 0xff, 0x80,
    0x0, 0x0, 0x0, 0x0, 0x0, 0x0, 0x3f, 0xff,
    0xff, 0xc0, 0x0, 0x0, 0x0, 0x0, 0x0, 0x0,
    0x1f, 0xff, 0xff, 0xf0, 0x0, 0x0, 0x0, 0x0,
    0x0, 0x0, 0xf, 0xff, 0xff, 0xf4, 0x0, 0x0,
    0x0, 0x0, 0x0, 0x0, 0x7, 0xff, 0xff, 0xfc,
    0x0, 0x0, 0x0, 0x0, 0x0, 0x0, 0x2, 0xff,
    0xff, 0xfd, 0x0, 0x0, 0x0, 0x0, 0x0, 0x0,
    0x0, 0xff, 0xff, 0xff, 0x0, 0x0, 0x0, 0x0,
    0x0, 0x0, 0x0, 0xbf, 0xff, 0xff, 0x80, 0x0,
    0x0, 0x0, 0x0, 0x0, 0x0, 0x3f, 0xff, 0xff,
    0xc0, 0x0, 0x0, 0x0, 0x0, 0x0, 0x0, 0x1f,
    0xff, 0xff, 0xe0, 0x0, 0x0, 0x0, 0x0, 0x0,
    0x0, 0xf, 0xff, 0xff, 0xf4, 0x0, 0x0, 0x0,
    0x0, 0x0, 0x0, 0x7, 0xff, 0xff, 0xfc, 0x0,
    0x0, 0x0, 0x0, 0x0, 0x0, 0x3, 0xff, 0xff,
    0xfd, 0x0, 0x0, 0x0, 0x0, 0x0, 0x0, 0x1,
    0xff, 0xff, 0xff, 0x0, 0x0, 0x0, 0x0, 0x0,
    0x0, 0x0, 0xbf, 0xff, 0xff, 0x80, 0x0, 0x0,
    0x0, 0x0, 0x0, 0x0, 0x3f, 0xff, 0xff, 0xc0,
    0x0, 0x0, 0x0, 0x0, 0x0, 0x0, 0x2f, 0xff,
    0xff, 0xe0, 0x0, 0x0, 0x0, 0x0, 0x0, 0x0,
    0xf, 0xff, 0xff, 0xf0, 0x0, 0x0, 0x0, 0x0,
    0x0, 0x0, 0x7, 0xff, 0xff, 0xfc, 0x0, 0x0,
    0x0, 0x0, 0x0, 0x0, 0x3, 0xff, 0xff, 0xfd,
    0x0, 0x0, 0x0, 0x0, 0x0, 0x0, 0x1, 0xff,
    0xff, 0xff, 0x0, 0x0, 0x0, 0x0, 0x0, 0x0,
    0x0, 0xff, 0xff, 0xff, 0x40, 0x0, 0x0, 0x0,
    0x0, 0x0, 0x0, 0x3f, 0xff, 0xff, 0xc0, 0x0,
    0x0, 0x0, 0x0, 0x0, 0x0, 0x2f, 0xff, 0xff,
    0xe0, 0x0, 0x0, 0x0, 0x0, 0x0, 0x0, 0xf,
    0xff, 0xff, 0xf0, 0x0, 0x0, 0x0, 0x0, 0x0,
    0x0, 0xb, 0xff, 0xff, 0xf8, 0x0, 0x0, 0x0,
    0x0, 0x0, 0x0, 0x3, 0xff, 0xff, 0xfd, 0x0,
    0x0, 0x0, 0x0, 0x0, 0x0, 0x1, 0xff, 0xff,
    0xff, 0x0, 0x0, 0x0, 0x0, 0x0, 0x0, 0x0,
    0xff, 0xff, 0xff, 0x40, 0x0, 0x0, 0x0, 0x0,
    0x0, 0x0, 0x7f, 0xff, 0xff, 0xc0, 0x0, 0x0,
    0x0, 0x0, 0x0, 0x0, 0x3f, 0xff, 0xff, 0xe0,
    0x0, 0x0, 0x0, 0x0, 0x0, 0x0, 0xf, 0xff,
    0xff, 0xf0, 0x0, 0x0, 0x0, 0x0, 0x0,

    /* U+0038 "8" */
    0x0, 0x0, 0x0, 0x6, 0xbf, 0xff, 0xe9, 0x0,
    0x0, 0x0, 0x0, 0x0, 0x0, 0x1b, 0xff, 0xff,
    0xff, 0xff, 0x40, 0x0, 0x0, 0x0, 0x0, 0x1f,
    0xff, 0xff, 0xff, 0xff, 0xff, 0x80, 0x0, 0x0,
    0x0, 0x1f, 0xff, 0xff, 0xff, 0xff, 0xff, 0xff,
    0x40, 0x0, 0x0, 0x7, 0xff, 0xff, 0xff, 0xff,
    0xff, 0xff, 0xfe, 0x0, 0x0, 0x2, 0xff, 0xff,
    0xff, 0xff, 0xff, 0xff, 0xff, 0xf8, 0x0, 0x0,
    0x7f, 0xff, 0xff, 0xff, 0xff, 0xff, 0xff, 0xff,
    0xe0, 0x0, 0xf, 0xff, 0xff, 0xff, 0xff, 0xff,
    0xff, 0xff, 0xff, 0x40, 0x2, 0xff, 0xff, 0xff,
    0xf9, 0x56, 0xff, 0xff, 0xff, 0xfc, 0x0, 0x3f,
    0xff, 0xff, 0xf4, 0x0, 0x0, 0xff, 0xff, 0xff,
    0xc0, 0x7, 0xff, 0xff, 0xfc, 0x0, 0x0, 0x2,
    0xff, 0xff, 0xfe, 0x0, 0xbf, 0xff, 0xff, 0x0,
    0x0, 0x0, 0xf, 0xff, 0xff, 0xf0, 0xb, 0xff,
    0xff, 0xf0, 0x0, 0x0, 0x0, 0xbf, 0xff, 0xff,
    0x0, 0xff, 0xff, 0xfe, 0x0, 0x0, 0x0, 0x7,
    0xff, 0xff, 0xf0, 0xf, 0xff, 0xff, 0xd0, 0x0,
    0x0, 0x0, 0x7f, 0xff, 0xff, 0x0, 0xbf, 0xff,
    0xfe, 0x0, 0x0, 0x0, 0x7, 0xff, 0xff, 0xf0,
    0xb, 0xff, 0xff, 0xf0, 0x0, 0x0, 0x0, 0xbf,
    0xff, 0xfe, 0x0, 0x7f, 0xff, 0xff, 0x40, 0x0,
    0x0, 0xf, 0xff, 0xff, 0xd0, 0x3, 0xff, 0xff,
    0xfc, 0x0, 0x0, 0x3, 0xff, 0xff, 0xfc, 0x0,
    0x1f, 0xff, 0xff, 0xf8, 0x0, 0x2, 0xff, 0xff,
    0xff, 0x80, 0x0, 0xff, 0xff, 0xff, 0xfe, 0xab,
    0xff, 0xff, 0xff, 0xf0, 0x0, 0x3, 0xff, 0xff,
    0xff, 0xff, 0xff, 0xff, 0xff, 0xfc, 0x0, 0x0,
    0xf, 0xff, 0xff, 0xff, 0xff, 0xff, 0xff, 0xff,
    0x40, 0x0, 0x0, 0x2f, 0xff, 0xff, 0xff, 0xff,
    0xff, 0xff, 0xc0, 0x0, 0x0, 0x7, 0xff, 0xff,
    0xff, 0xff, 0xff, 0xff, 0xfd, 0x0, 0x0, 0x2,
    0xff, 0xff, 0xff, 0xff, 0xff, 0xff, 0xff, 0xf8,
    0x0, 0x0, 0xff, 0xff, 0xff, 0xff, 0xff, 0xff,
    0xff, 0xff, 0xf0, 0x0, 0x2f, 0xff, 0xff, 0xff,
    0xff, 0xff, 0xff, 0xff, 0xff, 0xc0, 0xb, 0xff,
    0xff, 0xff, 0xe4, 0x1, 0x7f, 0xff, 0xff, 0xfe,
    0x0, 0xff, 0xff, 0xff, 0xd0, 0x0, 0x0, 0x3f,
    0xff, 0xff, 0xf4, 0x2f, 0xff, 0xff, 0xe0, 0x0,
    0x0, 0x0, 0xbf, 0xff, 0xff, 0xc3, 0xff, 0xff,
    0xfc, 0x0, 0x0, 0x0, 0x3, 0xff, 0xff, 0xfc,
    0x3f, 0xff, 0xff, 0x40, 0x0, 0x0, 0x0, 0xf,
    0xff, 0xff, 0xd7, 0xff, 0xff, 0xf0, 0x0, 0x0,
    0x0, 0x0, 0xff, 0xff, 0xfe, 0xbf, 0xff, 0xff,
    0x0, 0x0, 0x0, 0x0, 0xf, 0xff, 0xff, 0xeb,
    0xff, 0xff, 0xf0, 0x0, 0x0, 0x0, 0x0, 0xff,
    0xff, 0xfe, 0xbf, 0xff, 0xff, 0x0, 0x0, 0x0,
    0x0, 0xf, 0xff, 0xff, 0xe7, 0xff, 0xff, 0xf4,
    0x0, 0x0, 0x0, 0x0, 0xff, 0xff, 0xfe, 0x3f,
    0xff, 0xff, 0xc0, 0x0, 0x0, 0x0, 0x2f, 0xff,
    0xff, 0xd3, 0xff, 0xff, 0xfe, 0x0, 0x0, 0x0,
    0x7, 0xff, 0xff, 0xfc, 0x2f, 0xff, 0xff, 0xf8,
    0x0, 0x0, 0x1, 0xff, 0xff, 0xff, 0xc0, 0xff,
    0xff, 0xff, 0xf8, 0x0, 0x1, 0xff, 0xff, 0xff,
    0xf4, 0xb, 0xff, 0xff, 0xff, 0xff, 0xff, 0xff,
    0xff, 0xff, 0xff, 0x0, 0x3f, 0xff, 0xff, 0xff,
    0xff, 0xff, 0xff, 0xff, 0xff, 0xc0, 0x0, 0xff,
    0xff, 0xff, 0xff, 0xff, 0xff, 0xff, 0xff, 0xf4,
    0x0, 0x3, 0xff, 0xff, 0xff, 0xff, 0xff, 0xff,
    0xff, 0xfc, 0x0, 0x0, 0xb, 0xff, 0xff, 0xff,
    0xff, 0xff, 0xff, 0xff, 0x0, 0x0, 0x0, 0x1f,
    0xff, 0xff, 0xff, 0xff, 0xff, 0xff, 0x40, 0x0,
    0x0, 0x0, 0x1b, 0xff, 0xff, 0xff, 0xff, 0xff,
    0x40, 0x0, 0x0, 0x0, 0x0, 0x6, 0xff, 0xff,
    0xff, 0xf9, 0x0, 0x0, 0x0, 0x0, 0x0, 0x0,
    0x0, 0x15, 0x55, 0x40, 0x0, 0x0, 0x0, 0x0,

    /* U+0039 "9" */
    0x0, 0x0, 0x0, 0x1b, 0xff, 0xfe, 0x40, 0x0,
    0x0, 0x0, 0x0, 0x0, 0x1, 0xff, 0xff, 0xff,
    0xff, 0x80, 0x0, 0x0, 0x0, 0x0, 0x7, 0xff,
    0xff, 0xff, 0xff, 0xff, 0x40, 0x0, 0x0, 0x0,
    0xf, 0xff, 0xff, 0xff, 0xff, 0xff, 0xf8, 0x0,
    0x0, 0x0, 0x1f, 0xff, 0xff, 0xff, 0xff, 0xff,
    0xff, 0xc0, 0x0, 0x0, 0x1f, 0xff, 0xff, 0xff,
    0xff, 0xff, 0xff, 0xfd, 0x0, 0x0, 0x1f, 0xff,
    0xff, 0xff, 0xff, 0xff, 0xff, 0xff, 0xc0, 0x0,
    0xf, 0xff, 0xff, 0xff, 0xff, 0xff, 0xff, 0xff,
    0xfc, 0x0, 0xb, 0xff, 0xff, 0xff, 0xe5, 0x6f,
    0xff, 0xff, 0xff, 0xc0, 0x3, 0xff, 0xff, 0xff,
    0x40, 0x0, 0x2f, 0xff, 0xff, 0xf4, 0x2, 0xff,
    0xff, 0xfe, 0x0, 0x0, 0x0, 0xff, 0xff, 0xff,
    0x0, 0xff, 0xff, 0xfe, 0x0, 0x0, 0x0, 0xf,
    0xff, 0xff, 0xd0, 0x3f, 0xff, 0xff, 0x0, 0x0,
    0x0, 0x2, 0xff, 0xff, 0xfc, 0x1f, 0xff, 0xff,
    0xc0, 0x0, 0x0, 0x0, 0x3f, 0xff, 0xff, 0x4b,
    0xff, 0xff, 0xe0, 0x0, 0x0, 0x0, 0xf, 0xff,
    0xff, 0xe2, 0xff, 0xff, 0xf4, 0x0, 0x0, 0x0,
    0x3, 0xff, 0xff, 0xfc, 0xbf, 0xff, 0xfe, 0x0,
    0x0, 0x0, 0x0, 0xff, 0xff, 0xff, 0x2f, 0xff,
    0xff, 0x80, 0x0, 0x0, 0x0, 0x3f, 0xff, 0xff,
    0xd7, 0xff, 0xff, 0xf0, 0x0, 0x0, 0x0, 0x1f,
    0xff, 0xff, 0xf5, 0xff, 0xff, 0xfd, 0x0, 0x0,
    0x0, 0xf, 0xff, 0xff, 0xfe, 0x3f, 0xff, 0xff,
    0xd0, 0x0, 0x0, 0xb, 0xff, 0xff, 0xff, 0x8b,
    0xff, 0xff, 0xfd, 0x0, 0x0, 0xf, 0xff, 0xff,
    0xff, 0xf1, 0xff, 0xff, 0xff, 0xf4, 0x0, 0x6f,
    0xff, 0xff, 0xff, 0xfc, 0x3f, 0xff, 0xff, 0xff,
    0xff, 0xff, 0xff, 0xff, 0xff, 0xff, 0x3, 0xff,
    0xff, 0xff, 0xff, 0xff, 0xff, 0xff, 0xff, 0xff,
    0xc0, 0x7f, 0xff, 0xff, 0xff, 0xff, 0xff, 0xff,
    0xff, 0xff, 0xf0, 0x7, 0xff, 0xff, 0xff, 0xff,
    0xff, 0xff, 0xff, 0xff, 0xfc, 0x0, 0x7f, 0xff,
    0xff, 0xff, 0xff, 0xff, 0xbf, 0xff, 0xfe, 0x0,
    0x3, 0xff, 0xff, 0xff, 0xff, 0xfe, 0x2f, 0xff,
    0xff, 0x80, 0x0, 0x1f, 0xff, 0xff, 0xff, 0xfd,
    0xf, 0xff, 0xff, 0xe0, 0x0, 0x0, 0x6f, 0xff,
    0xff, 0xe0, 0x3, 0xff, 0xff, 0xf4, 0x0, 0x0,
    0x0, 0x5, 0x54, 0x0, 0x0, 0xff, 0xff, 0xfc,
    0x0, 0x0, 0x0, 0x0, 0x0, 0x0, 0x0, 0x7f,
    0xff, 0xff, 0x0, 0x0, 0x0, 0x0, 0x0, 0x0,
    0x0, 0x3f, 0xff, 0xff, 0x80, 0x0, 0x0, 0x0,
    0x0, 0x0, 0x0, 0xf, 0xff, 0xff, 0xd0, 0x0,
    0x0, 0x0, 0x0, 0x0, 0x0, 0xf, 0xff, 0xff,
    0xf0, 0x0, 0x0, 0x0, 0x0, 0x0, 0x0, 0x7,
    0xff, 0xff, 0xf8, 0x0, 0x0, 0x0, 0x0, 0x0,
    0x0, 0x7, 0xff, 0xff, 0xfc, 0x0, 0x0, 0x0,
    0x0, 0x0, 0x0, 0x7, 0xff, 0xff, 0xfe, 0x0,
    0x0, 0x38, 0x0, 0x0, 0x0, 0xf, 0xff, 0xff,
    0xff, 0x0, 0x0, 0x1f, 0xe4, 0x0, 0x0, 0x6f,
    0xff, 0xff, 0xff, 0x40, 0x0, 0xf, 0xff, 0xfe,
    0xaf, 0xff, 0xff, 0xff, 0xff, 0x80, 0x0, 0x7,
    0xff, 0xff, 0xff, 0xff, 0xff, 0xff, 0xff, 0xc0,
    0x0, 0x3, 0xff, 0xff, 0xff, 0xff, 0xff, 0xff,
    0xff, 0xc0, 0x0, 0x1, 0xff, 0xff, 0xff, 0xff,
    0xff, 0xff, 0xff, 0xc0, 0x0, 0x0, 0xff, 0xff,
    0xff, 0xff, 0xff, 0xff, 0xff, 0x80, 0x0, 0x0,
    0x7f, 0xff, 0xff, 0xff, 0xff, 0xff, 0xff, 0x40,
    0x0, 0x0, 0x1f, 0xff, 0xff, 0xff, 0xff, 0xff,
    0xfe, 0x0, 0x0, 0x0, 0x0, 0x7f, 0xff, 0xff,
    0xff, 0xff, 0xf8, 0x0, 0x0, 0x0, 0x0, 0x0,
    0x6f, 0xff, 0xff, 0xff, 0x90, 0x0, 0x0, 0x0,
    0x0, 0x0, 0x0, 0x5, 0x55, 0x50, 0x0, 0x0,
    0x0, 0x0, 0x0,

    /* U+003A ":" */
    0x0, 0x15, 0x40, 0x0, 0x1f, 0xff, 0x80, 0xb,
    0xff, 0xff, 0x2, 0xff, 0xff, 0xfc, 0x3f, 0xff,
    0xff, 0xd7, 0xff, 0xff, 0xff, 0xbf, 0xff, 0xff,
    0xfb, 0xff, 0xff, 0xff, 0xbf, 0xff, 0xff, 0xf7,
    0xff, 0xff, 0xfe, 0x3f, 0xff, 0xff, 0xc0, 0xff,
    0xff, 0xf8, 0x3, 0xff, 0xfe, 0x0, 0x7, 0xfe,
    0x0, 0x0, 0x0, 0x0, 0x0, 0x0, 0x0, 0x0,
    0x0, 0x0, 0x0, 0x0, 0x0, 0x0, 0x0, 0x0,
    0x0, 0x0, 0x0, 0x0, 0x0, 0x0, 0x0, 0x0,
    0x0, 0x0, 0x0, 0x0, 0x0, 0x0, 0x0, 0x0,
    0x0, 0x0, 0x0, 0x0, 0x0, 0x0, 0x0, 0x0,
    0xb, 0xfe, 0x0, 0x7, 0xff, 0xfe, 0x1, 0xff,
    0xff, 0xf8, 0x3f, 0xff, 0xff, 0xc7, 0xff, 0xff,
    0xfe, 0xbf, 0xff, 0xff, 0xfb, 0xff, 0xff, 0xff,
    0xbf, 0xff, 0xff, 0xf7, 0xff, 0xff, 0xfe, 0x3f,
    0xff, 0xff, 0xd2, 0xff, 0xff, 0xfc, 0xb, 0xff,
    0xff, 0x0, 0x1f, 0xff, 0x80, 0x0, 0x15, 0x40,
    0x0,

    /* U+003B ";" */
    0x0, 0x15, 0x40, 0x0, 0x1f, 0xff, 0x80, 0xb,
    0xff, 0xff, 0x2, 0xff, 0xff, 0xfc, 0x3f, 0xff,
    0xff, 0xd7, 0xff, 0xff, 0xff, 0xbf, 0xff, 0xff,
    0xfb, 0xff, 0xff, 0xff, 0xbf, 0xff, 0xff, 0xf7,
    0xff, 0xff, 0xfe, 0x3f, 0xff, 0xff, 0xc0, 0xff,
    0xff, 0xf8, 0x3, 0xff, 0xfe, 0x0, 0x7, 0xfe,
    0x0, 0x0, 0x0, 0x0, 0x0, 0x0, 0x0, 0x0,
    0x0, 0x0, 0x0, 0x0, 0x0, 0x0, 0x0, 0x0,
    0x0, 0x0, 0x0, 0x0, 0x0, 0x0, 0x0, 0x0,
    0x0, 0x0, 0x0, 0x0, 0x0, 0x0, 0x0, 0x0,
    0x0, 0x0, 0x0, 0x0, 0x0, 0x0, 0x0, 0x0,
    0xb, 0xff, 0x40, 0x7, 0xff, 0xff, 0x1, 0xff,
    0xff, 0xfc, 0x3f, 0xff, 0xff, 0xd7, 0xff, 0xff,
    0xfe, 0x7f, 0xff, 0xff, 0xfb, 0xff, 0xff, 0xff,
    0x7f, 0xff, 0xff, 0xf7, 0xff, 0xff, 0xff, 0x3f,
    0xff, 0xff, 0xe1, 0xff, 0xff, 0xfc, 0x7, 0xff,
    0xff, 0xc0, 0xf, 0xff, 0xf4, 0x0, 0xff, 0xff,
    0x0, 0x1f, 0xff, 0xe0, 0x2, 0xff, 0xfd, 0x0,
    0x3f, 0xff, 0xc0, 0x3, 0xff, 0xf4, 0x0, 0x7f,
    0xff, 0x0, 0xb, 0xff, 0xe0, 0x0, 0xff, 0xfd,
    0x0, 0x1f, 0xff, 0xc0, 0x2, 0xff, 0xf4, 0x0,
    0x1a, 0xaa, 0x0, 0x0,

    /* U+003C "<" */
    0x0, 0x0, 0x0, 0x0, 0x0, 0x0, 0x0, 0x0,
    0x0, 0x0, 0x0, 0x0, 0x0, 0x0, 0x0, 0x0,
    0x6e, 0x0, 0x0, 0x0, 0x0, 0x0, 0x0, 0x0,
    0xbf, 0xe0, 0x0, 0x0, 0x0, 0x0, 0x0, 0x1,
    0xff, 0xfe, 0x0, 0x0, 0x0, 0x0, 0x0, 0x6,
    0xff, 0xff, 0xe0, 0x0, 0x0, 0x0, 0x0, 0xb,
    0xff, 0xff, 0xfe, 0x0, 0x0, 0x0, 0x0, 0x1f,
    0xff, 0xff, 0xff, 0xe0, 0x0, 0x0, 0x0, 0x2f,
    0xff, 0xff, 0xff, 0xfe, 0x0, 0x0, 0x0, 0x7f,
    0xff, 0xff, 0xff, 0xff, 0xe0, 0x0, 0x1, 0xbf,
    0xff, 0xff, 0xff, 0xff, 0xf8, 0x0, 0x2, 0xff,
    0xff, 0xff, 0xff, 0xff, 0xe4, 0x0, 0x7, 0xff,
    0xff, 0xff, 0xff, 0xff, 0xd0, 0x0, 0x1b, 0xff,
    0xff, 0xff, 0xff, 0xff, 0x80, 0x0, 0xb, 0xff,
    0xff, 0xff, 0xff, 0xfe, 0x40, 0x0, 0x0, 0xbf,
    0xff, 0xff, 0xff, 0xf9, 0x0, 0x0, 0x0, 0xb,
    0xff, 0xff, 0xff, 0xf4, 0x0, 0x0, 0x0, 0x0,
    0xbf, 0xff, 0xff, 0xe0, 0x0, 0x0, 0x0, 0x0,
    0xb, 0xff, 0xff, 0xd0, 0x0, 0x0, 0x0, 0x0,
    0x0, 0xbf, 0xff, 0xff, 0x80, 0x0, 0x0, 0x0,
    0x0, 0xb, 0xff, 0xff, 0xff, 0xe0, 0x0, 0x0,
    0x0, 0x0, 0xbf, 0xff, 0xff, 0xff, 0xf4, 0x0,
    0x0, 0x0, 0xb, 0xff, 0xff, 0xff, 0xff, 0xf9,
    0x0, 0x0, 0x0, 0x2f, 0xff, 0xff, 0xff, 0xff,
    0xfe, 0x40, 0x0, 0x0, 0x1f, 0xff, 0xff, 0xff,
    0xff, 0xff, 0x80, 0x0, 0x0, 0xb, 0xff, 0xff,
    0xff, 0xff, 0xff, 0xd0, 0x0, 0x0, 0x6, 0xff,
    0xff, 0xff, 0xff, 0xff, 0xe4, 0x0, 0x0, 0x1,
    0xff, 0xff, 0xff, 0xff, 0xff, 0xe0, 0x0, 0x0,
    0x0, 0xbf, 0xff, 0xff, 0xff, 0xfe, 0x0, 0x0,
    0x0, 0x0, 0x6f, 0xff, 0xff, 0xff, 0xe0, 0x0,
    0x0, 0x0, 0x0, 0x1f, 0xff, 0xff, 0xfe, 0x0,
    0x0, 0x0, 0x0, 0x0, 0xb, 0xff, 0xff, 0xe0,
    0x0, 0x0, 0x0, 0x0, 0x0, 0x6, 0xff, 0xfe,
    0x0, 0x0, 0x0, 0x0, 0x0, 0x0, 0x1, 0xff,
    0xe0, 0x0, 0x0, 0x0, 0x0, 0x0, 0x0, 0x0,
    0xbe, 0x0, 0x0, 0x0, 0x0, 0x0, 0x0, 0x0,
    0x0, 0x50,

    /* U+003D "=" */
    0xbf, 0xff, 0xff, 0xff, 0xff, 0xff, 0xff, 0xff,
    0xeb, 0xff, 0xff, 0xff, 0xff, 0xff, 0xff, 0xff,
    0xfe, 0xbf, 0xff, 0xff, 0xff, 0xff, 0xff, 0xff,
    0xff, 0xeb, 0xff, 0xff, 0xff, 0xff, 0xff, 0xff,
    0xff, 0xfe, 0xbf, 0xff, 0xff, 0xff, 0xff, 0xff,
    0xff, 0xff, 0xeb, 0xff, 0xff, 0xff, 0xff, 0xff,
    0xff, 0xff, 0xfe, 0xbf, 0xff, 0xff, 0xff, 0xff,
    0xff, 0xff, 0xff, 0xeb, 0xff, 0xff, 0xff, 0xff,
    0xff, 0xff, 0xff, 0xfe, 0x55, 0x55, 0x55, 0x55,
    0x55, 0x55, 0x55, 0x55, 0x50, 0x0, 0x0, 0x0,
    0x0, 0x0, 0x0, 0x0, 0x0, 0x0, 0x0, 0x0,
    0x0, 0x0, 0x0, 0x0, 0x0, 0x0, 0x0, 0x0,
    0x0, 0x0, 0x0, 0x0, 0x0, 0x0, 0x0, 0x0,
    0x0, 0x0, 0x0, 0x0, 0x0, 0x0, 0x0, 0x0,
    0x0, 0x0, 0x0, 0x0, 0x0, 0x0, 0x0, 0x0,
    0x0, 0x0, 0x0, 0x0, 0x0, 0x0, 0x0, 0x0,
    0x0, 0x0, 0x0, 0x0, 0x0, 0x0, 0x0, 0x0,
    0x0, 0x0, 0x0, 0x0, 0x0, 0x0, 0x0, 0x0,
    0x5, 0x55, 0x55, 0x55, 0x55, 0x55, 0x55, 0x55,
    0x55, 0xbf, 0xff, 0xff, 0xff, 0xff, 0xff, 0xff,
    0xff, 0xeb, 0xff, 0xff, 0xff, 0xff, 0xff, 0xff,
    0xff, 0xfe, 0xbf, 0xff, 0xff, 0xff, 0xff, 0xff,
    0xff, 0xff, 0xeb, 0xff, 0xff, 0xff, 0xff, 0xff,
    0xff, 0xff, 0xfe, 0xbf, 0xff, 0xff, 0xff, 0xff,
    0xff, 0xff, 0xff, 0xeb, 0xff, 0xff, 0xff, 0xff,
    0xff, 0xff, 0xff, 0xfe, 0xbf, 0xff, 0xff, 0xff,
    0xff, 0xff, 0xff, 0xff, 0xeb, 0xff, 0xff, 0xff,
    0xff, 0xff, 0xff, 0xff, 0xfe,

    /* U+003E ">" */
    0x0, 0x0, 0x0, 0x0, 0x0, 0x0, 0x0, 0x0,
    0xb, 0x90, 0x0, 0x0, 0x0, 0x0, 0x0, 0x0,
    0x0, 0xbf, 0xe0, 0x0, 0x0, 0x0, 0x0, 0x0,
    0x0, 0xb, 0xff, 0xf4, 0x0, 0x0, 0x0, 0x0,
    0x0, 0x0, 0xbf, 0xff, 0xf9, 0x0, 0x0, 0x0,
    0x0, 0x0, 0xb, 0xff, 0xff, 0xfe, 0x0, 0x0,
    0x0, 0x0, 0x0, 0xbf, 0xff, 0xff, 0xff, 0x40,
    0x0, 0x0, 0x0, 0xb, 0xff, 0xff, 0xff, 0xff,
    0x80, 0x0, 0x0, 0x0, 0xbf, 0xff, 0xff, 0xff,
    0xff, 0xd0, 0x0, 0x0, 0x2, 0xff, 0xff, 0xff,
    0xff, 0xff, 0xe4, 0x0, 0x0, 0x1, 0xbf, 0xff,
    0xff, 0xff, 0xff, 0xf8, 0x0, 0x0, 0x0, 0x7f,
    0xff, 0xff, 0xff, 0xff, 0xfd, 0x0, 0x0, 0x0,
    0x2f, 0xff, 0xff, 0xff, 0xff, 0xfe, 0x40, 0x0,
    0x0, 0x1b, 0xff, 0xff, 0xff, 0xff, 0xfe, 0x0,
    0x0, 0x0, 0x6, 0xff, 0xff, 0xff, 0xff, 0xe0,
    0x0, 0x0, 0x0, 0x1, 0xff, 0xff, 0xff, 0xfe,
    0x0, 0x0, 0x0, 0x0, 0x0, 0xbf, 0xff, 0xff,
    0xe0, 0x0, 0x0, 0x0, 0x0, 0x0, 0x7f, 0xff,
    0xfe, 0x0, 0x0, 0x0, 0x0, 0x0, 0x2f, 0xff,
    0xff, 0xe0, 0x0, 0x0, 0x0, 0x0, 0xbf, 0xff,
    0xff, 0xfe, 0x0, 0x0, 0x0, 0x1, 0xff, 0xff,
    0xff, 0xff, 0xe0, 0x0, 0x0, 0x6, 0xff, 0xff,
    0xff, 0xff, 0xfe, 0x0, 0x0, 0x1b, 0xff, 0xff,
    0xff, 0xff, 0xff, 0x80, 0x0, 0x2f, 0xff, 0xff,
    0xff, 0xff, 0xff, 0x40, 0x0, 0x7f, 0xff, 0xff,
    0xff, 0xff, 0xfe, 0x0, 0x1, 0xbf, 0xff, 0xff,
    0xff, 0xff, 0xf9, 0x0, 0x0, 0xbf, 0xff, 0xff,
    0xff, 0xff, 0xf4, 0x0, 0x0, 0xb, 0xff, 0xff,
    0xff, 0xff, 0xe0, 0x0, 0x0, 0x0, 0xbf, 0xff,
    0xff, 0xff, 0x90, 0x0, 0x0, 0x0, 0xb, 0xff,
    0xff, 0xff, 0x40, 0x0, 0x0, 0x0, 0x0, 0xbf,
    0xff, 0xfe, 0x0, 0x0, 0x0, 0x0, 0x0, 0xb,
    0xff, 0xf9, 0x0, 0x0, 0x0, 0x0, 0x0, 0x0,
    0xbf, 0xf4, 0x0, 0x0, 0x0, 0x0, 0x0, 0x0,
    0xb, 0xe0, 0x0, 0x0, 0x0, 0x0, 0x0, 0x0,
    0x0, 0x50, 0x0, 0x0, 0x0, 0x0, 0x0, 0x0,
    0x0, 0x0,

    /* U+003F "?" */
    0x0, 0x0, 0x0, 0x6, 0xbf, 0xff, 0xe4, 0x0,
    0x0, 0x0, 0x0, 0x0, 0xb, 0xff, 0xff, 0xff,
    0xff, 0x90, 0x0, 0x0, 0x0, 0x7, 0xff, 0xff,
    0xff, 0xff, 0xff, 0xf4, 0x0, 0x0, 0x0, 0xff,
    0xff, 0xff, 0xff, 0xff, 0xff, 0xf8, 0x0, 0x0,
    0x1f, 0xff, 0xff, 0xff, 0xff, 0xff, 0xff, 0xfc,
    0x0, 0x2, 0xff, 0xff, 0xff, 0xff, 0xff, 0xff,
    0xff, 0xfc, 0x0, 0x2f, 0xff, 0xff, 0xff, 0xff,
    0xff, 0xff, 0xff, 0xf8, 0x2, 0xff, 0xff, 0xff,
    0xff, 0xff, 0xff, 0xff, 0xff, 0xf4, 0x1f, 0xff,
    0xff, 0xff, 0xff, 0xff, 0xff, 0xff, 0xff, 0xe0,
    0xbf, 0xff, 0xff, 0xf9, 0x40, 0x5f, 0xff, 0xff,
    0xff, 0xc0, 0x7f, 0xff, 0xfe, 0x0, 0x0, 0x7,
    0xff, 0xff, 0xff, 0x40, 0x1f, 0xff, 0xc0, 0x0,
    0x0, 0x3, 0xff, 0xff, 0xfd, 0x0, 0xb, 0xfc,
    0x0, 0x0, 0x0, 0x7, 0xff, 0xff, 0xf8, 0x0,
    0x3, 0xc0, 0x0, 0x0, 0x0, 0xf, 0xff, 0xff,
    0xd0, 0x0, 0x0, 0x0, 0x0, 0x0, 0x0, 0x3f,
    0xff, 0xff, 0x40, 0x0, 0x0, 0x0, 0x0, 0x0,
    0x0, 0xff, 0xff, 0xfd, 0x0, 0x0, 0x0, 0x0,
    0x0, 0x0, 0x3, 0xff, 0xff, 0xf0, 0x0, 0x0,
    0x0, 0x0, 0x0, 0x0, 0x2f, 0xff, 0xff, 0xc0,
    0x0, 0x0, 0x0, 0x0, 0x0, 0x1, 0xff, 0xff,
    0xfd, 0x0, 0x0, 0x0, 0x0, 0x0, 0x0, 0x1f,
    0xff, 0xff, 0xf0, 0x0, 0x0, 0x0, 0x0, 0x0,
    0x1, 0xff, 0xff, 0xff, 0x40, 0x0, 0x0, 0x0,
    0x0, 0x0, 0x1f, 0xff, 0xff, 0xf8, 0x0, 0x0,
    0x0, 0x0, 0x0, 0x1, 0xff, 0xff, 0xff, 0x80,
    0x0, 0x0, 0x0, 0x0, 0x0, 0x1f, 0xff, 0xff,
    0xf8, 0x0, 0x0, 0x0, 0x0, 0x0, 0x1, 0xff,
    0xff, 0xff, 0x80, 0x0, 0x0, 0x0, 0x0, 0x0,
    0xf, 0xff, 0xff, 0xf4, 0x0, 0x0, 0x0, 0x0,
    0x0, 0x0, 0xff, 0xff, 0xff, 0x40, 0x0, 0x0,
    0x0, 0x0, 0x0, 0x7, 0xff, 0xff, 0xf4, 0x0,
    0x0, 0x0, 0x0, 0x0, 0x0, 0x3f, 0xff, 0xff,
    0x40, 0x0, 0x0, 0x0, 0x0, 0x0, 0x1, 0xff,
    0xff, 0xfc, 0x0, 0x0, 0x0, 0x0, 0x0, 0x0,
    0xb, 0xff, 0xff, 0xc0, 0x0, 0x0, 0x0, 0x0,
    0x0, 0x0, 0x2f, 0xff, 0xff, 0x0, 0x0, 0x0,
    0x0, 0x0, 0x0, 0x0, 0xff, 0xff, 0xfc, 0x0,
    0x0, 0x0, 0x0, 0x0, 0x0, 0x0, 0x0, 0x0,
    0x0, 0x0, 0x0, 0x0, 0x0, 0x0, 0x0, 0x0,
    0x0, 0x0, 0x0, 0x0, 0x0, 0x0, 0x0, 0x0,
    0x0, 0x0, 0x0, 0x0, 0x0, 0x0, 0x0, 0x0,
    0x0, 0x0, 0x0, 0x0, 0x0, 0x0, 0x0, 0x0,
    0x0, 0x0, 0x0, 0x0, 0x0, 0x0, 0x0, 0x0,
    0x0, 0x0, 0x0, 0x0, 0x0, 0x0, 0x0, 0x7f,
    0xf4, 0x0, 0x0, 0x0, 0x0, 0x0, 0x0, 0x0,
    0xf, 0xff, 0xfc, 0x0, 0x0, 0x0, 0x0, 0x0,
    0x0, 0x0, 0xff, 0xff, 0xfc, 0x0, 0x0, 0x0,
    0x0, 0x0, 0x0, 0xb, 0xff, 0xff, 0xf8, 0x0,
    0x0, 0x0, 0x0, 0x0, 0x0, 0x3f, 0xff, 0xff,
    0xf0, 0x0, 0x0, 0x0, 0x0, 0x0, 0x0, 0xff,
    0xff, 0xff, 0xc0, 0x0, 0x0, 0x0, 0x0, 0x0,
    0x3, 0xff, 0xff, 0xff, 0x0, 0x0, 0x0, 0x0,
    0x0, 0x0, 0xf, 0xff, 0xff, 0xfc, 0x0, 0x0,
    0x0, 0x0, 0x0, 0x0, 0x2f, 0xff, 0xff, 0xf0,
    0x0, 0x0, 0x0, 0x0, 0x0, 0x0, 0x3f, 0xff,
    0xff, 0x40, 0x0, 0x0, 0x0, 0x0, 0x0, 0x0,
    0x7f, 0xff, 0xf4, 0x0, 0x0, 0x0, 0x0, 0x0,
    0x0, 0x0, 0x7f, 0xff, 0x40, 0x0, 0x0, 0x0,
    0x0, 0x0, 0x0, 0x0, 0x5, 0x40, 0x0, 0x0,
    0x0, 0x0,

    /* U+0040 "@" */
    0x0, 0x0, 0x0, 0x0, 0x0, 0x0, 0x1, 0xaf,
    0xff, 0xfe, 0x94, 0x0, 0x0, 0x0, 0x0, 0x0,
    0x0, 0x0, 0x0, 0x0, 0x0, 0x0, 0x2, 0xff,
    0xff, 0xff, 0xff, 0xff, 0xe0, 0x0, 0x0, 0x0,
    0x0, 0x0, 0x0, 0x0, 0x0, 0x0, 0x0, 0xbf,
    0xff, 0xff, 0xff, 0xff, 0xff, 0xff, 0x80, 0x0,
    0x0, 0x0, 0x0, 0x0, 0x0, 0x0, 0x0, 0xb,
    0xff, 0xff, 0xff, 0xff, 0xff, 0xff, 0xff, 0xf8,
    0x0, 0x0, 0x0, 0x0, 0x0, 0x0, 0x0, 0x0,
    0xbf, 0xff, 0xff, 0xff, 0xff, 0xff, 0xff, 0xff,
    0xff, 0x80, 0x0, 0x0, 0x0, 0x0, 0x0, 0x0,
    0x7, 0xff, 0xff, 0xff, 0xff, 0xff, 0xff, 0xff,
    0xff, 0xff, 0xf4, 0x0, 0x0, 0x0, 0x0, 0x0,
    0x0, 0x3f, 0xff, 0xff, 0xff, 0xff, 0xaa, 0xaf,
    0xff, 0xff, 0xff, 0xfe, 0x0, 0x0, 0x0, 0x0,
    0x0, 0x1, 0xff, 0xff, 0xff, 0xf9, 0x0, 0x0,
    0x0, 0x1b, 0xff, 0xff, 0xff, 0xc0, 0x0, 0x0,
    0x0, 0x0, 0x7, 0xff, 0xff, 0xfe, 0x40, 0x0,
    0x0, 0x0, 0x0, 0x1f, 0xff, 0xff, 0xf4, 0x0,
    0x0, 0x0, 0x0, 0x1f, 0xff, 0xff, 0xe0, 0x0,
    0x0, 0x0, 0x0, 0x0, 0x1, 0xff, 0xff, 0xfd,
    0x0, 0x0, 0x0, 0x0, 0x7f, 0xff, 0xfe, 0x0,
    0x0, 0x0, 0x0, 0x0, 0x0, 0x0, 0x1f, 0xff,
    0xff, 0x40, 0x0, 0x0, 0x1, 0xff, 0xff, 0xf4,
    0x0, 0x0, 0x0, 0x0, 0x0, 0x0, 0x0, 0x2,
    0xff, 0xff, 0xc0, 0x0, 0x0, 0x3, 0xff, 0xff,
    0xc0, 0x0, 0x0, 0x0, 0x0, 0x0, 0x0, 0x0,
    0x0, 0x7f, 0xff, 0xf0, 0x0, 0x0, 0xf, 0xff,
    0xff, 0x0, 0x0, 0x0, 0x0, 0x0, 0x0, 0x0,
    0x0, 0x0, 0x1f, 0xff, 0xf8, 0x0, 0x0, 0x1f,
    0xff, 0xfc, 0x0, 0x0, 0x0, 0x0, 0x0, 0x0,
    0x0, 0x0, 0x0, 0x7, 0xff, 0xfd, 0x0, 0x0,
    0x3f, 0xff, 0xf0, 0x0, 0x0, 0x2, 0xbf, 0xfe,
    0x40, 0x2, 0xaa, 0xaa, 0x2, 0xff, 0xff, 0x0,
    0x0, 0xbf, 0xff, 0xd0, 0x0, 0x0, 0x7f, 0xff,
    0xff, 0xf8, 0x7, 0xff, 0xff, 0x0, 0xbf, 0xff,
    0x40, 0x0, 0xff, 0xff, 0x80, 0x0, 0x3, 0xff,
    0xff, 0xff, 0xff, 0x47, 0xff, 0xff, 0x0, 0x3f,
    0xff, 0xc0, 0x2, 0xff, 0xff, 0x0, 0x0, 0x1f,
    0xff, 0xff, 0xff, 0xff, 0xe7, 0xff, 0xff, 0x0,
    0x1f, 0xff, 0xd0, 0x3, 0xff, 0xfd, 0x0, 0x0,
    0x7f, 0xff, 0xff, 0xff, 0xff, 0xff, 0xff, 0xff,
    0x0, 0xf, 0xff, 0xe0, 0x7, 0xff, 0xfc, 0x0,
    0x1, 0xff, 0xff, 0xff, 0xff, 0xff, 0xff, 0xff,
    0xff, 0x0, 0x7, 0xff, 0xf0, 0xb, 0xff, 0xf4,
    0x0, 0x3, 0xff, 0xff, 0xff, 0xff, 0xff, 0xff,
    0xff, 0xff, 0x0, 0x3, 0xff, 0xf4, 0xf, 0xff,
    0xf0, 0x0, 0xb, 0xff, 0xff, 0xff, 0xff, 0xff,
    0xff, 0xff, 0xff, 0x0, 0x2, 0xff, 0xf8, 0x1f,
    0xff, 0xf0, 0x0, 0x1f, 0xff, 0xff, 0xf9, 0x0,
    0x6f, 0xff, 0xff, 0xff, 0x0, 0x1, 0xff, 0xfc,
    0x2f, 0xff, 0xd0, 0x0, 0x3f, 0xff, 0xff, 0xc0,
    0x0, 0x3, 0xff, 0xff, 0xff, 0x0, 0x0, 0xff,
    0xfc, 0x2f, 0xff, 0xc0, 0x0, 0x3f, 0xff, 0xff,
    0x0, 0x0, 0x0, 0xff, 0xff, 0xff, 0x0, 0x0,
    0xff, 0xfd, 0x3f, 0xff, 0xc0, 0x0, 0xbf, 0xff,
    0xfc, 0x0, 0x0, 0x0, 0x3f, 0xff, 0xff, 0x0,
    0x0, 0xbf, 0xfd, 0x3f, 0xff, 0xc0, 0x0, 0xff,
    0xff, 0xf4, 0x0, 0x0, 0x0, 0x1f, 0xff, 0xff,
    0x0, 0x0, 0xbf, 0xfe, 0x3f, 0xff, 0x80, 0x0,
    0xff, 0xff, 0xf0, 0x0, 0x0, 0x0, 0xf, 0xff,
    0xff, 0x0, 0x0, 0x7f, 0xfe, 0x3f, 0xff, 0x80,
    0x0, 0xff, 0xff, 0xe0, 0x0, 0x0, 0x0, 0xb,
    0xff, 0xff, 0x0, 0x0, 0x7f, 0xfe, 0x3f, 0xff,
    0x80, 0x1, 0xff, 0xff, 0xd0, 0x0, 0x0, 0x0,
    0x7, 0xff, 0xff, 0x0, 0x0, 0x7f, 0xfe, 0x7f,
    0xff, 0x80, 0x1, 0xff, 0xff, 0xd0, 0x0, 0x0,
    0x0, 0x7, 0xff, 0xff, 0x0, 0x0, 0x7f, 0xfe,
    0x3f, 0xff, 0x80, 0x1, 0xff, 0xff, 0xd0, 0x0,
    0x0, 0x0, 0x7, 0xff, 0xff, 0x0, 0x0, 0x7f,
    0xfe, 0x3f, 0xff, 0x80, 0x1, 0xff, 0xff, 0xd0,
    0x0, 0x0, 0x0, 0x7, 0xff, 0xff, 0x0, 0x0,
    0x7f, 0xfe, 0x3f, 0xff, 0x80, 0x1, 0xff, 0xff,
    0xd0, 0x0, 0x0, 0x0, 0x7, 0xff, 0xff, 0x0,
    0x0, 0x7f, 0xfe, 0x3f, 0xff, 0xc0, 0x0, 0xff,
    0xff, 0xe0, 0x0, 0x0, 0x0, 0xb, 0xff, 0xff,
    0x0, 0x0, 0xbf, 0xfd, 0x3f, 0xff, 0xc0, 0x0,
    0xff, 0xff, 0xf0, 0x0, 0x0, 0x0, 0xf, 0xff,
    0xff, 0x0, 0x0, 0xbf, 0xfd, 0x3f, 0xff, 0xc0,
    0x0, 0xff, 0xff, 0xf0, 0x0, 0x0, 0x0, 0xf,
    0xff, 0xff, 0x0, 0x0, 0xff, 0xfc, 0x2f, 0xff,
    0xd0, 0x0, 0xbf, 0xff, 0xfc, 0x0, 0x0, 0x0,
    0x2f, 0xff, 0xff, 0x0, 0x0, 0xff, 0xfc, 0x1f,
    0xff, 0xe0, 0x0, 0x7f, 0xff, 0xfd, 0x0, 0x0,
    0x0, 0x7f, 0xff, 0xff, 0x0, 0x2, 0xff, 0xf8,
    0xf, 0xff, 0xf0, 0x0, 0x3f, 0xff, 0xff, 0x40,
    0x0, 0x1, 0xff, 0xff, 0xff, 0x40, 0x3, 0xff,
    0xf4, 0xf, 0xff, 0xf4, 0x0, 0x1f, 0xff, 0xff,
    0xe0, 0x0, 0xb, 0xff, 0xff, 0xff, 0xc0, 0xb,
    0xff, 0xf0, 0xb, 0xff, 0xf8, 0x0, 0xf, 0xff,
    0xff, 0xff, 0xaa, 0xff, 0xff, 0xff, 0xff, 0xf4,
    0x7f, 0xff, 0xd0, 0x3, 0xff, 0xfc, 0x0, 0x7,
    0xff, 0xff, 0xff, 0xff, 0xff, 0xff, 0xff, 0xff,
    0xff, 0xff, 0xff, 0xc0, 0x3, 0xff, 0xfe, 0x0,
    0x2, 0xff, 0xff, 0xff, 0xff, 0xff, 0xff, 0xff,
    0xff, 0xff, 0xff, 0xff, 0x40, 0x1, 0xff, 0xff,
    0x40, 0x0, 0xbf, 0xff, 0xff, 0xff, 0xff, 0xfc,
    0xbf, 0xff, 0xff, 0xff, 0xfe, 0x0, 0x0, 0xff,
    0xff, 0xc0, 0x0, 0x2f, 0xff, 0xff, 0xff, 0xff,
    0xf0, 0x3f, 0xff, 0xff, 0xff, 0xfc, 0x0, 0x0,
    0x7f, 0xff, 0xe0, 0x0, 0xb, 0xff, 0xff, 0xff,
    0xff, 0xc0, 0x1f, 0xff, 0xff, 0xff, 0xe0, 0x0,
    0x0, 0x2f, 0xff, 0xf4, 0x0, 0x0, 0xff, 0xff,
    0xff, 0xfe, 0x0, 0x7, 0xff, 0xff, 0xff, 0x40,
    0x0, 0x0, 0xf, 0xff, 0xfd, 0x0, 0x0, 0xb,
    0xff, 0xff, 0xe0, 0x0, 0x0, 0xbf, 0xff, 0xf8,
    0x0, 0x0, 0x0, 0x7, 0xff, 0xff, 0x40, 0x0,
    0x0, 0x15, 0x54, 0x0, 0x0, 0x0, 0x1, 0x55,
    0x0, 0x0, 0x0, 0x0, 0x2, 0xff, 0xff, 0xe0,
    0x0, 0x0, 0x0, 0x0, 0x0, 0x0, 0x0, 0x0,
    0x0, 0x0, 0x0, 0x0, 0x0, 0x0, 0xff, 0xff,
    0xfc, 0x0, 0x0, 0x0, 0x0, 0x0, 0x0, 0x0,
    0x0, 0x0, 0x0, 0x0, 0x0, 0x0, 0x0, 0x3f,
    0xff, 0xff, 0x80, 0x0, 0x0, 0x0, 0x0, 0x0,
    0x0, 0x0, 0x0, 0x0, 0x0, 0x0, 0x0, 0x0,
    0xf, 0xff, 0xff, 0xf8, 0x0, 0x0, 0x0, 0x0,
    0x0, 0x6, 0x40, 0x0, 0x0, 0x0, 0x0, 0x0,
    0x0, 0x2, 0xff, 0xff, 0xff, 0xd0, 0x0, 0x0,
    0x0, 0x1, 0xbf, 0x80, 0x0, 0x0, 0x0, 0x0,
    0x0, 0x0, 0x0, 0xbf, 0xff, 0xff, 0xff, 0xa5,
    0x0, 0x56, 0xbf, 0xff, 0xc0, 0x0, 0x0, 0x0,
    0x0, 0x0, 0x0, 0x0, 0x1f, 0xff, 0xff, 0xff,
    0xff, 0xff, 0xff, 0xff, 0xff, 0xd0, 0x0, 0x0,
    0x0, 0x0, 0x0, 0x0, 0x0, 0x2, 0xff, 0xff,
    0xff, 0xff, 0xff, 0xff, 0xff, 0xff, 0xf0, 0x0,
    0x0, 0x0, 0x0, 0x0, 0x0, 0x0, 0x0, 0x2f,
    0xff, 0xff, 0xff, 0xff, 0xff, 0xff, 0xff, 0xf0,
    0x0, 0x0, 0x0, 0x0, 0x0, 0x0, 0x0, 0x0,
    0x2, 0xff, 0xff, 0xff, 0xff, 0xff, 0xff, 0xff,
    0xe0, 0x0, 0x0, 0x0, 0x0, 0x0, 0x0, 0x0,
    0x0, 0x0, 0x1f, 0xff, 0xff, 0xff, 0xff, 0xff,
    0xf9, 0x0, 0x0, 0x0, 0x0, 0x0, 0x0, 0x0,
    0x0, 0x0, 0x0, 0x0, 0x6f, 0xff, 0xff, 0xff,
    0xf9, 0x40, 0x0, 0x0, 0x0, 0x0, 0x0, 0x0,
    0x0, 0x0, 0x0, 0x0, 0x0, 0x0, 0x5, 0x55,
    0x54, 0x0, 0x0, 0x0, 0x0, 0x0, 0x0, 0x0,

    /* U+0041 "A" */
    0x0, 0x0, 0x0, 0x0, 0x0, 0x6, 0xaa, 0xaa,
    0x90, 0x0, 0x0, 0x0, 0x0, 0x0, 0x0, 0x0,
    0x0, 0x0, 0x0, 0xf, 0xff, 0xff, 0xf0, 0x0,
    0x0, 0x0, 0x0, 0x0, 0x0, 0x0, 0x0, 0x0,
    0x0, 0x2f, 0xff, 0xff, 0xf4, 0x0, 0x0, 0x0,
    0x0, 0x0, 0x0, 0x0, 0x0, 0x0, 0x0, 0x3f,
    0xff, 0xff, 0xfc, 0x0, 0x0, 0x0, 0x0, 0x0,
    0x0, 0x0, 0x0, 0x0, 0x0, 0xbf, 0xff, 0xff,
    0xfc, 0x0, 0x0, 0x0, 0x0, 0x0, 0x0, 0x0,
    0x0, 0x0, 0x0, 0xff, 0xff, 0xff, 0xfe, 0x0,
    0x0, 0x0, 0x0, 0x0, 0x0, 0x0, 0x0, 0x0,
    0x1, 0xff, 0xff, 0xff, 0xff, 0x0, 0x0, 0x0,
    0x0, 0x0, 0x0, 0x0, 0x0, 0x0, 0x3, 0xff,
    0xff, 0xff, 0xff, 0x80, 0x0, 0x0, 0x0, 0x0,
    0x0, 0x0, 0x0, 0x0, 0x7, 0xff, 0xff, 0xff,
    0xff, 0xc0, 0x0, 0x0, 0x0, 0x0, 0x0, 0x0,
    0x0, 0x0, 0xf, 0xff, 0xff, 0xff, 0xff, 0xd0,
    0x0, 0x0, 0x0, 0x0, 0x0, 0x0, 0x0, 0x0,
    0x1f, 0xff, 0xff, 0xff, 0xff, 0xf0, 0x0, 0x0,
    0x0, 0x0, 0x0, 0x0, 0x0, 0x0, 0x2f, 0xff,
    0xff, 0xff, 0xff, 0xf4, 0x0, 0x0, 0x0, 0x0,
    0x0, 0x0, 0x0, 0x0, 0x3f, 0xff, 0xfd, 0xff,
    0xff, 0xfc, 0x0, 0x0, 0x0, 0x0, 0x0, 0x0,
    0x0, 0x0, 0xbf, 0xff, 0xfc, 0x7f, 0xff, 0xfd,
    0x0, 0x0, 0x0, 0x0, 0x0, 0x0, 0x0, 0x0,
    0xff, 0xff, 0xf4, 0x3f, 0xff, 0xfe, 0x0, 0x0,
    0x0, 0x0, 0x0, 0x0, 0x0, 0x2, 0xff, 0xff,
    0xf0, 0x2f, 0xff, 0xff, 0x0, 0x0, 0x0, 0x0,
    0x0, 0x0, 0x0, 0x3, 0xff, 0xff, 0xe0, 0xf,
    0xff, 0xff, 0x80, 0x0, 0x0, 0x0, 0x0, 0x0,
    0x0, 0x7, 0xff, 0xff, 0xc0, 0xb, 0xff, 0xff,
    0xc0, 0x0, 0x0, 0x0, 0x0, 0x0, 0x0, 0xf,
    0xff, 0xff, 0xc0, 0x7, 0xff, 0xff, 0xe0, 0x0,
    0x0, 0x0, 0x0, 0x0, 0x0, 0x1f, 0xff, 0xff,
    0x40, 0x3, 0xff, 0xff, 0xf0, 0x0, 0x0, 0x0,
    0x0, 0x0, 0x0, 0x3f, 0xff, 0xff, 0x0, 0x1,
    0xff, 0xff, 0xf4, 0x0, 0x0, 0x0, 0x0, 0x0,
    0x0, 0x3f, 0xff, 0xfd, 0x0, 0x0, 0xff, 0xff,
    0xfc, 0x0, 0x0, 0x0, 0x0, 0x0, 0x0, 0xbf,
    0xff, 0xfc, 0x0, 0x0, 0xbf, 0xff, 0xfd, 0x0,
    0x0, 0x0, 0x0, 0x0, 0x0, 0xff, 0xff, 0xf8,
    0x0, 0x0, 0x3f, 0xff, 0xff, 0x0, 0x0, 0x0,
    0x0, 0x0, 0x2, 0xff, 0xff, 0xf0, 0x0, 0x0,
    0x3f, 0xff, 0xff, 0x0, 0x0, 0x0, 0x0, 0x0,
    0x3, 0xff, 0xff, 0xf0, 0x0, 0x0, 0x1f, 0xff,
    0xff, 0x80, 0x0, 0x0, 0x0, 0x0, 0xb, 0xff,
    0xff, 0xd0, 0x0, 0x0, 0xf, 0xff, 0xff, 0xc0,
    0x0, 0x0, 0x0, 0x0, 0xf, 0xff, 0xff, 0xc0,
    0x0, 0x0, 0xb, 0xff, 0xff, 0xe0, 0x0, 0x0,
    0x0, 0x0, 0x1f, 0xff, 0xff, 0x80, 0x0, 0x0,
    0x3, 0xff, 0xff, 0xf0, 0x0, 0x0, 0x0, 0x0,
    0x3f, 0xff, 0xff, 0x0, 0x0, 0x0, 0x2, 0xff,
    0xff, 0xf8, 0x0, 0x0, 0x0, 0x0, 0x7f, 0xff,
    0xff, 0xff, 0xff, 0xff, 0xff, 0xff, 0xff, 0xfc,
    0x0, 0x0, 0x0, 0x0, 0xff, 0xff, 0xff, 0xff,
    0xff, 0xff, 0xff, 0xff, 0xff, 0xfd, 0x0, 0x0,
    0x0, 0x0, 0xff, 0xff, 0xff, 0xff, 0xff, 0xff,
    0xff, 0xff, 0xff, 0xff, 0x0, 0x0, 0x0, 0x2,
    0xff, 0xff, 0xff, 0xff, 0xff, 0xff, 0xff, 0xff,
    0xff, 0xff, 0x40, 0x0, 0x0, 0x3, 0xff, 0xff,
    0xff, 0xff, 0xff, 0xff, 0xff, 0xff, 0xff, 0xff,
    0xc0, 0x0, 0x0, 0xb, 0xff, 0xff, 0xff, 0xff,
    0xff, 0xff, 0xff, 0xff, 0xff, 0xff, 0xc0, 0x0,
    0x0, 0xf, 0xff, 0xff, 0xff, 0xff, 0xff, 0xff,
    0xff, 0xff, 0xff, 0xff, 0xe0, 0x0, 0x0, 0x1f,
    0xff, 0xff, 0xff, 0xff, 0xff, 0xff, 0xff, 0xff,
    0xff, 0xff, 0xf0, 0x0, 0x0, 0x3f, 0xff, 0xff,
    0xaa, 0xaa, 0xaa, 0xaa, 0xaa, 0xab, 0xff, 0xff,
    0xf8, 0x0, 0x0, 0x7f, 0xff, 0xff, 0x0, 0x0,
    0x0, 0x0, 0x0, 0x2, 0xff, 0xff, 0xfc, 0x0,
    0x0, 0xff, 0xff, 0xfe, 0x0, 0x0, 0x0, 0x0,
    0x0, 0x0, 0xff, 0xff, 0xfd, 0x0, 0x1, 0xff,
    0xff, 0xfc, 0x0, 0x0, 0x0, 0x0, 0x0, 0x0,
    0xbf, 0xff, 0xff, 0x0, 0x2, 0xff, 0xff, 0xf8,
    0x0, 0x0, 0x0, 0x0, 0x0, 0x0, 0x7f, 0xff,
    0xff, 0x40, 0x3, 0xff, 0xff, 0xf4, 0x0, 0x0,
    0x0, 0x0, 0x0, 0x0, 0x3f, 0xff, 0xff, 0xc0,
    0xb, 0xff, 0xff, 0xf0, 0x0, 0x0, 0x0, 0x0,
    0x0, 0x0, 0x1f, 0xff, 0xff, 0xd0, 0xf, 0xff,
    0xff, 0xd0, 0x0, 0x0, 0x0, 0x0, 0x0, 0x0,
    0xf, 0xff, 0xff, 0xe0, 0x2f, 0xff, 0xff, 0xc0,
    0x0, 0x0, 0x0, 0x0, 0x0, 0x0, 0xb, 0xff,
    0xff, 0xf0, 0x3f, 0xff, 0xff, 0x80, 0x0, 0x0,
    0x0, 0x0, 0x0, 0x0, 0x3, 0xff, 0xff, 0xf8,
    0x7f, 0xff, 0xff, 0x0, 0x0, 0x0, 0x0, 0x0,
    0x0, 0x0, 0x3, 0xff, 0xff, 0xfc,

    /* U+0042 "B" */
    0x15, 0x55, 0x55, 0x55, 0x55, 0x55, 0x55, 0x40,
    0x0, 0x0, 0x0, 0x3, 0xff, 0xff, 0xff, 0xff,
    0xff, 0xff, 0xff, 0xf9, 0x0, 0x0, 0x0, 0x3f,
    0xff, 0xff, 0xff, 0xff, 0xff, 0xff, 0xff, 0xfe,
    0x40, 0x0, 0x3, 0xff, 0xff, 0xff, 0xff, 0xff,
    0xff, 0xff, 0xff, 0xfe, 0x0, 0x0, 0x3f, 0xff,
    0xff, 0xff, 0xff, 0xff, 0xff, 0xff, 0xff, 0xfd,
    0x0, 0x3, 0xff, 0xff, 0xff, 0xff, 0xff, 0xff,
    0xff, 0xff, 0xff, 0xf4, 0x0, 0x3f, 0xff, 0xff,
    0xff, 0xff, 0xff, 0xff, 0xff, 0xff, 0xff, 0xc0,
    0x3, 0xff, 0xff, 0xff, 0xff, 0xff, 0xff, 0xff,
    0xff, 0xff, 0xff, 0x0, 0x3f, 0xff, 0xff, 0xff,
    0xff, 0xff, 0xff, 0xff, 0xff, 0xff, 0xf4, 0x3,
    0xff, 0xff, 0xf0, 0x0, 0x0, 0x0, 0x5f, 0xff,
    0xff, 0xff, 0x80, 0x3f, 0xff, 0xff, 0x0, 0x0,
    0x0, 0x0, 0x1f, 0xff, 0xff, 0xfc, 0x3, 0xff,
    0xff, 0xf0, 0x0, 0x0, 0x0, 0x0, 0x3f, 0xff,
    0xff, 0xc0, 0x3f, 0xff, 0xff, 0x0, 0x0, 0x0,
    0x0, 0x1, 0xff, 0xff, 0xfd, 0x3, 0xff, 0xff,
    0xf0, 0x0, 0x0, 0x0, 0x0, 0xf, 0xff, 0xff,
    0xd0, 0x3f, 0xff, 0xff, 0x0, 0x0, 0x0, 0x0,
    0x0, 0xff, 0xff, 0xfc, 0x3, 0xff, 0xff, 0xf0,
    0x0, 0x0, 0x0, 0x0, 0xf, 0xff, 0xff, 0xc0,
    0x3f, 0xff, 0xff, 0x0, 0x0, 0x0, 0x0, 0x1,
    0xff, 0xff, 0xfc, 0x3, 0xff, 0xff, 0xf0, 0x0,
    0x0, 0x0, 0x0, 0x3f, 0xff, 0xff, 0x80, 0x3f,
    0xff, 0xff, 0x0, 0x0, 0x0, 0x0, 0x1f, 0xff,
    0xff, 0xf0, 0x3, 0xff, 0xff, 0xf0, 0x0, 0x0,
    0x0, 0x1f, 0xff, 0xff, 0xfe, 0x0, 0x3f, 0xff,
    0xff, 0xff, 0xff, 0xff, 0xff, 0xff, 0xff, 0xff,
    0xc0, 0x3, 0xff, 0xff, 0xff, 0xff, 0xff, 0xff,
    0xff, 0xff, 0xff, 0xf0, 0x0, 0x3f, 0xff, 0xff,
    0xff, 0xff, 0xff, 0xff, 0xff, 0xff, 0xfc, 0x0,
    0x3, 0xff, 0xff, 0xff, 0xff, 0xff, 0xff, 0xff,
    0xff, 0xfe, 0x0, 0x0, 0x3f, 0xff, 0xff, 0xff,
    0xff, 0xff, 0xff, 0xff, 0xff, 0xf4, 0x0, 0x3,
    0xff, 0xff, 0xff, 0xff, 0xff, 0xff, 0xff, 0xff,
    0xff, 0xf4, 0x0, 0x3f, 0xff, 0xff, 0xff, 0xff,
    0xff, 0xff, 0xff, 0xff, 0xff, 0xe0, 0x3, 0xff,
    0xff, 0xff, 0xff, 0xff, 0xff, 0xff, 0xff, 0xff,
    0xff, 0x80, 0x3f, 0xff, 0xff, 0x40, 0x0, 0x0,
    0x5, 0x6f, 0xff, 0xff, 0xfe, 0x3, 0xff, 0xff,
    0xf0, 0x0, 0x0, 0x0, 0x0, 0x1f, 0xff, 0xff,
    0xf0, 0x3f, 0xff, 0xff, 0x0, 0x0, 0x0, 0x0,
    0x0, 0x3f, 0xff, 0xff, 0x83, 0xff, 0xff, 0xf0,
    0x0, 0x0, 0x0, 0x0, 0x1, 0xff, 0xff, 0xfc,
    0x3f, 0xff, 0xff, 0x0, 0x0, 0x0, 0x0, 0x0,
    0xf, 0xff, 0xff, 0xd3, 0xff, 0xff, 0xf0, 0x0,
    0x0, 0x0, 0x0, 0x0, 0xff, 0xff, 0xfe, 0x3f,
    0xff, 0xff, 0x0, 0x0, 0x0, 0x0, 0x0, 0xf,
    0xff, 0xff, 0xe3, 0xff, 0xff, 0xf0, 0x0, 0x0,
    0x0, 0x0, 0x0, 0xff, 0xff, 0xfe, 0x3f, 0xff,
    0xff, 0x0, 0x0, 0x0, 0x0, 0x0, 0xf, 0xff,
    0xff, 0xe3, 0xff, 0xff, 0xf0, 0x0, 0x0, 0x0,
    0x0, 0x2, 0xff, 0xff, 0xfe, 0x3f, 0xff, 0xff,
    0x0, 0x0, 0x0, 0x0, 0x0, 0x7f, 0xff, 0xff,
    0xe3, 0xff, 0xff, 0xf0, 0x0, 0x0, 0x0, 0x0,
    0x2f, 0xff, 0xff, 0xfd, 0x3f, 0xff, 0xff, 0x95,
    0x55, 0x55, 0x5a, 0xbf, 0xff, 0xff, 0xff, 0xc3,
    0xff, 0xff, 0xff, 0xff, 0xff, 0xff, 0xff, 0xff,
    0xff, 0xff, 0xf4, 0x3f, 0xff, 0xff, 0xff, 0xff,
    0xff, 0xff, 0xff, 0xff, 0xff, 0xff, 0x3, 0xff,
    0xff, 0xff, 0xff, 0xff, 0xff, 0xff, 0xff, 0xff,
    0xff, 0xc0, 0x3f, 0xff, 0xff, 0xff, 0xff, 0xff,
    0xff, 0xff, 0xff, 0xff, 0xf0, 0x3, 0xff, 0xff,
    0xff, 0xff, 0xff, 0xff, 0xff, 0xff, 0xff, 0xf8,
    0x0, 0x3f, 0xff, 0xff, 0xff, 0xff, 0xff, 0xff,
    0xff, 0xff, 0xfd, 0x0, 0x3, 0xff, 0xff, 0xff,
    0xff, 0xff, 0xff, 0xff, 0xff, 0xf8, 0x0, 0x0,
    0x3f, 0xff, 0xff, 0xff, 0xff, 0xff, 0xff, 0xfe,
    0x90, 0x0, 0x0, 0x0,

    /* U+0043 "C" */
    0x0, 0x0, 0x0, 0x0, 0x0, 0x5b, 0xff, 0xfe,
    0x90, 0x0, 0x0, 0x0, 0x0, 0x0, 0x0, 0x0,
    0x1b, 0xff, 0xff, 0xff, 0xff, 0x90, 0x0, 0x0,
    0x0, 0x0, 0x0, 0x2, 0xff, 0xff, 0xff, 0xff,
    0xff, 0xfe, 0x0, 0x0, 0x0, 0x0, 0x0, 0x2f,
    0xff, 0xff, 0xff, 0xff, 0xff, 0xff, 0xd0, 0x0,
    0x0, 0x0, 0x1, 0xff, 0xff, 0xff, 0xff, 0xff,
    0xff, 0xff, 0xfc, 0x0, 0x0, 0x0, 0xb, 0xff,
    0xff, 0xff, 0xff, 0xff, 0xff, 0xff, 0xff, 0x40,
    0x0, 0x0, 0x3f, 0xff, 0xff, 0xff, 0xff, 0xff,
    0xff, 0xff, 0xff, 0xd0, 0x0, 0x0, 0xff, 0xff,
    0xff, 0xff, 0xff, 0xff, 0xff, 0xff, 0xff, 0xf4,
    0x0, 0x3, 0xff, 0xff, 0xff, 0xff, 0xff, 0xff,
    0xff, 0xff, 0xff, 0xfc, 0x0, 0xf, 0xff, 0xff,
    0xff, 0xff, 0xfa, 0xaf, 0xff, 0xff, 0xff, 0xf8,
    0x0, 0x2f, 0xff, 0xff, 0xff, 0xf4, 0x0, 0x0,
    0x6f, 0xff, 0xff, 0xd0, 0x0, 0x7f, 0xff, 0xff,
    0xfe, 0x0, 0x0, 0x0, 0x2, 0xff, 0xff, 0x40,
    0x0, 0xff, 0xff, 0xff, 0xf4, 0x0, 0x0, 0x0,
    0x0, 0x3f, 0xfd, 0x0, 0x1, 0xff, 0xff, 0xff,
    0xc0, 0x0, 0x0, 0x0, 0x0, 0xb, 0xf4, 0x0,
    0x3, 0xff, 0xff, 0xff, 0x0, 0x0, 0x0, 0x0,
    0x0, 0x2, 0xc0, 0x0, 0x7, 0xff, 0xff, 0xfd,
    0x0, 0x0, 0x0, 0x0, 0x0, 0x0, 0x0, 0x0,
    0xf, 0xff, 0xff, 0xf8, 0x0, 0x0, 0x0, 0x0,
    0x0, 0x0, 0x0, 0x0, 0xf, 0xff, 0xff, 0xf0,
    0x0, 0x0, 0x0, 0x0, 0x0, 0x0, 0x0, 0x0,
    0x1f, 0xff, 0xff, 0xe0, 0x0, 0x0, 0x0, 0x0,
    0x0, 0x0, 0x0, 0x0, 0x2f, 0xff, 0xff, 0xc0,
    0x0, 0x0, 0x0, 0x0, 0x0, 0x0, 0x0, 0x0,
    0x3f, 0xff, 0xff, 0xc0, 0x0, 0x0, 0x0, 0x0,
    0x0, 0x0, 0x0, 0x0, 0x3f, 0xff, 0xff, 0x80,
    0x0, 0x0, 0x0, 0x0, 0x0, 0x0, 0x0, 0x0,
    0x3f, 0xff, 0xff, 0x40, 0x0, 0x0, 0x0, 0x0,
    0x0, 0x0, 0x0, 0x0, 0x3f, 0xff, 0xff, 0x40,
    0x0, 0x0, 0x0, 0x0, 0x0, 0x0, 0x0, 0x0,
    0x3f, 0xff, 0xff, 0x0, 0x0, 0x0, 0x0, 0x0,
    0x0, 0x0, 0x0, 0x0, 0x7f, 0xff, 0xff, 0x0,
    0x0, 0x0, 0x0, 0x0, 0x0, 0x0, 0x0, 0x0,
    0x3f, 0xff, 0xff, 0x0, 0x0, 0x0, 0x0, 0x0,
    0x0, 0x0, 0x0, 0x0, 0x3f, 0xff, 0xff, 0x40,
    0x0, 0x0, 0x0, 0x0, 0x0, 0x0, 0x0, 0x0,
    0x3f, 0xff, 0xff, 0x40, 0x0, 0x0, 0x0, 0x0,
    0x0, 0x0, 0x0, 0x0, 0x3f, 0xff, 0xff, 0x80,
    0x0, 0x0, 0x0, 0x0, 0x0, 0x0, 0x0, 0x0,
    0x3f, 0xff, 0xff, 0xc0, 0x0, 0x0, 0x0, 0x0,
    0x0, 0x0, 0x0, 0x0, 0x2f, 0xff, 0xff, 0xd0,
    0x0, 0x0, 0x0, 0x0, 0x0, 0x0, 0x0, 0x0,
    0x1f, 0xff, 0xff, 0xf0, 0x0, 0x0, 0x0, 0x0,
    0x0, 0x0, 0x0, 0x0, 0xf, 0xff, 0xff, 0xf4,
    0x0, 0x0, 0x0, 0x0, 0x0, 0x0, 0x0, 0x0,
    0xb, 0xff, 0xff, 0xfc, 0x0, 0x0, 0x0, 0x0,
    0x0, 0x0, 0x0, 0x0, 0x3, 0xff, 0xff, 0xfe,
    0x0, 0x0, 0x0, 0x0, 0x0, 0x0, 0x80, 0x0,
    0x2, 0xff, 0xff, 0xff, 0x80, 0x0, 0x0, 0x0,
    0x0, 0x3, 0xe0, 0x0, 0x0, 0xff, 0xff, 0xff,
    0xe0, 0x0, 0x0, 0x0, 0x0, 0x1f, 0xf8, 0x0,
    0x0, 0xbf, 0xff, 0xff, 0xfc, 0x0, 0x0, 0x0,
    0x0, 0xbf, 0xff, 0x0, 0x0, 0x3f, 0xff, 0xff,
    0xff, 0x90, 0x0, 0x0, 0x7, 0xff, 0xff, 0xc0,
    0x0, 0x1f, 0xff, 0xff, 0xff, 0xfe, 0x40, 0x5,
    0xbf, 0xff, 0xff, 0xf0, 0x0, 0x7, 0xff, 0xff,
    0xff, 0xff, 0xff, 0xff, 0xff, 0xff, 0xff, 0xfc,
    0x0, 0x2, 0xff, 0xff, 0xff, 0xff, 0xff, 0xff,
    0xff, 0xff, 0xff, 0xfc, 0x0, 0x0, 0xbf, 0xff,
    0xff, 0xff, 0xff, 0xff, 0xff, 0xff, 0xff, 0xf0,
    0x0, 0x0, 0x1f, 0xff, 0xff, 0xff, 0xff, 0xff,
    0xff, 0xff, 0xff, 0xc0, 0x0, 0x0, 0x7, 0xff,
    0xff, 0xff, 0xff, 0xff, 0xff, 0xff, 0xfe, 0x0,
    0x0, 0x0, 0x0, 0xbf, 0xff, 0xff, 0xff, 0xff,
    0xff, 0xff, 0xf4, 0x0, 0x0, 0x0, 0x0, 0xb,
    0xff, 0xff, 0xff, 0xff, 0xff, 0xff, 0x40, 0x0,
    0x0, 0x0, 0x0, 0x0, 0xbf, 0xff, 0xff, 0xff,
    0xff, 0xf4, 0x0, 0x0, 0x0, 0x0, 0x0, 0x0,
    0x2, 0xff, 0xff, 0xff, 0xf9, 0x0, 0x0, 0x0,
    0x0, 0x0, 0x0, 0x0, 0x0, 0x1, 0x55, 0x54,
    0x0, 0x0, 0x0, 0x0,

    /* U+0044 "D" */
    0x3f, 0xff, 0xff, 0xff, 0xff, 0xff, 0xfe, 0x94,
    0x0, 0x0, 0x0, 0x0, 0x0, 0xff, 0xff, 0xff,
    0xff, 0xff, 0xff, 0xff, 0xff, 0x40, 0x0, 0x0,
    0x0, 0x3, 0xff, 0xff, 0xff, 0xff, 0xff, 0xff,
    0xff, 0xff, 0xe4, 0x0, 0x0, 0x0, 0xf, 0xff,
    0xff, 0xff, 0xff, 0xff, 0xff, 0xff, 0xff, 0xfc,
    0x0, 0x0, 0x0, 0x3f, 0xff, 0xff, 0xff, 0xff,
    0xff, 0xff, 0xff, 0xff, 0xfe, 0x0, 0x0, 0x0,
    0xff, 0xff, 0xff, 0xff, 0xff, 0xff, 0xff, 0xff,
    0xff, 0xff, 0x0, 0x0, 0x3, 0xff, 0xff, 0xff,
    0xff, 0xff, 0xff, 0xff, 0xff, 0xff, 0xff, 0x40,
    0x0, 0xf, 0xff, 0xff, 0xff, 0xff, 0xff, 0xff,
    0xff, 0xff, 0xff, 0xff, 0x40, 0x0, 0x3f, 0xff,
    0xff, 0xff, 0xff, 0xff, 0xff, 0xff, 0xff, 0xff,
    0xff, 0x40, 0x0, 0xff, 0xff, 0xfd, 0x55, 0x55,
    0x55, 0x6f, 0xff, 0xff, 0xff, 0xff, 0x0, 0x3,
    0xff, 0xff, 0xf0, 0x0, 0x0, 0x0, 0x1, 0xff,
    0xff, 0xff, 0xff, 0x0, 0xf, 0xff, 0xff, 0xc0,
    0x0, 0x0, 0x0, 0x0, 0x7f, 0xff, 0xff, 0xfe,
    0x0, 0x3f, 0xff, 0xff, 0x0, 0x0, 0x0, 0x0,
    0x0, 0x2f, 0xff, 0xff, 0xfc, 0x0, 0xff, 0xff,
    0xfc, 0x0, 0x0, 0x0, 0x0, 0x0, 0x2f, 0xff,
    0xff, 0xf8, 0x3, 0xff, 0xff, 0xf0, 0x0, 0x0,
    0x0, 0x0, 0x0, 0x2f, 0xff, 0xff, 0xf0, 0xf,
    0xff, 0xff, 0xc0, 0x0, 0x0, 0x0, 0x0, 0x0,
    0x3f, 0xff, 0xff, 0xe0, 0x3f, 0xff, 0xff, 0x0,
    0x0, 0x0, 0x0, 0x0, 0x0, 0x7f, 0xff, 0xff,
    0xc0, 0xff, 0xff, 0xfc, 0x0, 0x0, 0x0, 0x0,
    0x0, 0x0, 0xff, 0xff, 0xff, 0x3, 0xff, 0xff,
    0xf0, 0x0, 0x0, 0x0, 0x0, 0x0, 0x1, 0xff,
    0xff, 0xfd, 0xf, 0xff, 0xff, 0xc0, 0x0, 0x0,
    0x0, 0x0, 0x0, 0x3, 0xff, 0xff, 0xf8, 0x3f,
    0xff, 0xff, 0x0, 0x0, 0x0, 0x0, 0x0, 0x0,
    0xf, 0xff, 0xff, 0xf0, 0xff, 0xff, 0xfc, 0x0,
    0x0, 0x0, 0x0, 0x0, 0x0, 0x2f, 0xff, 0xff,
    0xc3, 0xff, 0xff, 0xf0, 0x0, 0x0, 0x0, 0x0,
    0x0, 0x0, 0x7f, 0xff, 0xff, 0xf, 0xff, 0xff,
    0xc0, 0x0, 0x0, 0x0, 0x0, 0x0, 0x1, 0xff,
    0xff, 0xfc, 0x3f, 0xff, 0xff, 0x0, 0x0, 0x0,
    0x0, 0x0, 0x0, 0x7, 0xff, 0xff, 0xf0, 0xff,
    0xff, 0xfc, 0x0, 0x0, 0x0, 0x0, 0x0, 0x0,
    0x1f, 0xff, 0xff, 0xc3, 0xff, 0xff, 0xf0, 0x0,
    0x0, 0x0, 0x0, 0x0, 0x0, 0x7f, 0xff, 0xff,
    0xf, 0xff, 0xff, 0xc0, 0x0, 0x0, 0x0, 0x0,
    0x0, 0x2, 0xff, 0xff, 0xfc, 0x3f, 0xff, 0xff,
    0x0, 0x0, 0x0, 0x0, 0x0, 0x0, 0xf, 0xff,
    0xff, 0xf0, 0xff, 0xff, 0xfc, 0x0, 0x0, 0x0,
    0x0, 0x0, 0x0, 0x3f, 0xff, 0xff, 0x83, 0xff,
    0xff, 0xf0, 0x0, 0x0, 0x0, 0x0, 0x0, 0x1,
    0xff, 0xff, 0xfd, 0xf, 0xff, 0xff, 0xc0, 0x0,
    0x0, 0x0, 0x0, 0x0, 0xf, 0xff, 0xff, 0xf0,
    0x3f, 0xff, 0xff, 0x0, 0x0, 0x0, 0x0, 0x0,
    0x0, 0x7f, 0xff, 0xff, 0xc0, 0xff, 0xff, 0xfc,
    0x0, 0x0, 0x0, 0x0, 0x0, 0x3, 0xff, 0xff,
    0xfe, 0x3, 0xff, 0xff, 0xf0, 0x0, 0x0, 0x0,
    0x0, 0x0, 0x2f, 0xff, 0xff, 0xf0, 0xf, 0xff,
    0xff, 0xc0, 0x0, 0x0, 0x0, 0x0, 0x2, 0xff,
    0xff, 0xff, 0x80, 0x3f, 0xff, 0xff, 0x0, 0x0,
    0x0, 0x0, 0x0, 0x2f, 0xff, 0xff, 0xfc, 0x0,
    0xff, 0xff, 0xfc, 0x0, 0x0, 0x0, 0x0, 0x7,
    0xff, 0xff, 0xff, 0xe0, 0x3, 0xff, 0xff, 0xf0,
    0x0, 0x0, 0x0, 0x1, 0xff, 0xff, 0xff, 0xff,
    0x0, 0xf, 0xff, 0xff, 0xd5, 0x55, 0x55, 0x56,
    0xff, 0xff, 0xff, 0xff, 0xf0, 0x0, 0x3f, 0xff,
    0xff, 0xff, 0xff, 0xff, 0xff, 0xff, 0xff, 0xff,
    0xff, 0x40, 0x0, 0xff, 0xff, 0xff, 0xff, 0xff,
    0xff, 0xff, 0xff, 0xff, 0xff, 0xf4, 0x0, 0x3,
    0xff, 0xff, 0xff, 0xff, 0xff, 0xff, 0xff, 0xff,
    0xff, 0xff, 0x40, 0x0, 0xf, 0xff, 0xff, 0xff,
    0xff, 0xff, 0xff, 0xff, 0xff, 0xff, 0xf0, 0x0,
    0x0, 0x3f, 0xff, 0xff, 0xff, 0xff, 0xff, 0xff,
    0xff, 0xff, 0xfe, 0x0, 0x0, 0x0, 0xff, 0xff,
    0xff, 0xff, 0xff, 0xff, 0xff, 0xff, 0xff, 0xc0,
    0x0, 0x0, 0x3, 0xff, 0xff, 0xff, 0xff, 0xff,
    0xff, 0xff, 0xff, 0xe4, 0x0, 0x0, 0x0, 0xf,
    0xff, 0xff, 0xff, 0xff, 0xff, 0xff, 0xff, 0xe4,
    0x0, 0x0, 0x0, 0x0, 0x3f, 0xff, 0xff, 0xff,
    0xff, 0xff, 0xfe, 0x94, 0x0, 0x0, 0x0, 0x0,
    0x0,

    /* U+0045 "E" */
    0x3f, 0xff, 0xff, 0xff, 0xff, 0xff, 0xff, 0xff,
    0xff, 0xf0, 0xff, 0xff, 0xff, 0xff, 0xff, 0xff,
    0xff, 0xff, 0xff, 0xc3, 0xff, 0xff, 0xff, 0xff,
    0xff, 0xff, 0xff, 0xff, 0xff, 0xf, 0xff, 0xff,
    0xff, 0xff, 0xff, 0xff, 0xff, 0xff, 0xfc, 0x3f,
    0xff, 0xff, 0xff, 0xff, 0xff, 0xff, 0xff, 0xff,
    0xf0, 0xff, 0xff, 0xff, 0xff, 0xff, 0xff, 0xff,
    0xff, 0xff, 0xc3, 0xff, 0xff, 0xff, 0xff, 0xff,
    0xff, 0xff, 0xff, 0xff, 0xf, 0xff, 0xff, 0xff,
    0xff, 0xff, 0xff, 0xff, 0xff, 0xfc, 0x3f, 0xff,
    0xff, 0xff, 0xff, 0xff, 0xff, 0xff, 0xff, 0xf0,
    0xff, 0xff, 0xfc, 0x0, 0x0, 0x0, 0x0, 0x0,
    0x0, 0x3, 0xff, 0xff, 0xf0, 0x0, 0x0, 0x0,
    0x0, 0x0, 0x0, 0xf, 0xff, 0xff, 0xc0, 0x0,
    0x0, 0x0, 0x0, 0x0, 0x0, 0x3f, 0xff, 0xff,
    0x0, 0x0, 0x0, 0x0, 0x0, 0x0, 0x0, 0xff,
    0xff, 0xfc, 0x0, 0x0, 0x0, 0x0, 0x0, 0x0,
    0x3, 0xff, 0xff, 0xf0, 0x0, 0x0, 0x0, 0x0,
    0x0, 0x0, 0xf, 0xff, 0xff, 0xc0, 0x0, 0x0,
    0x0, 0x0, 0x0, 0x0, 0x3f, 0xff, 0xff, 0x0,
    0x0, 0x0, 0x0, 0x0, 0x0, 0x0, 0xff, 0xff,
    0xfc, 0x0, 0x0, 0x0, 0x0, 0x0, 0x0, 0x3,
    0xff, 0xff, 0xf0, 0x0, 0x0, 0x0, 0x0, 0x0,
    0x0, 0xf, 0xff, 0xff, 0xc0, 0x0, 0x0, 0x0,
    0x0, 0x0, 0x0, 0x3f, 0xff, 0xff, 0xff, 0xff,
    0xff, 0xff, 0xff, 0xfc, 0x0, 0xff, 0xff, 0xff,
    0xff, 0xff, 0xff, 0xff, 0xff, 0xf0, 0x3, 0xff,
    0xff, 0xff, 0xff, 0xff, 0xff, 0xff, 0xff, 0xc0,
    0xf, 0xff, 0xff, 0xff, 0xff, 0xff, 0xff, 0xff,
    0xff, 0x0, 0x3f, 0xff, 0xff, 0xff, 0xff, 0xff,
    0xff, 0xff, 0xfc, 0x0, 0xff, 0xff, 0xff, 0xff,
    0xff, 0xff, 0xff, 0xff, 0xf0, 0x3, 0xff, 0xff,
    0xff, 0xff, 0xff, 0xff, 0xff, 0xff, 0xc0, 0xf,
    0xff, 0xff, 0xff, 0xff, 0xff, 0xff, 0xff, 0xff,
    0x0, 0x3f, 0xff, 0xff, 0xff, 0xff, 0xff, 0xff,
    0xff, 0xf8, 0x0, 0xff, 0xff, 0xfc, 0x0, 0x0,
    0x0, 0x0, 0x0, 0x0, 0x3, 0xff, 0xff, 0xf0,
    0x0, 0x0, 0x0, 0x0, 0x0, 0x0, 0xf, 0xff,
    0xff, 0xc0, 0x0, 0x0, 0x0, 0x0, 0x0, 0x0,
    0x3f, 0xff, 0xff, 0x0, 0x0, 0x0, 0x0, 0x0,
    0x0, 0x0, 0xff, 0xff, 0xfc, 0x0, 0x0, 0x0,
    0x0, 0x0, 0x0, 0x3, 0xff, 0xff, 0xf0, 0x0,
    0x0, 0x0, 0x0, 0x0, 0x0, 0xf, 0xff, 0xff,
    0xc0, 0x0, 0x0, 0x0, 0x0, 0x0, 0x0, 0x3f,
    0xff, 0xff, 0x0, 0x0, 0x0, 0x0, 0x0, 0x0,
    0x0, 0xff, 0xff, 0xfc, 0x0, 0x0, 0x0, 0x0,
    0x0, 0x0, 0x3, 0xff, 0xff, 0xf0, 0x0, 0x0,
    0x0, 0x0, 0x0, 0x0, 0xf, 0xff, 0xff, 0xc0,
    0x0, 0x0, 0x0, 0x0, 0x0, 0x0, 0x3f, 0xff,
    0xff, 0xff, 0xff, 0xff, 0xff, 0xff, 0xff, 0xfc,
    0xff, 0xff, 0xff, 0xff, 0xff, 0xff, 0xff, 0xff,
    0xff, 0xf3, 0xff, 0xff, 0xff, 0xff, 0xff, 0xff,
    0xff, 0xff, 0xff, 0xcf, 0xff, 0xff, 0xff, 0xff,
    0xff, 0xff, 0xff, 0xff, 0xff, 0x3f, 0xff, 0xff,
    0xff, 0xff, 0xff, 0xff, 0xff, 0xff, 0xfc, 0xff,
    0xff, 0xff, 0xff, 0xff, 0xff, 0xff, 0xff, 0xff,
    0xf3, 0xff, 0xff, 0xff, 0xff, 0xff, 0xff, 0xff,
    0xff, 0xff, 0xcf, 0xff, 0xff, 0xff, 0xff, 0xff,
    0xff, 0xff, 0xff, 0xff, 0x3f, 0xff, 0xff, 0xff,
    0xff, 0xff, 0xff, 0xff, 0xff, 0xfc,

    /* U+0046 "F" */
    0x3f, 0xff, 0xff, 0xff, 0xff, 0xff, 0xff, 0xff,
    0xff, 0xf3, 0xff, 0xff, 0xff, 0xff, 0xff, 0xff,
    0xff, 0xff, 0xff, 0x3f, 0xff, 0xff, 0xff, 0xff,
    0xff, 0xff, 0xff, 0xff, 0xf3, 0xff, 0xff, 0xff,
    0xff, 0xff, 0xff, 0xff, 0xff, 0xff, 0x3f, 0xff,
    0xff, 0xff, 0xff, 0xff, 0xff, 0xff, 0xff, 0xf3,
    0xff, 0xff, 0xff, 0xff, 0xff, 0xff, 0xff, 0xff,
    0xff, 0x3f, 0xff, 0xff, 0xff, 0xff, 0xff, 0xff,
    0xff, 0xff, 0xf3, 0xff, 0xff, 0xff, 0xff, 0xff,
    0xff, 0xff, 0xff, 0xff, 0x3f, 0xff, 0xff, 0xff,
    0xff, 0xff, 0xff, 0xff, 0xff, 0xf3, 0xff, 0xff,
    0xf0, 0x0, 0x0, 0x0, 0x0, 0x0, 0x0, 0x3f,
    0xff, 0xff, 0x0, 0x0, 0x0, 0x0, 0x0, 0x0,
    0x3, 0xff, 0xff, 0xf0, 0x0, 0x0, 0x0, 0x0,
    0x0, 0x0, 0x3f, 0xff, 0xff, 0x0, 0x0, 0x0,
    0x0, 0x0, 0x0, 0x3, 0xff, 0xff, 0xf0, 0x0,
    0x0, 0x0, 0x0, 0x0, 0x0, 0x3f, 0xff, 0xff,
    0x0, 0x0, 0x0, 0x0, 0x0, 0x0, 0x3, 0xff,
    0xff, 0xf0, 0x0, 0x0, 0x0, 0x0, 0x0, 0x0,
    0x3f, 0xff, 0xff, 0x0, 0x0, 0x0, 0x0, 0x0,
    0x0, 0x3, 0xff, 0xff, 0xf0, 0x0, 0x0, 0x0,
    0x0, 0x0, 0x0, 0x3f, 0xff, 0xff, 0x0, 0x0,
    0x0, 0x0, 0x0, 0x0, 0x3, 0xff, 0xff, 0xf0,
    0x0, 0x0, 0x0, 0x0, 0x0, 0x0, 0x3f, 0xff,
    0xff, 0x0, 0x0, 0x0, 0x0, 0x0, 0x0, 0x3,
    0xff, 0xff, 0xf0, 0x0, 0x0, 0x0, 0x0, 0x0,
    0x0, 0x3f, 0xff, 0xff, 0xff, 0xff, 0xff, 0xff,
    0xff, 0xfc, 0x3, 0xff, 0xff, 0xff, 0xff, 0xff,
    0xff, 0xff, 0xff, 0xc0, 0x3f, 0xff, 0xff, 0xff,
    0xff, 0xff, 0xff, 0xff, 0xfc, 0x3, 0xff, 0xff,
    0xff, 0xff, 0xff, 0xff, 0xff, 0xff, 0xc0, 0x3f,
    0xff, 0xff, 0xff, 0xff, 0xff, 0xff, 0xff, 0xfc,
    0x3, 0xff, 0xff, 0xff, 0xff, 0xff, 0xff, 0xff,
    0xff, 0xc0, 0x3f, 0xff, 0xff, 0xff, 0xff, 0xff,
    0xff, 0xff, 0xfc, 0x3, 0xff, 0xff, 0xff, 0xff,
    0xff, 0xff, 0xff, 0xff, 0xc0, 0x3f, 0xff, 0xff,
    0xff, 0xff, 0xff, 0xff, 0xff, 0xfc, 0x3, 0xff,
    0xff, 0xf0, 0x0, 0x0, 0x0, 0x0, 0x0, 0x0,
    0x3f, 0xff, 0xff, 0x0, 0x0, 0x0, 0x0, 0x0,
    0x0, 0x3, 0xff, 0xff, 0xf0, 0x0, 0x0, 0x0,
    0x0, 0x0, 0x0, 0x3f, 0xff, 0xff, 0x0, 0x0,
    0x0, 0x0, 0x0, 0x0, 0x3, 0xff, 0xff, 0xf0,
    0x0, 0x0, 0x0, 0x0, 0x0, 0x0, 0x3f, 0xff,
    0xff, 0x0, 0x0, 0x0, 0x0, 0x0, 0x0, 0x3,
    0xff, 0xff, 0xf0, 0x0, 0x0, 0x0, 0x0, 0x0,
    0x0, 0x3f, 0xff, 0xff, 0x0, 0x0, 0x0, 0x0,
    0x0, 0x0, 0x3, 0xff, 0xff, 0xf0, 0x0, 0x0,
    0x0, 0x0, 0x0, 0x0, 0x3f, 0xff, 0xff, 0x0,
    0x0, 0x0, 0x0, 0x0, 0x0, 0x3, 0xff, 0xff,
    0xf0, 0x0, 0x0, 0x0, 0x0, 0x0, 0x0, 0x3f,
    0xff, 0xff, 0x0, 0x0, 0x0, 0x0, 0x0, 0x0,
    0x3, 0xff, 0xff, 0xf0, 0x0, 0x0, 0x0, 0x0,
    0x0, 0x0, 0x3f, 0xff, 0xff, 0x0, 0x0, 0x0,
    0x0, 0x0, 0x0, 0x3, 0xff, 0xff, 0xf0, 0x0,
    0x0, 0x0, 0x0, 0x0, 0x0, 0x3f, 0xff, 0xff,
    0x0, 0x0, 0x0, 0x0, 0x0, 0x0, 0x3, 0xff,
    0xff, 0xf0, 0x0, 0x0, 0x0, 0x0, 0x0, 0x0,
    0x3f, 0xff, 0xff, 0x0, 0x0, 0x0, 0x0, 0x0,
    0x0, 0x0,

    /* U+0047 "G" */
    0x0, 0x0, 0x0, 0x0, 0x0, 0x1a, 0xff, 0xff,
    0xa4, 0x0, 0x0, 0x0, 0x0, 0x0, 0x0, 0x0,
    0x6, 0xff, 0xff, 0xff, 0xff, 0xf8, 0x0, 0x0,
    0x0, 0x0, 0x0, 0x0, 0x2f, 0xff, 0xff, 0xff,
    0xff, 0xff, 0xf4, 0x0, 0x0, 0x0, 0x0, 0x0,
    0xbf, 0xff, 0xff, 0xff, 0xff, 0xff, 0xff, 0xd0,
    0x0, 0x0, 0x0, 0x1, 0xff, 0xff, 0xff, 0xff,
    0xff, 0xff, 0xff, 0xfe, 0x0, 0x0, 0x0, 0x2,
    0xff, 0xff, 0xff, 0xff, 0xff, 0xff, 0xff, 0xff,
    0xf0, 0x0, 0x0, 0x3, 0xff, 0xff, 0xff, 0xff,
    0xff, 0xff, 0xff, 0xff, 0xff, 0x40, 0x0, 0x3,
    0xff, 0xff, 0xff, 0xff, 0xff, 0xff, 0xff, 0xff,
    0xff, 0xf4, 0x0, 0x3, 0xff, 0xff, 0xff, 0xff,
    0xff, 0xff, 0xff, 0xff, 0xff, 0xff, 0x0, 0x3,
    0xff, 0xff, 0xff, 0xff, 0xfe, 0xab, 0xff, 0xff,
    0xff, 0xff, 0x0, 0x2, 0xff, 0xff, 0xff, 0xff,
    0x40, 0x0, 0x1, 0xbf, 0xff, 0xff, 0x0, 0x1,
    0xff, 0xff, 0xff, 0xfd, 0x0, 0x0, 0x0, 0x2,
    0xff, 0xff, 0x0, 0x0, 0xff, 0xff, 0xff, 0xf4,
    0x0, 0x0, 0x0, 0x0, 0x1f, 0xfe, 0x0, 0x0,
    0x7f, 0xff, 0xff, 0xf0, 0x0, 0x0, 0x0, 0x0,
    0x0, 0xfe, 0x0, 0x0, 0x3f, 0xff, 0xff, 0xf0,
    0x0, 0x0, 0x0, 0x0, 0x0, 0xa, 0x0, 0x0,
    0x1f, 0xff, 0xff, 0xf4, 0x0, 0x0, 0x0, 0x0,
    0x0, 0x0, 0x0, 0x0, 0xf, 0xff, 0xff, 0xf8,
    0x0, 0x0, 0x0, 0x0, 0x0, 0x0, 0x0, 0x0,
    0x3, 0xff, 0xff, 0xfc, 0x0, 0x0, 0x0, 0x0,
    0x0, 0x0, 0x0, 0x0, 0x1, 0xff, 0xff, 0xfe,
    0x0, 0x0, 0x0, 0x0, 0x0, 0x0, 0x0, 0x0,
    0x0, 0xbf, 0xff, 0xff, 0x0, 0x0, 0x0, 0x0,
    0x0, 0x0, 0x0, 0x0, 0x0, 0x3f, 0xff, 0xff,
    0xc0, 0x0, 0x0, 0x0, 0x0, 0x0, 0x0, 0x0,
    0x0, 0xf, 0xff, 0xff, 0xe0, 0x0, 0x0, 0x0,
    0x0, 0x0, 0x0, 0x0, 0x0, 0x3, 0xff, 0xff,
    0xf4, 0x0, 0x0, 0x0, 0x0, 0x0, 0x0, 0x0,
    0x0, 0x0, 0xff, 0xff, 0xfd, 0x0, 0x0, 0x0,
    0x0, 0x0, 0x0, 0x0, 0x0, 0x0, 0x3f, 0xff,
    0xff, 0x0, 0x0, 0x0, 0x0, 0x0, 0x0, 0x2a,
    0xaa, 0xa8, 0x1f, 0xff, 0xff, 0xc0, 0x0, 0x0,
    0x0, 0x0, 0x0, 0xf, 0xff, 0xff, 0x43, 0xff,
    0xff, 0xf0, 0x0, 0x0, 0x0, 0x0, 0x0, 0x3,
    0xff, 0xff, 0xd0, 0xff, 0xff, 0xfd, 0x0, 0x0,
    0x0, 0x0, 0x0, 0x0, 0xff, 0xff, 0xf4, 0x3f,
    0xff, 0xff, 0x40, 0x0, 0x0, 0x0, 0x0, 0x0,
    0x3f, 0xff, 0xfd, 0xf, 0xff, 0xff, 0xe0, 0x0,
    0x0, 0x0, 0x0, 0x0, 0xf, 0xff, 0xff, 0x43,
    0xff, 0xff, 0xfc, 0x0, 0x0, 0x0, 0x0, 0x0,
    0x3, 0xff, 0xff, 0xd0, 0xbf, 0xff, 0xff, 0x40,
    0x0, 0x0, 0x0, 0x0, 0x0, 0xff, 0xff, 0xf4,
    0x1f, 0xff, 0xff, 0xf0, 0x0, 0x0, 0x0, 0x0,
    0x0, 0x3f, 0xff, 0xfd, 0x3, 0xff, 0xff, 0xfd,
    0x0, 0x0, 0x0, 0x0, 0x0, 0xf, 0xff, 0xff,
    0x40, 0xbf, 0xff, 0xff, 0xc0, 0x0, 0x0, 0x0,
    0x0, 0x3, 0xff, 0xff, 0xd0, 0xf, 0xff, 0xff,
    0xf8, 0x0, 0x0, 0x0, 0x0, 0x0, 0xff, 0xff,
    0xf4, 0x2, 0xff, 0xff, 0xff, 0x80, 0x0, 0x0,
    0x0, 0x0, 0x3f, 0xff, 0xfd, 0x0, 0x3f, 0xff,
    0xff, 0xf8, 0x0, 0x0, 0x0, 0x0, 0xf, 0xff,
    0xff, 0x40, 0xb, 0xff, 0xff, 0xff, 0xd0, 0x0,
    0x0, 0x0, 0x3, 0xff, 0xff, 0xd0, 0x0, 0xff,
    0xff, 0xff, 0xff, 0x40, 0x0, 0x0, 0x7, 0xff,
    0xff, 0xf4, 0x0, 0x1f, 0xff, 0xff, 0xff, 0xfe,
    0x50, 0x1, 0xbf, 0xff, 0xff, 0xfd, 0x0, 0x1,
    0xff, 0xff, 0xff, 0xff, 0xff, 0xff, 0xff, 0xff,
    0xff, 0xff, 0x40, 0x0, 0x2f, 0xff, 0xff, 0xff,
    0xff, 0xff, 0xff, 0xff, 0xff, 0xff, 0xd0, 0x0,
    0x2, 0xff, 0xff, 0xff, 0xff, 0xff, 0xff, 0xff,
    0xff, 0xff, 0xf4, 0x0, 0x0, 0x1f, 0xff, 0xff,
    0xff, 0xff, 0xff, 0xff, 0xff, 0xff, 0xfc, 0x0,
    0x0, 0x0, 0xff, 0xff, 0xff, 0xff, 0xff, 0xff,
    0xff, 0xff, 0xf8, 0x0, 0x0, 0x0, 0xb, 0xff,
    0xff, 0xff, 0xff, 0xff, 0xff, 0xff, 0xe0, 0x0,
    0x0, 0x0, 0x0, 0x2f, 0xff, 0xff, 0xff, 0xff,
    0xff, 0xff, 0x80, 0x0, 0x0, 0x0, 0x0, 0x0,
    0xbf, 0xff, 0xff, 0xff, 0xff, 0xf9, 0x0, 0x0,
    0x0, 0x0, 0x0, 0x0, 0x0, 0xbf, 0xff, 0xff,
    0xff, 0x90, 0x0, 0x0, 0x0, 0x0, 0x0, 0x0,
    0x0, 0x0, 0x15, 0x65, 0x50, 0x0, 0x0, 0x0,
    0x0,

    /* U+0048 "H" */
    0x2a, 0xaa, 0xaa, 0x0, 0x0, 0x0, 0x0, 0x0,
    0x6, 0xaa, 0xaa, 0x93, 0xff, 0xff, 0xf0, 0x0,
    0x0, 0x0, 0x0, 0x0, 0xbf, 0xff, 0xff, 0x3f,
    0xff, 0xff, 0x0, 0x0, 0x0, 0x0, 0x0, 0xb,
    0xff, 0xff, 0xf3, 0xff, 0xff, 0xf0, 0x0, 0x0,
    0x0, 0x0, 0x0, 0xbf, 0xff, 0xff, 0x3f, 0xff,
    0xff, 0x0, 0x0, 0x0, 0x0, 0x0, 0xb, 0xff,
    0xff, 0xf3, 0xff, 0xff, 0xf0, 0x0, 0x0, 0x0,
    0x0, 0x0, 0xbf, 0xff, 0xff, 0x3f, 0xff, 0xff,
    0x0, 0x0, 0x0, 0x0, 0x0, 0xb, 0xff, 0xff,
    0xf3, 0xff, 0xff, 0xf0, 0x0, 0x0, 0x0, 0x0,
    0x0, 0xbf, 0xff, 0xff, 0x3f, 0xff, 0xff, 0x0,
    0x0, 0x0, 0x0, 0x0, 0xb, 0xff, 0xff, 0xf3,
    0xff, 0xff, 0xf0, 0x0, 0x0, 0x0, 0x0, 0x0,
    0xbf, 0xff, 0xff, 0x3f, 0xff, 0xff, 0x0, 0x0,
    0x0, 0x0, 0x0, 0xb, 0xff, 0xff, 0xf3, 0xff,
    0xff, 0xf0, 0x0, 0x0, 0x0, 0x0, 0x0, 0xbf,
    0xff, 0xff, 0x3f, 0xff, 0xff, 0x0, 0x0, 0x0,
    0x0, 0x0, 0xb, 0xff, 0xff, 0xf3, 0xff, 0xff,
    0xf0, 0x0, 0x0, 0x0, 0x0, 0x0, 0xbf, 0xff,
    0xff, 0x3f, 0xff, 0xff, 0x0, 0x0, 0x0, 0x0,
    0x0, 0xb, 0xff, 0xff, 0xf3, 0xff, 0xff, 0xf0,
    0x0, 0x0, 0x0, 0x0, 0x0, 0xbf, 0xff, 0xff,
    0x3f, 0xff, 0xff, 0x0, 0x0, 0x0, 0x0, 0x0,
    0xb, 0xff, 0xff, 0xf3, 0xff, 0xff, 0xf0, 0x0,
    0x0, 0x0, 0x0, 0x0, 0xbf, 0xff, 0xff, 0x3f,
    0xff, 0xff, 0x0, 0x0, 0x0, 0x0, 0x0, 0xb,
    0xff, 0xff, 0xf3, 0xff, 0xff, 0xfa, 0xaa, 0xaa,
    0xaa, 0xaa, 0xaa, 0xff, 0xff, 0xff, 0x3f, 0xff,
    0xff, 0xff, 0xff, 0xff, 0xff, 0xff, 0xff, 0xff,
    0xff, 0xf3, 0xff, 0xff, 0xff, 0xff, 0xff, 0xff,
    0xff, 0xff, 0xff, 0xff, 0xff, 0x3f, 0xff, 0xff,
    0xff, 0xff, 0xff, 0xff, 0xff, 0xff, 0xff, 0xff,
    0xf3, 0xff, 0xff, 0xff, 0xff, 0xff, 0xff, 0xff,
    0xff, 0xff, 0xff, 0xff, 0x3f, 0xff, 0xff, 0xff,
    0xff, 0xff, 0xff, 0xff, 0xff, 0xff, 0xff, 0xf3,
    0xff, 0xff, 0xff, 0xff, 0xff, 0xff, 0xff, 0xff,
    0xff, 0xff, 0xff, 0x3f, 0xff, 0xff, 0xff, 0xff,
    0xff, 0xff, 0xff, 0xff, 0xff, 0xff, 0xf3, 0xff,
    0xff, 0xff, 0xff, 0xff, 0xff, 0xff, 0xff, 0xff,
    0xff, 0xff, 0x3f, 0xff, 0xff, 0xff, 0xff, 0xff,
    0xff, 0xff, 0xff, 0xff, 0xff, 0xf3, 0xff, 0xff,
    0xf0, 0x0, 0x0, 0x0, 0x0, 0x0, 0xbf, 0xff,
    0xff, 0x3f, 0xff, 0xff, 0x0, 0x0, 0x0, 0x0,
    0x0, 0xb, 0xff, 0xff, 0xf3, 0xff, 0xff, 0xf0,
    0x0, 0x0, 0x0, 0x0, 0x0, 0xbf, 0xff, 0xff,
    0x3f, 0xff, 0xff, 0x0, 0x0, 0x0, 0x0, 0x0,
    0xb, 0xff, 0xff, 0xf3, 0xff, 0xff, 0xf0, 0x0,
    0x0, 0x0, 0x0, 0x0, 0xbf, 0xff, 0xff, 0x3f,
    0xff, 0xff, 0x0, 0x0, 0x0, 0x0, 0x0, 0xb,
    0xff, 0xff, 0xf3, 0xff, 0xff, 0xf0, 0x0, 0x0,
    0x0, 0x0, 0x0, 0xbf, 0xff, 0xff, 0x3f, 0xff,
    0xff, 0x0, 0x0, 0x0, 0x0, 0x0, 0xb, 0xff,
    0xff, 0xf3, 0xff, 0xff, 0xf0, 0x0, 0x0, 0x0,
    0x0, 0x0, 0xbf, 0xff, 0xff, 0x3f, 0xff, 0xff,
    0x0, 0x0, 0x0, 0x0, 0x0, 0xb, 0xff, 0xff,
    0xf3, 0xff, 0xff, 0xf0, 0x0, 0x0, 0x0, 0x0,
    0x0, 0xbf, 0xff, 0xff, 0x3f, 0xff, 0xff, 0x0,
    0x0, 0x0, 0x0, 0x0, 0xb, 0xff, 0xff, 0xf3,
    0xff, 0xff, 0xf0, 0x0, 0x0, 0x0, 0x0, 0x0,
    0xbf, 0xff, 0xff, 0x3f, 0xff, 0xff, 0x0, 0x0,
    0x0, 0x0, 0x0, 0xb, 0xff, 0xff, 0xf3, 0xff,
    0xff, 0xf0, 0x0, 0x0, 0x0, 0x0, 0x0, 0xbf,
    0xff, 0xff, 0x3f, 0xff, 0xff, 0x0, 0x0, 0x0,
    0x0, 0x0, 0xb, 0xff, 0xff, 0xf3, 0xff, 0xff,
    0xf0, 0x0, 0x0, 0x0, 0x0, 0x0, 0xbf, 0xff,
    0xff, 0x3f, 0xff, 0xff, 0x0, 0x0, 0x0, 0x0,
    0x0, 0xb, 0xff, 0xff, 0xf3, 0xff, 0xff, 0xf0,
    0x0, 0x0, 0x0, 0x0, 0x0, 0xbf, 0xff, 0xff,
    0x3f, 0xff, 0xff, 0x0, 0x0, 0x0, 0x0, 0x0,
    0xb, 0xff, 0xff, 0xf0,

    /* U+0049 "I" */
    0x2a, 0xaa, 0xaa, 0xf, 0xff, 0xff, 0xc3, 0xff,
    0xff, 0xf0, 0xff, 0xff, 0xfc, 0x3f, 0xff, 0xff,
    0xf, 0xff, 0xff, 0xc3, 0xff, 0xff, 0xf0, 0xff,
    0xff, 0xfc, 0x3f, 0xff, 0xff, 0xf, 0xff, 0xff,
    0xc3, 0xff, 0xff, 0xf0, 0xff, 0xff, 0xfc, 0x3f,
    0xff, 0xff, 0xf, 0xff, 0xff, 0xc3, 0xff, 0xff,
    0xf0, 0xff, 0xff, 0xfc, 0x3f, 0xff, 0xff, 0xf,
    0xff, 0xff, 0xc3, 0xff, 0xff, 0xf0, 0xff, 0xff,
    0xfc, 0x3f, 0xff, 0xff, 0xf, 0xff, 0xff, 0xc3,
    0xff, 0xff, 0xf0, 0xff, 0xff, 0xfc, 0x3f, 0xff,
    0xff, 0xf, 0xff, 0xff, 0xc3, 0xff, 0xff, 0xf0,
    0xff, 0xff, 0xfc, 0x3f, 0xff, 0xff, 0xf, 0xff,
    0xff, 0xc3, 0xff, 0xff, 0xf0, 0xff, 0xff, 0xfc,
    0x3f, 0xff, 0xff, 0xf, 0xff, 0xff, 0xc3, 0xff,
    0xff, 0xf0, 0xff, 0xff, 0xfc, 0x3f, 0xff, 0xff,
    0xf, 0xff, 0xff, 0xc3, 0xff, 0xff, 0xf0, 0xff,
    0xff, 0xfc, 0x3f, 0xff, 0xff, 0xf, 0xff, 0xff,
    0xc3, 0xff, 0xff, 0xf0, 0xff, 0xff, 0xfc, 0x3f,
    0xff, 0xff, 0xf, 0xff, 0xff, 0xc3, 0xff, 0xff,
    0xf0, 0xff, 0xff, 0xfc, 0x3f, 0xff, 0xff, 0x0,

    /* U+004A "J" */
    0x0, 0x0, 0x0, 0x0, 0x0, 0x0, 0x0, 0x0,
    0x0, 0x0, 0x3f, 0xff, 0xff, 0xff, 0xff, 0xff,
    0xff, 0xd0, 0x0, 0xff, 0xff, 0xff, 0xff, 0xff,
    0xff, 0xff, 0x40, 0x3, 0xff, 0xff, 0xff, 0xff,
    0xff, 0xff, 0xfd, 0x0, 0xf, 0xff, 0xff, 0xff,
    0xff, 0xff, 0xff, 0xf4, 0x0, 0x3f, 0xff, 0xff,
    0xff, 0xff, 0xff, 0xff, 0xd0, 0x0, 0xff, 0xff,
    0xff, 0xff, 0xff, 0xff, 0xff, 0x40, 0x3, 0xff,
    0xff, 0xff, 0xff, 0xff, 0xff, 0xfd, 0x0, 0xf,
    0xff, 0xff, 0xff, 0xff, 0xff, 0xff, 0xf4, 0x0,
    0x3f, 0xff, 0xff, 0xff, 0xff, 0xff, 0xff, 0xd0,
    0x0, 0x0, 0x0, 0x0, 0x0, 0x3f, 0xff, 0xff,
    0x40, 0x0, 0x0, 0x0, 0x0, 0x0, 0xff, 0xff,
    0xfd, 0x0, 0x0, 0x0, 0x0, 0x0, 0x3, 0xff,
    0xff, 0xf4, 0x0, 0x0, 0x0, 0x0, 0x0, 0xf,
    0xff, 0xff, 0xd0, 0x0, 0x0, 0x0, 0x0, 0x0,
    0x3f, 0xff, 0xff, 0x40, 0x0, 0x0, 0x0, 0x0,
    0x0, 0xff, 0xff, 0xfd, 0x0, 0x0, 0x0, 0x0,
    0x0, 0x3, 0xff, 0xff, 0xf4, 0x0, 0x0, 0x0,
    0x0, 0x0, 0xf, 0xff, 0xff, 0xd0, 0x0, 0x0,
    0x0, 0x0, 0x0, 0x3f, 0xff, 0xff, 0x40, 0x0,
    0x0, 0x0, 0x0, 0x0, 0xff, 0xff, 0xfd, 0x0,
    0x0, 0x0, 0x0, 0x0, 0x3, 0xff, 0xff, 0xf4,
    0x0, 0x0, 0x0, 0x0, 0x0, 0xf, 0xff, 0xff,
    0xd0, 0x0, 0x0, 0x0, 0x0, 0x0, 0x3f, 0xff,
    0xff, 0x40, 0x0, 0x0, 0x0, 0x0, 0x0, 0xff,
    0xff, 0xfd, 0x0, 0x0, 0x0, 0x0, 0x0, 0x3,
    0xff, 0xff, 0xf4, 0x0, 0x0, 0x0, 0x0, 0x0,
    0xf, 0xff, 0xff, 0xd0, 0x0, 0x0, 0x0, 0x0,
    0x0, 0x3f, 0xff, 0xff, 0x40, 0x0, 0x0, 0x0,
    0x0, 0x0, 0xff, 0xff, 0xfd, 0x0, 0x0, 0x0,
    0x0, 0x0, 0x3, 0xff, 0xff, 0xf4, 0x0, 0x0,
    0x0, 0x0, 0x0, 0xf, 0xff, 0xff, 0xd0, 0x0,
    0x0, 0x0, 0x0, 0x0, 0x3f, 0xff, 0xff, 0x40,
    0x0, 0x0, 0x0, 0x0, 0x0, 0xff, 0xff, 0xfd,
    0x0, 0x0, 0x0, 0x0, 0x0, 0x3, 0xff, 0xff,
    0xf4, 0x0, 0x0, 0x0, 0x0, 0x0, 0xf, 0xff,
    0xff, 0xd0, 0x0, 0x0, 0x0, 0x0, 0x0, 0x3f,
    0xff, 0xff, 0x40, 0x0, 0x0, 0x0, 0x0, 0x0,
    0xff, 0xff, 0xfd, 0x0, 0x6, 0x0, 0x0, 0x0,
    0x3, 0xff, 0xff, 0xf0, 0x0, 0x3e, 0x0, 0x0,
    0x0, 0x2f, 0xff, 0xff, 0xc0, 0x3, 0xfe, 0x0,
    0x0, 0x0, 0xff, 0xff, 0xff, 0x0, 0x3f, 0xfe,
    0x0, 0x0, 0xf, 0xff, 0xff, 0xf8, 0x2, 0xff,
    0xff, 0x80, 0x1, 0xff, 0xff, 0xff, 0xd0, 0x2f,
    0xff, 0xff, 0xff, 0xff, 0xff, 0xff, 0xff, 0x1,
    0xff, 0xff, 0xff, 0xff, 0xff, 0xff, 0xff, 0xf8,
    0xf, 0xff, 0xff, 0xff, 0xff, 0xff, 0xff, 0xff,
    0xc0, 0xf, 0xff, 0xff, 0xff, 0xff, 0xff, 0xff,
    0xfd, 0x0, 0xf, 0xff, 0xff, 0xff, 0xff, 0xff,
    0xff, 0xe0, 0x0, 0xf, 0xff, 0xff, 0xff, 0xff,
    0xff, 0xfe, 0x0, 0x0, 0x7, 0xff, 0xff, 0xff,
    0xff, 0xff, 0xd0, 0x0, 0x0, 0x2, 0xff, 0xff,
    0xff, 0xff, 0xf8, 0x0, 0x0, 0x0, 0x0, 0x6f,
    0xff, 0xff, 0xf9, 0x0, 0x0, 0x0, 0x0, 0x0,
    0x1, 0x55, 0x54, 0x0, 0x0, 0x0, 0x0,

    /* U+004B "K" */
    0x2a, 0xaa, 0xaa, 0x0, 0x0, 0x0, 0x0, 0x0,
    0x1a, 0xaa, 0xaa, 0xa0, 0x3f, 0xff, 0xff, 0x0,
    0x0, 0x0, 0x0, 0x0, 0x7f, 0xff, 0xff, 0xd0,
    0x3f, 0xff, 0xff, 0x0, 0x0, 0x0, 0x0, 0x1,
    0xff, 0xff, 0xff, 0x40, 0x3f, 0xff, 0xff, 0x0,
    0x0, 0x0, 0x0, 0x7, 0xff, 0xff, 0xfd, 0x0,
    0x3f, 0xff, 0xff, 0x0, 0x0, 0x0, 0x0, 0x1f,
    0xff, 0xff, 0xf4, 0x0, 0x3f, 0xff, 0xff, 0x0,
    0x0, 0x0, 0x0, 0x3f, 0xff, 0xff, 0xd0, 0x0,
    0x3f, 0xff, 0xff, 0x0, 0x0, 0x0, 0x0, 0xff,
    0xff, 0xff, 0x80, 0x0, 0x3f, 0xff, 0xff, 0x0,
    0x0, 0x0, 0x3, 0xff, 0xff, 0xfe, 0x0, 0x0,
    0x3f, 0xff, 0xff, 0x0, 0x0, 0x0, 0xf, 0xff,
    0xff, 0xf8, 0x0, 0x0, 0x3f, 0xff, 0xff, 0x0,
    0x0, 0x0, 0x3f, 0xff, 0xff, 0xe0, 0x0, 0x0,
    0x3f, 0xff, 0xff, 0x0, 0x0, 0x0, 0xff, 0xff,
    0xff, 0xc0, 0x0, 0x0, 0x3f, 0xff, 0xff, 0x0,
    0x0, 0x3, 0xff, 0xff, 0xff, 0x0, 0x0, 0x0,
    0x3f, 0xff, 0xff, 0x0, 0x0, 0xf, 0xff, 0xff,
    0xfc, 0x0, 0x0, 0x0, 0x3f, 0xff, 0xff, 0x0,
    0x0, 0x3f, 0xff, 0xff, 0xf0, 0x0, 0x0, 0x0,
    0x3f, 0xff, 0xff, 0x0, 0x0, 0xff, 0xff, 0xff,
    0xc0, 0x0, 0x0, 0x0, 0x3f, 0xff, 0xff, 0x0,
    0x2, 0xff, 0xff, 0xff, 0x0, 0x0, 0x0, 0x0,
    0x3f, 0xff, 0xff, 0x0, 0xb, 0xff, 0xff, 0xfd,
    0x0, 0x0, 0x0, 0x0, 0x3f, 0xff, 0xff, 0x0,
    0x2f, 0xff, 0xff, 0xf4, 0x0, 0x0, 0x0, 0x0,
    0x3f, 0xff, 0xff, 0x0, 0xbf, 0xff, 0xff, 0xd0,
    0x0, 0x0, 0x0, 0x0, 0x3f, 0xff, 0xff, 0x2,
    0xff, 0xff, 0xff, 0x40, 0x0, 0x0, 0x0, 0x0,
    0x3f, 0xff, 0xff, 0xb, 0xff, 0xff, 0xfd, 0x0,
    0x0, 0x0, 0x0, 0x0, 0x3f, 0xff, 0xff, 0x1f,
    0xff, 0xff, 0xf8, 0x0, 0x0, 0x0, 0x0, 0x0,
    0x3f, 0xff, 0xff, 0xbf, 0xff, 0xff, 0xf8, 0x0,
    0x0, 0x0, 0x0, 0x0, 0x3f, 0xff, 0xff, 0xff,
    0xff, 0xff, 0xfd, 0x0, 0x0, 0x0, 0x0, 0x0,
    0x3f, 0xff, 0xff, 0xff, 0xff, 0xff, 0xff, 0x0,
    0x0, 0x0, 0x0, 0x0, 0x3f, 0xff, 0xff, 0xff,
    0xff, 0xff, 0xff, 0xc0, 0x0, 0x0, 0x0, 0x0,
    0x3f, 0xff, 0xff, 0xff, 0xff, 0xff, 0xff, 0xe0,
    0x0, 0x0, 0x0, 0x0, 0x3f, 0xff, 0xff, 0xff,
    0xff, 0xff, 0xff, 0xf4, 0x0, 0x0, 0x0, 0x0,
    0x3f, 0xff, 0xff, 0xff, 0xff, 0xff, 0xff, 0xfd,
    0x0, 0x0, 0x0, 0x0, 0x3f, 0xff, 0xff, 0xff,
    0xff, 0xff, 0xff, 0xff, 0x0, 0x0, 0x0, 0x0,
    0x3f, 0xff, 0xff, 0xff, 0xf3, 0xff, 0xff, 0xff,
    0xc0, 0x0, 0x0, 0x0, 0x3f, 0xff, 0xff, 0xff,
    0xc0, 0xff, 0xff, 0xff, 0xe0, 0x0, 0x0, 0x0,
    0x3f, 0xff, 0xff, 0xff, 0x0, 0x3f, 0xff, 0xff,
    0xf4, 0x0, 0x0, 0x0, 0x3f, 0xff, 0xff, 0xfc,
    0x0, 0x1f, 0xff, 0xff, 0xfd, 0x0, 0x0, 0x0,
    0x3f, 0xff, 0xff, 0xf0, 0x0, 0xb, 0xff, 0xff,
    0xff, 0x0, 0x0, 0x0, 0x3f, 0xff, 0xff, 0xd0,
    0x0, 0x2, 0xff, 0xff, 0xff, 0xc0, 0x0, 0x0,
    0x3f, 0xff, 0xff, 0x40, 0x0, 0x0, 0xff, 0xff,
    0xff, 0xe0, 0x0, 0x0, 0x3f, 0xff, 0xff, 0x0,
    0x0, 0x0, 0x3f, 0xff, 0xff, 0xf4, 0x0, 0x0,
    0x3f, 0xff, 0xff, 0x0, 0x0, 0x0, 0x1f, 0xff,
    0xff, 0xfc, 0x0, 0x0, 0x3f, 0xff, 0xff, 0x0,
    0x0, 0x0, 0x7, 0xff, 0xff, 0xff, 0x0, 0x0,
    0x3f, 0xff, 0xff, 0x0, 0x0, 0x0, 0x2, 0xff,
    0xff, 0xff, 0xc0, 0x0, 0x3f, 0xff, 0xff, 0x0,
    0x0, 0x0, 0x0, 0xff, 0xff, 0xff, 0xe0, 0x0,
    0x3f, 0xff, 0xff, 0x0, 0x0, 0x0, 0x0, 0x3f,
    0xff, 0xff, 0xf4, 0x0, 0x3f, 0xff, 0xff, 0x0,
    0x0, 0x0, 0x0, 0xf, 0xff, 0xff, 0xfc, 0x0,
    0x3f, 0xff, 0xff, 0x0, 0x0, 0x0, 0x0, 0x7,
    0xff, 0xff, 0xff, 0x0, 0x3f, 0xff, 0xff, 0x0,
    0x0, 0x0, 0x0, 0x2, 0xff, 0xff, 0xff, 0xc0,
    0x3f, 0xff, 0xff, 0x0, 0x0, 0x0, 0x0, 0x0,
    0xbf, 0xff, 0xff, 0xe0, 0x3f, 0xff, 0xff, 0x0,
    0x0, 0x0, 0x0, 0x0, 0x3f, 0xff, 0xff, 0xf4,
    0x3f, 0xff, 0xff, 0x0, 0x0, 0x0, 0x0, 0x0,
    0xf, 0xff, 0xff, 0xfc,

    /* U+004C "L" */
    0x2a, 0xaa, 0xaa, 0x0, 0x0, 0x0, 0x0, 0x0,
    0x0, 0xf, 0xff, 0xff, 0xc0, 0x0, 0x0, 0x0,
    0x0, 0x0, 0x3, 0xff, 0xff, 0xf0, 0x0, 0x0,
    0x0, 0x0, 0x0, 0x0, 0xff, 0xff, 0xfc, 0x0,
    0x0, 0x0, 0x0, 0x0, 0x0, 0x3f, 0xff, 0xff,
    0x0, 0x0, 0x0, 0x0, 0x0, 0x0, 0xf, 0xff,
    0xff, 0xc0, 0x0, 0x0, 0x0, 0x0, 0x0, 0x3,
    0xff, 0xff, 0xf0, 0x0, 0x0, 0x0, 0x0, 0x0,
    0x0, 0xff, 0xff, 0xfc, 0x0, 0x0, 0x0, 0x0,
    0x0, 0x0, 0x3f, 0xff, 0xff, 0x0, 0x0, 0x0,
    0x0, 0x0, 0x0, 0xf, 0xff, 0xff, 0xc0, 0x0,
    0x0, 0x0, 0x0, 0x0, 0x3, 0xff, 0xff, 0xf0,
    0x0, 0x0, 0x0, 0x0, 0x0, 0x0, 0xff, 0xff,
    0xfc, 0x0, 0x0, 0x0, 0x0, 0x0, 0x0, 0x3f,
    0xff, 0xff, 0x0, 0x0, 0x0, 0x0, 0x0, 0x0,
    0xf, 0xff, 0xff, 0xc0, 0x0, 0x0, 0x0, 0x0,
    0x0, 0x3, 0xff, 0xff, 0xf0, 0x0, 0x0, 0x0,
    0x0, 0x0, 0x0, 0xff, 0xff, 0xfc, 0x0, 0x0,
    0x0, 0x0, 0x0, 0x0, 0x3f, 0xff, 0xff, 0x0,
    0x0, 0x0, 0x0, 0x0, 0x0, 0xf, 0xff, 0xff,
    0xc0, 0x0, 0x0, 0x0, 0x0, 0x0, 0x3, 0xff,
    0xff, 0xf0, 0x0, 0x0, 0x0, 0x0, 0x0, 0x0,
    0xff, 0xff, 0xfc, 0x0, 0x0, 0x0, 0x0, 0x0,
    0x0, 0x3f, 0xff, 0xff, 0x0, 0x0, 0x0, 0x0,
    0x0, 0x0, 0xf, 0xff, 0xff, 0xc0, 0x0, 0x0,
    0x0, 0x0, 0x0, 0x3, 0xff, 0xff, 0xf0, 0x0,
    0x0, 0x0, 0x0, 0x0, 0x0, 0xff, 0xff, 0xfc,
    0x0, 0x0, 0x0, 0x0, 0x0, 0x0, 0x3f, 0xff,
    0xff, 0x0, 0x0, 0x0, 0x0, 0x0, 0x0, 0xf,
    0xff, 0xff, 0xc0, 0x0, 0x0, 0x0, 0x0, 0x0,
    0x3, 0xff, 0xff, 0xf0, 0x0, 0x0, 0x0, 0x0,
    0x0, 0x0, 0xff, 0xff, 0xfc, 0x0, 0x0, 0x0,
    0x0, 0x0, 0x0, 0x3f, 0xff, 0xff, 0x0, 0x0,
    0x0, 0x0, 0x0, 0x0, 0xf, 0xff, 0xff, 0xc0,
    0x0, 0x0, 0x0, 0x0, 0x0, 0x3, 0xff, 0xff,
    0xf0, 0x0, 0x0, 0x0, 0x0, 0x0, 0x0, 0xff,
    0xff, 0xfc, 0x0, 0x0, 0x0, 0x0, 0x0, 0x0,
    0x3f, 0xff, 0xff, 0x0, 0x0, 0x0, 0x0, 0x0,
    0x0, 0xf, 0xff, 0xff, 0xc0, 0x0, 0x0, 0x0,
    0x0, 0x0, 0x3, 0xff, 0xff, 0xf0, 0x0, 0x0,
    0x0, 0x0, 0x0, 0x0, 0xff, 0xff, 0xfc, 0x0,
    0x0, 0x0, 0x0, 0x0, 0x0, 0x3f, 0xff, 0xff,
    0x0, 0x0, 0x0, 0x0, 0x0, 0x0, 0xf, 0xff,
    0xff, 0xc0, 0x0, 0x0, 0x0, 0x0, 0x0, 0x3,
    0xff, 0xff, 0xf0, 0x0, 0x0, 0x0, 0x0, 0x0,
    0x0, 0xff, 0xff, 0xfd, 0x0, 0x0, 0x0, 0x0,
    0x0, 0x0, 0x3f, 0xff, 0xff, 0xff, 0xff, 0xff,
    0xff, 0xff, 0xff, 0x8f, 0xff, 0xff, 0xff, 0xff,
    0xff, 0xff, 0xff, 0xff, 0xe3, 0xff, 0xff, 0xff,
    0xff, 0xff, 0xff, 0xff, 0xff, 0xf8, 0xff, 0xff,
    0xff, 0xff, 0xff, 0xff, 0xff, 0xff, 0xfe, 0x3f,
    0xff, 0xff, 0xff, 0xff, 0xff, 0xff, 0xff, 0xff,
    0x8f, 0xff, 0xff, 0xff, 0xff, 0xff, 0xff, 0xff,
    0xff, 0xe3, 0xff, 0xff, 0xff, 0xff, 0xff, 0xff,
    0xff, 0xff, 0xf8, 0xff, 0xff, 0xff, 0xff, 0xff,
    0xff, 0xff, 0xff, 0xfe, 0x3f, 0xff, 0xff, 0xff,
    0xff, 0xff, 0xff, 0xff, 0xff, 0x80,

    /* U+004D "M" */
    0x2a, 0xaa, 0xa0, 0x0, 0x0, 0x0, 0x0, 0x0,
    0x0, 0x0, 0x0, 0x6, 0xaa, 0xa9, 0xf, 0xff,
    0xff, 0x0, 0x0, 0x0, 0x0, 0x0, 0x0, 0x0,
    0x0, 0x3, 0xff, 0xff, 0xc3, 0xff, 0xff, 0xd0,
    0x0, 0x0, 0x0, 0x0, 0x0, 0x0, 0x0, 0x2,
    0xff, 0xff, 0xf0, 0xff, 0xff, 0xfc, 0x0, 0x0,
    0x0, 0x0, 0x0, 0x0, 0x0, 0x0, 0xff, 0xff,
    0xfc, 0x3f, 0xff, 0xff, 0x80, 0x0, 0x0, 0x0,
    0x0, 0x0, 0x0, 0x0, 0xff, 0xff, 0xff, 0xf,
    0xff, 0xff, 0xf0, 0x0, 0x0, 0x0, 0x0, 0x0,
    0x0, 0x0, 0x7f, 0xff, 0xff, 0xc3, 0xff, 0xff,
    0xff, 0x0, 0x0, 0x0, 0x0, 0x0, 0x0, 0x0,
    0x3f, 0xff, 0xff, 0xf0, 0xff, 0xff, 0xff, 0xd0,
    0x0, 0x0, 0x0, 0x0, 0x0, 0x0, 0x2f, 0xff,
    0xff, 0xfc, 0x3f, 0xff, 0xff, 0xfc, 0x0, 0x0,
    0x0, 0x0, 0x0, 0x0, 0xf, 0xff, 0xff, 0xff,
    0xf, 0xff, 0xff, 0xff, 0x80, 0x0, 0x0, 0x0,
    0x0, 0x0, 0xf, 0xff, 0xff, 0xff, 0xc3, 0xff,
    0xff, 0xff, 0xf4, 0x0, 0x0, 0x0, 0x0, 0x0,
    0x7, 0xff, 0xff, 0xff, 0xf0, 0xff, 0xff, 0xff,
    0xff, 0x0, 0x0, 0x0, 0x0, 0x0, 0x3, 0xff,
    0xff, 0xff, 0xfc, 0x3f, 0xff, 0xff, 0xff, 0xe0,
    0x0, 0x0, 0x0, 0x0, 0x2, 0xff, 0xff, 0xff,
    0xff, 0xf, 0xff, 0xff, 0xff, 0xfc, 0x0, 0x0,
    0x0, 0x0, 0x0, 0xff, 0xff, 0xff, 0xff, 0xc3,
    0xff, 0xff, 0xff, 0xff, 0x80, 0x0, 0x0, 0x0,
    0x0, 0xff, 0xff, 0xff, 0xff, 0xf0, 0xff, 0xff,
    0xff, 0xff, 0xf4, 0x0, 0x0, 0x0, 0x0, 0x7f,
    0xff, 0xff, 0xff, 0xfc, 0x3f, 0xff, 0xff, 0xff,
    0xff, 0x0, 0x0, 0x0, 0x0, 0x3f, 0xff, 0xff,
    0xff, 0xff, 0xf, 0xff, 0xff, 0xff, 0xff, 0xe0,
    0x0, 0x0, 0x0, 0x2f, 0xff, 0xff, 0xff, 0xff,
    0xc3, 0xff, 0xff, 0xff, 0xff, 0xfc, 0x0, 0x0,
    0x0, 0xf, 0xff, 0xff, 0xff, 0xff, 0xf0, 0xff,
    0xff, 0xff, 0xff, 0xff, 0xc0, 0x0, 0x0, 0xf,
    0xff, 0xff, 0xff, 0xff, 0xfc, 0x3f, 0xff, 0xff,
    0xff, 0xff, 0xf4, 0x0, 0x0, 0x7, 0xff, 0xff,
    0xef, 0xff, 0xff, 0xf, 0xff, 0xff, 0x7f, 0xff,
    0xff, 0x0, 0x0, 0x3, 0xff, 0xff, 0xdb, 0xff,
    0xff, 0xc3, 0xff, 0xff, 0xd7, 0xff, 0xff, 0xe0,
    0x0, 0x2, 0xff, 0xff, 0xe2, 0xff, 0xff, 0xf0,
    0xff, 0xff, 0xf4, 0xbf, 0xff, 0xfc, 0x0, 0x0,
    0xff, 0xff, 0xf0, 0xbf, 0xff, 0xfc, 0x3f, 0xff,
    0xfd, 0xf, 0xff, 0xff, 0xc0, 0x0, 0xff, 0xff,
    0xf8, 0x2f, 0xff, 0xff, 0xf, 0xff, 0xff, 0x41,
    0xff, 0xff, 0xf4, 0x0, 0x7f, 0xff, 0xfc, 0xb,
    0xff, 0xff, 0xc3, 0xff, 0xff, 0xd0, 0x3f, 0xff,
    0xff, 0x0, 0x3f, 0xff, 0xfd, 0x2, 0xff, 0xff,
    0xf0, 0xff, 0xff, 0xf4, 0x3, 0xff, 0xff, 0xe0,
    0x2f, 0xff, 0xfe, 0x0, 0xbf, 0xff, 0xfc, 0x3f,
    0xff, 0xfd, 0x0, 0xbf, 0xff, 0xfd, 0xf, 0xff,
    0xff, 0x0, 0x2f, 0xff, 0xff, 0xf, 0xff, 0xff,
    0x40, 0xf, 0xff, 0xff, 0xcf, 0xff, 0xff, 0x80,
    0xb, 0xff, 0xff, 0xc3, 0xff, 0xff, 0xd0, 0x1,
    0xff, 0xff, 0xff, 0xff, 0xff, 0xc0, 0x2, 0xff,
    0xff, 0xf0, 0xff, 0xff, 0xf4, 0x0, 0x3f, 0xff,
    0xff, 0xff, 0xff, 0xd0, 0x0, 0xbf, 0xff, 0xfc,
    0x3f, 0xff, 0xfd, 0x0, 0x3, 0xff, 0xff, 0xff,
    0xff, 0xe0, 0x0, 0x2f, 0xff, 0xff, 0xf, 0xff,
    0xff, 0x40, 0x0, 0xbf, 0xff, 0xff, 0xff, 0xf0,
    0x0, 0xb, 0xff, 0xff, 0xc3, 0xff, 0xff, 0xd0,
    0x0, 0xf, 0xff, 0xff, 0xff, 0xf8, 0x0, 0x2,
    0xff, 0xff, 0xf0, 0xff, 0xff, 0xf4, 0x0, 0x1,
    0xff, 0xff, 0xff, 0xfc, 0x0, 0x0, 0xbf, 0xff,
    0xfc, 0x3f, 0xff, 0xfd, 0x0, 0x0, 0x2f, 0xff,
    0xff, 0xfd, 0x0, 0x0, 0x2f, 0xff, 0xff, 0xf,
    0xff, 0xff, 0x40, 0x0, 0x3, 0xff, 0xff, 0xfe,
    0x0, 0x0, 0xb, 0xff, 0xff, 0xc3, 0xff, 0xff,
    0xd0, 0x0, 0x0, 0x7f, 0xff, 0xff, 0x0, 0x0,
    0x2, 0xff, 0xff, 0xf0, 0xff, 0xff, 0xf4, 0x0,
    0x0, 0xf, 0xff, 0xff, 0x80, 0x0, 0x0, 0xbf,
    0xff, 0xfc, 0x3f, 0xff, 0xfd, 0x0, 0x0, 0x1,
    0xff, 0xff, 0xc0, 0x0, 0x0, 0x2f, 0xff, 0xff,
    0xf, 0xff, 0xff, 0x40, 0x0, 0x0, 0x2f, 0xff,
    0xd0, 0x0, 0x0, 0xb, 0xff, 0xff, 0xc3, 0xff,
    0xff, 0xd0, 0x0, 0x0, 0x3, 0xff, 0xe0, 0x0,
    0x0, 0x2, 0xff, 0xff, 0xf0, 0xff, 0xff, 0xf4,
    0x0, 0x0, 0x0, 0x7f, 0xf0, 0x0, 0x0, 0x0,
    0xbf, 0xff, 0xfc, 0x3f, 0xff, 0xfd, 0x0, 0x0,
    0x0, 0x0, 0x0, 0x0, 0x0, 0x0, 0x2f, 0xff,
    0xff, 0xf, 0xff, 0xff, 0x40, 0x0, 0x0, 0x0,
    0x0, 0x0, 0x0, 0x0, 0xb, 0xff, 0xff, 0xc3,
    0xff, 0xff, 0xd0, 0x0, 0x0, 0x0, 0x0, 0x0,
    0x0, 0x0, 0x2, 0xff, 0xff, 0xf0, 0xff, 0xff,
    0xf4, 0x0, 0x0, 0x0, 0x0, 0x0, 0x0, 0x0,
    0x0, 0xbf, 0xff, 0xfc, 0x3f, 0xff, 0xfd, 0x0,
    0x0, 0x0, 0x0, 0x0, 0x0, 0x0, 0x0, 0x2f,
    0xff, 0xff, 0x0,

    /* U+004E "N" */
    0x3f, 0xff, 0xf8, 0x0, 0x0, 0x0, 0x0, 0x0,
    0x7, 0xff, 0xff, 0xf3, 0xff, 0xff, 0xd0, 0x0,
    0x0, 0x0, 0x0, 0x0, 0x7f, 0xff, 0xff, 0x3f,
    0xff, 0xff, 0x40, 0x0, 0x0, 0x0, 0x0, 0x7,
    0xff, 0xff, 0xf3, 0xff, 0xff, 0xfc, 0x0, 0x0,
    0x0, 0x0, 0x0, 0x7f, 0xff, 0xff, 0x3f, 0xff,
    0xff, 0xf0, 0x0, 0x0, 0x0, 0x0, 0x7, 0xff,
    0xff, 0xf3, 0xff, 0xff, 0xff, 0x80, 0x0, 0x0,
    0x0, 0x0, 0x7f, 0xff, 0xff, 0x3f, 0xff, 0xff,
    0xfe, 0x0, 0x0, 0x0, 0x0, 0x7, 0xff, 0xff,
    0xf3, 0xff, 0xff, 0xff, 0xf4, 0x0, 0x0, 0x0,
    0x0, 0x7f, 0xff, 0xff, 0x3f, 0xff, 0xff, 0xff,
    0xc0, 0x0, 0x0, 0x0, 0x7, 0xff, 0xff, 0xf3,
    0xff, 0xff, 0xff, 0xff, 0x0, 0x0, 0x0, 0x0,
    0x7f, 0xff, 0xff, 0x3f, 0xff, 0xff, 0xff, 0xfc,
    0x0, 0x0, 0x0, 0x7, 0xff, 0xff, 0xf3, 0xff,
    0xff, 0xff, 0xff, 0xe0, 0x0, 0x0, 0x0, 0x7f,
    0xff, 0xff, 0x3f, 0xff, 0xff, 0xff, 0xff, 0x40,
    0x0, 0x0, 0x7, 0xff, 0xff, 0xf3, 0xff, 0xff,
    0xff, 0xff, 0xfd, 0x0, 0x0, 0x0, 0x7f, 0xff,
    0xff, 0x3f, 0xff, 0xff, 0xff, 0xff, 0xf0, 0x0,
    0x0, 0x7, 0xff, 0xff, 0xf3, 0xff, 0xff, 0xff,
    0xff, 0xff, 0xc0, 0x0, 0x0, 0x7f, 0xff, 0xff,
    0x3f, 0xff, 0xff, 0xff, 0xff, 0xff, 0x0, 0x0,
    0x7, 0xff, 0xff, 0xf3, 0xff, 0xff, 0xff, 0xff,
    0xff, 0xf8, 0x0, 0x0, 0x7f, 0xff, 0xff, 0x3f,
    0xff, 0xff, 0xff, 0xff, 0xff, 0xd0, 0x0, 0x7,
    0xff, 0xff, 0xf3, 0xff, 0xff, 0xff, 0xff, 0xff,
    0xff, 0x40, 0x0, 0x7f, 0xff, 0xff, 0x3f, 0xff,
    0xff, 0x3f, 0xff, 0xff, 0xfc, 0x0, 0x7, 0xff,
    0xff, 0xf3, 0xff, 0xff, 0xf1, 0xff, 0xff, 0xff,
    0xf0, 0x0, 0x7f, 0xff, 0xff, 0x3f, 0xff, 0xff,
    0x7, 0xff, 0xff, 0xff, 0x80, 0x7, 0xff, 0xff,
    0xf3, 0xff, 0xff, 0xf0, 0x2f, 0xff, 0xff, 0xfe,
    0x0, 0x7f, 0xff, 0xff, 0x3f, 0xff, 0xff, 0x0,
    0xff, 0xff, 0xff, 0xf4, 0x7, 0xff, 0xff, 0xf3,
    0xff, 0xff, 0xf0, 0x3, 0xff, 0xff, 0xff, 0xc0,
    0x7f, 0xff, 0xff, 0x3f, 0xff, 0xff, 0x0, 0xf,
    0xff, 0xff, 0xff, 0x7, 0xff, 0xff, 0xf3, 0xff,
    0xff, 0xf0, 0x0, 0x7f, 0xff, 0xff, 0xfc, 0x7f,
    0xff, 0xff, 0x3f, 0xff, 0xff, 0x0, 0x2, 0xff,
    0xff, 0xff, 0xe7, 0xff, 0xff, 0xf3, 0xff, 0xff,
    0xf0, 0x0, 0xb, 0xff, 0xff, 0xff, 0xff, 0xff,
    0xff, 0x3f, 0xff, 0xff, 0x0, 0x0, 0x3f, 0xff,
    0xff, 0xff, 0xff, 0xff, 0xf3, 0xff, 0xff, 0xf0,
    0x0, 0x0, 0xff, 0xff, 0xff, 0xff, 0xff, 0xff,
    0x3f, 0xff, 0xff, 0x0, 0x0, 0x3, 0xff, 0xff,
    0xff, 0xff, 0xff, 0xf3, 0xff, 0xff, 0xf0, 0x0,
    0x0, 0x1f, 0xff, 0xff, 0xff, 0xff, 0xff, 0x3f,
    0xff, 0xff, 0x0, 0x0, 0x0, 0xbf, 0xff, 0xff,
    0xff, 0xff, 0xf3, 0xff, 0xff, 0xf0, 0x0, 0x0,
    0x2, 0xff, 0xff, 0xff, 0xff, 0xff, 0x3f, 0xff,
    0xff, 0x0, 0x0, 0x0, 0xf, 0xff, 0xff, 0xff,
    0xff, 0xf3, 0xff, 0xff, 0xf0, 0x0, 0x0, 0x0,
    0x3f, 0xff, 0xff, 0xff, 0xff, 0x3f, 0xff, 0xff,
    0x0, 0x0, 0x0, 0x1, 0xff, 0xff, 0xff, 0xff,
    0xf3, 0xff, 0xff, 0xf0, 0x0, 0x0, 0x0, 0x7,
    0xff, 0xff, 0xff, 0xff, 0x3f, 0xff, 0xff, 0x0,
    0x0, 0x0, 0x0, 0x2f, 0xff, 0xff, 0xff, 0xf3,
    0xff, 0xff, 0xf0, 0x0, 0x0, 0x0, 0x0, 0xbf,
    0xff, 0xff, 0xff, 0x3f, 0xff, 0xff, 0x0, 0x0,
    0x0, 0x0, 0x3, 0xff, 0xff, 0xff, 0xf3, 0xff,
    0xff, 0xf0, 0x0, 0x0, 0x0, 0x0, 0xf, 0xff,
    0xff, 0xff, 0x3f, 0xff, 0xff, 0x0, 0x0, 0x0,
    0x0, 0x0, 0x7f, 0xff, 0xff, 0xf3, 0xff, 0xff,
    0xf0, 0x0, 0x0, 0x0, 0x0, 0x1, 0xff, 0xff,
    0xff, 0x3f, 0xff, 0xff, 0x0, 0x0, 0x0, 0x0,
    0x0, 0xb, 0xff, 0xff, 0xf3, 0xff, 0xff, 0xf0,
    0x0, 0x0, 0x0, 0x0, 0x0, 0x3f, 0xff, 0xff,
    0x3f, 0xff, 0xff, 0x0, 0x0, 0x0, 0x0, 0x0,
    0x0, 0xff, 0xff, 0xf0,

    /* U+004F "O" */
    0x0, 0x0, 0x0, 0x0, 0x0, 0x1b, 0xff, 0xff,
    0x90, 0x0, 0x0, 0x0, 0x0, 0x0, 0x0, 0x0,
    0x0, 0x0, 0x6f, 0xff, 0xff, 0xff, 0xfe, 0x40,
    0x0, 0x0, 0x0, 0x0, 0x0, 0x0, 0x0, 0x2f,
    0xff, 0xff, 0xff, 0xff, 0xff, 0xe0, 0x0, 0x0,
    0x0, 0x0, 0x0, 0x0, 0xb, 0xff, 0xff, 0xff,
    0xff, 0xff, 0xff, 0xf8, 0x0, 0x0, 0x0, 0x0,
    0x0, 0x1, 0xff, 0xff, 0xff, 0xff, 0xff, 0xff,
    0xff, 0xfd, 0x0, 0x0, 0x0, 0x0, 0x0, 0x2f,
    0xff, 0xff, 0xff, 0xff, 0xff, 0xff, 0xff, 0xfe,
    0x0, 0x0, 0x0, 0x0, 0x3, 0xff, 0xff, 0xff,
    0xff, 0xff, 0xff, 0xff, 0xff, 0xff, 0x0, 0x0,
    0x0, 0x0, 0x3f, 0xff, 0xff, 0xff, 0xff, 0xff,
    0xff, 0xff, 0xff, 0xff, 0x0, 0x0, 0x0, 0x3,
    0xff, 0xff, 0xff, 0xff, 0xff, 0xff, 0xff, 0xff,
    0xff, 0xff, 0x0, 0x0, 0x0, 0x3f, 0xff, 0xff,
    0xff, 0xff, 0xaa, 0xbf, 0xff, 0xff, 0xff, 0xff,
    0x0, 0x0, 0x2, 0xff, 0xff, 0xff, 0xfe, 0x40,
    0x0, 0x6, 0xff, 0xff, 0xff, 0xfe, 0x0, 0x0,
    0x1f, 0xff, 0xff, 0xff, 0x80, 0x0, 0x0, 0x0,
    0xbf, 0xff, 0xff, 0xfd, 0x0, 0x0, 0xff, 0xff,
    0xff, 0xf4, 0x0, 0x0, 0x0, 0x0, 0x7f, 0xff,
    0xff, 0xfc, 0x0, 0x7, 0xff, 0xff, 0xff, 0x0,
    0x0, 0x0, 0x0, 0x0, 0x3f, 0xff, 0xff, 0xf4,
    0x0, 0x3f, 0xff, 0xff, 0xf0, 0x0, 0x0, 0x0,
    0x0, 0x0, 0x3f, 0xff, 0xff, 0xf0, 0x1, 0xff,
    0xff, 0xff, 0x40, 0x0, 0x0, 0x0, 0x0, 0x0,
    0x3f, 0xff, 0xff, 0xd0, 0xf, 0xff, 0xff, 0xf8,
    0x0, 0x0, 0x0, 0x0, 0x0, 0x0, 0xbf, 0xff,
    0xff, 0xc0, 0x3f, 0xff, 0xff, 0xc0, 0x0, 0x0,
    0x0, 0x0, 0x0, 0x0, 0xff, 0xff, 0xff, 0x1,
    0xff, 0xff, 0xfe, 0x0, 0x0, 0x0, 0x0, 0x0,
    0x0, 0x1, 0xff, 0xff, 0xfd, 0xb, 0xff, 0xff,
    0xf0, 0x0, 0x0, 0x0, 0x0, 0x0, 0x0, 0x3,
    0xff, 0xff, 0xf8, 0x3f, 0xff, 0xff, 0xc0, 0x0,
    0x0, 0x0, 0x0, 0x0, 0x0, 0xb, 0xff, 0xff,
    0xf0, 0xff, 0xff, 0xfe, 0x0, 0x0, 0x0, 0x0,
    0x0, 0x0, 0x0, 0x2f, 0xff, 0xff, 0xc3, 0xff,
    0xff, 0xf4, 0x0, 0x0, 0x0, 0x0, 0x0, 0x0,
    0x0, 0x7f, 0xff, 0xff, 0xf, 0xff, 0xff, 0xd0,
    0x0, 0x0, 0x0, 0x0, 0x0, 0x0, 0x0, 0xff,
    0xff, 0xfd, 0x3f, 0xff, 0xff, 0x0, 0x0, 0x0,
    0x0, 0x0, 0x0, 0x0, 0x3, 0xff, 0xff, 0xf5,
    0xff, 0xff, 0xfc, 0x0, 0x0, 0x0, 0x0, 0x0,
    0x0, 0x0, 0xf, 0xff, 0xff, 0xd3, 0xff, 0xff,
    0xf0, 0x0, 0x0, 0x0, 0x0, 0x0, 0x0, 0x0,
    0x3f, 0xff, 0xff, 0x4f, 0xff, 0xff, 0xd0, 0x0,
    0x0, 0x0, 0x0, 0x0, 0x0, 0x1, 0xff, 0xff,
    0xfc, 0x3f, 0xff, 0xff, 0x40, 0x0, 0x0, 0x0,
    0x0, 0x0, 0x0, 0x7, 0xff, 0xff, 0xf0, 0xff,
    0xff, 0xfe, 0x0, 0x0, 0x0, 0x0, 0x0, 0x0,
    0x0, 0x2f, 0xff, 0xff, 0xc3, 0xff, 0xff, 0xfc,
    0x0, 0x0, 0x0, 0x0, 0x0, 0x0, 0x0, 0xff,
    0xff, 0xff, 0xb, 0xff, 0xff, 0xf4, 0x0, 0x0,
    0x0, 0x0, 0x0, 0x0, 0x3, 0xff, 0xff, 0xf8,
    0x1f, 0xff, 0xff, 0xf0, 0x0, 0x0, 0x0, 0x0,
    0x0, 0x0, 0x2f, 0xff, 0xff, 0xd0, 0x3f, 0xff,
    0xff, 0xd0, 0x0, 0x0, 0x0, 0x0, 0x0, 0x0,
    0xff, 0xff, 0xff, 0x0, 0xbf, 0xff, 0xff, 0xc0,
    0x0, 0x0, 0x0, 0x0, 0x0, 0xf, 0xff, 0xff,
    0xf8, 0x0, 0xff, 0xff, 0xff, 0x80, 0x0, 0x0,
    0x0, 0x0, 0x0, 0xbf, 0xff, 0xff, 0xc0, 0x2,
    0xff, 0xff, 0xff, 0x80, 0x0, 0x0, 0x0, 0x0,
    0x7, 0xff, 0xff, 0xff, 0x0, 0x3, 0xff, 0xff,
    0xff, 0x80, 0x0, 0x0, 0x0, 0x0, 0xbf, 0xff,
    0xff, 0xf4, 0x0, 0xb, 0xff, 0xff, 0xff, 0xc0,
    0x0, 0x0, 0x0, 0xf, 0xff, 0xff, 0xff, 0x80,
    0x0, 0xf, 0xff, 0xff, 0xff, 0xe0, 0x0, 0x0,
    0x2, 0xff, 0xff, 0xff, 0xfc, 0x0, 0x0, 0xf,
    0xff, 0xff, 0xff, 0xfe, 0x40, 0x6, 0xff, 0xff,
    0xff, 0xff, 0xd0, 0x0, 0x0, 0x1f, 0xff, 0xff,
    0xff, 0xff, 0xff, 0xff, 0xff, 0xff, 0xff, 0xfd,
    0x0, 0x0, 0x0, 0x1f, 0xff, 0xff, 0xff, 0xff,
    0xff, 0xff, 0xff, 0xff, 0xff, 0xe0, 0x0, 0x0,
    0x0, 0x1f, 0xff, 0xff, 0xff, 0xff, 0xff, 0xff,
    0xff, 0xff, 0xfe, 0x0, 0x0, 0x0, 0x0, 0x1f,
    0xff, 0xff, 0xff, 0xff, 0xff, 0xff, 0xff, 0xff,
    0xd0, 0x0, 0x0, 0x0, 0x0, 0xf, 0xff, 0xff,
    0xff, 0xff, 0xff, 0xff, 0xff, 0xfc, 0x0, 0x0,
    0x0, 0x0, 0x0, 0x7, 0xff, 0xff, 0xff, 0xff,
    0xff, 0xff, 0xff, 0x80, 0x0, 0x0, 0x0, 0x0,
    0x0, 0x2, 0xff, 0xff, 0xff, 0xff, 0xff, 0xff,
    0xe0, 0x0, 0x0, 0x0, 0x0, 0x0, 0x0, 0x0,
    0x7f, 0xff, 0xff, 0xff, 0xff, 0xf4, 0x0, 0x0,
    0x0, 0x0, 0x0, 0x0, 0x0, 0x0, 0x6, 0xff,
    0xff, 0xff, 0xe4, 0x0, 0x0, 0x0, 0x0, 0x0,
    0x0, 0x0, 0x0, 0x0, 0x0, 0x15, 0x55, 0x50,
    0x0, 0x0, 0x0, 0x0, 0x0, 0x0,

    /* U+0050 "P" */
    0x3f, 0xff, 0xff, 0xff, 0xff, 0xff, 0xfa, 0x40,
    0x0, 0x0, 0x0, 0x3f, 0xff, 0xff, 0xff, 0xff,
    0xff, 0xff, 0xfe, 0x0, 0x0, 0x0, 0x3f, 0xff,
    0xff, 0xff, 0xff, 0xff, 0xff, 0xff, 0xf4, 0x0,
    0x0, 0x3f, 0xff, 0xff, 0xff, 0xff, 0xff, 0xff,
    0xff, 0xff, 0x0, 0x0, 0x3f, 0xff, 0xff, 0xff,
    0xff, 0xff, 0xff, 0xff, 0xff, 0xd0, 0x0, 0x3f,
    0xff, 0xff, 0xff, 0xff, 0xff, 0xff, 0xff, 0xff,
    0xf4, 0x0, 0x3f, 0xff, 0xff, 0xff, 0xff, 0xff,
    0xff, 0xff, 0xff, 0xfd, 0x0, 0x3f, 0xff, 0xff,
    0xff, 0xff, 0xff, 0xff, 0xff, 0xff, 0xff, 0x0,
    0x3f, 0xff, 0xff, 0xff, 0xff, 0xff, 0xff, 0xff,
    0xff, 0xff, 0xc0, 0x3f, 0xff, 0xff, 0x40, 0x0,
    0x1, 0x6f, 0xff, 0xff, 0xff, 0xd0, 0x3f, 0xff,
    0xff, 0x0, 0x0, 0x0, 0x1, 0xff, 0xff, 0xff,
    0xf0, 0x3f, 0xff, 0xff, 0x0, 0x0, 0x0, 0x0,
    0x2f, 0xff, 0xff, 0xf4, 0x3f, 0xff, 0xff, 0x0,
    0x0, 0x0, 0x0, 0xb, 0xff, 0xff, 0xf8, 0x3f,
    0xff, 0xff, 0x0, 0x0, 0x0, 0x0, 0x3, 0xff,
    0xff, 0xfc, 0x3f, 0xff, 0xff, 0x0, 0x0, 0x0,
    0x0, 0x2, 0xff, 0xff, 0xfc, 0x3f, 0xff, 0xff,
    0x0, 0x0, 0x0, 0x0, 0x1, 0xff, 0xff, 0xfc,
    0x3f, 0xff, 0xff, 0x0, 0x0, 0x0, 0x0, 0x1,
    0xff, 0xff, 0xfd, 0x3f, 0xff, 0xff, 0x0, 0x0,
    0x0, 0x0, 0x0, 0xff, 0xff, 0xfd, 0x3f, 0xff,
    0xff, 0x0, 0x0, 0x0, 0x0, 0x0, 0xff, 0xff,
    0xfd, 0x3f, 0xff, 0xff, 0x0, 0x0, 0x0, 0x0,
    0x1, 0xff, 0xff, 0xfc, 0x3f, 0xff, 0xff, 0x0,
    0x0, 0x0, 0x0, 0x2, 0xff, 0xff, 0xfc, 0x3f,
    0xff, 0xff, 0x0, 0x0, 0x0, 0x0, 0x3, 0xff,
    0xff, 0xfc, 0x3f, 0xff, 0xff, 0x0, 0x0, 0x0,
    0x0, 0xb, 0xff, 0xff, 0xf8, 0x3f, 0xff, 0xff,
    0x0, 0x0, 0x0, 0x0, 0x1f, 0xff, 0xff, 0xf4,
    0x3f, 0xff, 0xff, 0x0, 0x0, 0x0, 0x0, 0xbf,
    0xff, 0xff, 0xf0, 0x3f, 0xff, 0xff, 0x0, 0x0,
    0x0, 0x1b, 0xff, 0xff, 0xff, 0xe0, 0x3f, 0xff,
    0xff, 0xff, 0xff, 0xff, 0xff, 0xff, 0xff, 0xff,
    0xc0, 0x3f, 0xff, 0xff, 0xff, 0xff, 0xff, 0xff,
    0xff, 0xff, 0xff, 0x40, 0x3f, 0xff, 0xff, 0xff,
    0xff, 0xff, 0xff, 0xff, 0xff, 0xfe, 0x0, 0x3f,
    0xff, 0xff, 0xff, 0xff, 0xff, 0xff, 0xff, 0xff,
    0xf8, 0x0, 0x3f, 0xff, 0xff, 0xff, 0xff, 0xff,
    0xff, 0xff, 0xff, 0xe0, 0x0, 0x3f, 0xff, 0xff,
    0xff, 0xff, 0xff, 0xff, 0xff, 0xff, 0x40, 0x0,
    0x3f, 0xff, 0xff, 0xff, 0xff, 0xff, 0xff, 0xff,
    0xf8, 0x0, 0x0, 0x3f, 0xff, 0xff, 0xff, 0xff,
    0xff, 0xff, 0xff, 0x40, 0x0, 0x0, 0x3f, 0xff,
    0xff, 0xff, 0xff, 0xff, 0xff, 0x90, 0x0, 0x0,
    0x0, 0x3f, 0xff, 0xff, 0x40, 0x0, 0x0, 0x0,
    0x0, 0x0, 0x0, 0x0, 0x3f, 0xff, 0xff, 0x0,
    0x0, 0x0, 0x0, 0x0, 0x0, 0x0, 0x0, 0x3f,
    0xff, 0xff, 0x0, 0x0, 0x0, 0x0, 0x0, 0x0,
    0x0, 0x0, 0x3f, 0xff, 0xff, 0x0, 0x0, 0x0,
    0x0, 0x0, 0x0, 0x0, 0x0, 0x3f, 0xff, 0xff,
    0x0, 0x0, 0x0, 0x0, 0x0, 0x0, 0x0, 0x0,
    0x3f, 0xff, 0xff, 0x0, 0x0, 0x0, 0x0, 0x0,
    0x0, 0x0, 0x0, 0x3f, 0xff, 0xff, 0x0, 0x0,
    0x0, 0x0, 0x0, 0x0, 0x0, 0x0, 0x3f, 0xff,
    0xff, 0x0, 0x0, 0x0, 0x0, 0x0, 0x0, 0x0,
    0x0, 0x3f, 0xff, 0xff, 0x0, 0x0, 0x0, 0x0,
    0x0, 0x0, 0x0, 0x0, 0x3f, 0xff, 0xff, 0x0,
    0x0, 0x0, 0x0, 0x0, 0x0, 0x0, 0x0, 0x3f,
    0xff, 0xff, 0x0, 0x0, 0x0, 0x0, 0x0, 0x0,
    0x0, 0x0, 0x3f, 0xff, 0xff, 0x0, 0x0, 0x0,
    0x0, 0x0, 0x0, 0x0, 0x0, 0x3f, 0xff, 0xff,
    0x0, 0x0, 0x0, 0x0, 0x0, 0x0, 0x0, 0x0,
    0x3f, 0xff, 0xff, 0x0, 0x0, 0x0, 0x0, 0x0,
    0x0, 0x0, 0x0,

    /* U+0051 "Q" */
    0x0, 0x0, 0x0, 0x0, 0x0, 0x1b, 0xff, 0xff,
    0x90, 0x0, 0x0, 0x0, 0x0, 0x0, 0x0, 0x0,
    0x0, 0x0, 0x6, 0xff, 0xff, 0xff, 0xff, 0xe4,
    0x0, 0x0, 0x0, 0x0, 0x0, 0x0, 0x0, 0x0,
    0x2f, 0xff, 0xff, 0xff, 0xff, 0xff, 0xe0, 0x0,
    0x0, 0x0, 0x0, 0x0, 0x0, 0x0, 0xbf, 0xff,
    0xff, 0xff, 0xff, 0xff, 0xff, 0x80, 0x0, 0x0,
    0x0, 0x0, 0x0, 0x1, 0xff, 0xff, 0xff, 0xff,
    0xff, 0xff, 0xff, 0xfd, 0x0, 0x0, 0x0, 0x0,
    0x0, 0x2, 0xff, 0xff, 0xff, 0xff, 0xff, 0xff,
    0xff, 0xff, 0xe0, 0x0, 0x0, 0x0, 0x0, 0x3,
    0xff, 0xff, 0xff, 0xff, 0xff, 0xff, 0xff, 0xff,
    0xff, 0x0, 0x0, 0x0, 0x0, 0x3, 0xff, 0xff,
    0xff, 0xff, 0xff, 0xff, 0xff, 0xff, 0xff, 0xf0,
    0x0, 0x0, 0x0, 0x3, 0xff, 0xff, 0xff, 0xff,
    0xff, 0xff, 0xff, 0xff, 0xff, 0xff, 0x0, 0x0,
    0x0, 0x3, 0xff, 0xff, 0xff, 0xff, 0xfa, 0xab,
    0xff, 0xff, 0xff, 0xff, 0xf0, 0x0, 0x0, 0x2,
    0xff, 0xff, 0xff, 0xfe, 0x40, 0x0, 0x6, 0xff,
    0xff, 0xff, 0xfe, 0x0, 0x0, 0x1, 0xff, 0xff,
    0xff, 0xf8, 0x0, 0x0, 0x0, 0xb, 0xff, 0xff,
    0xff, 0xd0, 0x0, 0x0, 0xff, 0xff, 0xff, 0xf4,
    0x0, 0x0, 0x0, 0x0, 0x7f, 0xff, 0xff, 0xfc,
    0x0, 0x0, 0x7f, 0xff, 0xff, 0xf0, 0x0, 0x0,
    0x0, 0x0, 0x3, 0xff, 0xff, 0xff, 0x80, 0x0,
    0x3f, 0xff, 0xff, 0xf0, 0x0, 0x0, 0x0, 0x0,
    0x0, 0x3f, 0xff, 0xff, 0xf0, 0x0, 0x1f, 0xff,
    0xff, 0xf4, 0x0, 0x0, 0x0, 0x0, 0x0, 0x3,
    0xff, 0xff, 0xfd, 0x0, 0xf, 0xff, 0xff, 0xf8,
    0x0, 0x0, 0x0, 0x0, 0x0, 0x0, 0xbf, 0xff,
    0xff, 0xc0, 0x3, 0xff, 0xff, 0xfc, 0x0, 0x0,
    0x0, 0x0, 0x0, 0x0, 0xf, 0xff, 0xff, 0xf0,
    0x1, 0xff, 0xff, 0xfe, 0x0, 0x0, 0x0, 0x0,
    0x0, 0x0, 0x1, 0xff, 0xff, 0xfd, 0x0, 0xbf,
    0xff, 0xff, 0x0, 0x0, 0x0, 0x0, 0x0, 0x0,
    0x0, 0x3f, 0xff, 0xff, 0x80, 0x3f, 0xff, 0xff,
    0xc0, 0x0, 0x0, 0x0, 0x0, 0x0, 0x0, 0xb,
    0xff, 0xff, 0xf0, 0xf, 0xff, 0xff, 0xe0, 0x0,
    0x0, 0x0, 0x0, 0x0, 0x0, 0x2, 0xff, 0xff,
    0xfc, 0x3, 0xff, 0xff, 0xf4, 0x0, 0x0, 0x0,
    0x0, 0x0, 0x0, 0x0, 0x7f, 0xff, 0xff, 0x0,
    0xff, 0xff, 0xfd, 0x0, 0x0, 0x0, 0x0, 0x0,
    0x0, 0x0, 0xf, 0xff, 0xff, 0xd0, 0x3f, 0xff,
    0xff, 0x0, 0x0, 0x0, 0x0, 0x0, 0x0, 0x0,
    0x3, 0xff, 0xff, 0xf4, 0x1f, 0xff, 0xff, 0xc0,
    0x0, 0x0, 0x0, 0x0, 0x0, 0x0, 0x0, 0xff,
    0xff, 0xfd, 0x3, 0xff, 0xff, 0xf0, 0x0, 0x0,
    0x0, 0x0, 0x0, 0x0, 0x0, 0x3f, 0xff, 0xff,
    0x40, 0xff, 0xff, 0xfd, 0x0, 0x0, 0x0, 0x0,
    0x0, 0x0, 0x0, 0x1f, 0xff, 0xff, 0xc0, 0x3f,
    0xff, 0xff, 0x40, 0x0, 0x0, 0x0, 0x0, 0x0,
    0x0, 0x7, 0xff, 0xff, 0xf0, 0xf, 0xff, 0xff,
    0xe0, 0x0, 0x0, 0x0, 0x0, 0x0, 0x0, 0x2,
    0xff, 0xff, 0xfc, 0x3, 0xff, 0xff, 0xfc, 0x0,
    0x0, 0x0, 0x0, 0x0, 0x0, 0x0, 0xff, 0xff,
    0xff, 0x0, 0xbf, 0xff, 0xff, 0x40, 0x0, 0x0,
    0x0, 0x0, 0x0, 0x0, 0x7f, 0xff, 0xff, 0x80,
    0x1f, 0xff, 0xff, 0xf0, 0x0, 0x0, 0x0, 0x0,
    0x0, 0x0, 0x2f, 0xff, 0xff, 0xd0, 0x3, 0xff,
    0xff, 0xfd, 0x0, 0x0, 0x0, 0x0, 0x0, 0x0,
    0xf, 0xff, 0xff, 0xf0, 0x0, 0xbf, 0xff, 0xff,
    0xc0, 0x0, 0x0, 0x0, 0x0, 0x0, 0xf, 0xff,
    0xff, 0xf8, 0x0, 0xf, 0xff, 0xff, 0xf8, 0x0,
    0x0, 0x0, 0x0, 0x0, 0xb, 0xff, 0xff, 0xfc,
    0x0, 0x2, 0xff, 0xff, 0xff, 0x80, 0x0, 0x0,
    0x0, 0x0, 0x7, 0xff, 0xff, 0xff, 0x0, 0x0,
    0x3f, 0xff, 0xff, 0xf8, 0x0, 0x0, 0x0, 0x0,
    0xb, 0xff, 0xff, 0xff, 0x40, 0x0, 0xb, 0xff,
    0xff, 0xff, 0xc0, 0x0, 0x0, 0x0, 0xf, 0xff,
    0xff, 0xff, 0x80, 0x0, 0x0, 0xff, 0xff, 0xff,
    0xfe, 0x0, 0x0, 0x0, 0x2f, 0xff, 0xff, 0xff,
    0xc0, 0x0, 0x0, 0xf, 0xff, 0xff, 0xff, 0xfe,
    0x40, 0x6, 0xff, 0xff, 0xff, 0xff, 0xd0, 0x0,
    0x0, 0x1, 0xff, 0xff, 0xff, 0xff, 0xff, 0xff,
    0xff, 0xff, 0xff, 0xff, 0xd0, 0x0, 0x0, 0x0,
    0x1f, 0xff, 0xff, 0xff, 0xff, 0xff, 0xff, 0xff,
    0xff, 0xff, 0xe0, 0x0, 0x0, 0x0, 0x1, 0xff,
    0xff, 0xff, 0xff, 0xff, 0xff, 0xff, 0xff, 0xff,
    0xe0, 0x0, 0x0, 0x0, 0x0, 0x1f, 0xff, 0xff,
    0xff, 0xff, 0xff, 0xff, 0xff, 0xff, 0xd0, 0x0,
    0x0, 0x0, 0x0, 0x0, 0xff, 0xff, 0xff, 0xff,
    0xff, 0xff, 0xff, 0xff, 0xc0, 0x0, 0x0, 0x0,
    0x0, 0x0, 0x7, 0xff, 0xff, 0xff, 0xff, 0xff,
    0xff, 0xff, 0x80, 0x0, 0x0, 0x0, 0x0, 0x0,
    0x0, 0x2f, 0xff, 0xff, 0xff, 0xff, 0xff, 0xfe,
    0x0, 0x0, 0x0, 0x0, 0x0, 0x0, 0x0, 0x0,
    0x7f, 0xff, 0xff, 0xff, 0xff, 0xf4, 0x0, 0x0,
    0x0, 0x0, 0x0, 0x0, 0x0, 0x0, 0x0, 0x6f,
    0xff, 0xff, 0xff, 0xf0, 0x0, 0x0, 0x0, 0xd0,
    0x0, 0x0, 0x0, 0x0, 0x0, 0x0, 0x1f, 0xff,
    0xff, 0xff, 0x40, 0x0, 0x0, 0xfc, 0x0, 0x0,
    0x0, 0x0, 0x0, 0x0, 0x1, 0xff, 0xff, 0xff,
    0xf8, 0x0, 0x2, 0xff, 0xc0, 0x0, 0x0, 0x0,
    0x0, 0x0, 0x0, 0x1f, 0xff, 0xff, 0xff, 0xe5,
    0x6b, 0xff, 0xf8, 0x0, 0x0, 0x0, 0x0, 0x0,
    0x0, 0x1, 0xff, 0xff, 0xff, 0xff, 0xff, 0xff,
    0xff, 0x80, 0x0, 0x0, 0x0, 0x0, 0x0, 0x0,
    0xf, 0xff, 0xff, 0xff, 0xff, 0xff, 0xff, 0xf4,
    0x0, 0x0, 0x0, 0x0, 0x0, 0x0, 0x0, 0xff,
    0xff, 0xff, 0xff, 0xff, 0xff, 0xfd, 0x0, 0x0,
    0x0, 0x0, 0x0, 0x0, 0x0, 0xb, 0xff, 0xff,
    0xff, 0xff, 0xff, 0xfd, 0x0, 0x0, 0x0, 0x0,
    0x0, 0x0, 0x0, 0x0, 0x7f, 0xff, 0xff, 0xff,
    0xff, 0xfd, 0x0, 0x0, 0x0, 0x0, 0x0, 0x0,
    0x0, 0x0, 0x2, 0xff, 0xff, 0xff, 0xff, 0xf8,
    0x0, 0x0, 0x0, 0x0, 0x0, 0x0, 0x0, 0x0,
    0x0, 0x7, 0xff, 0xff, 0xff, 0xe4, 0x0, 0x0,
    0x0, 0x0, 0x0, 0x0, 0x0, 0x0, 0x0, 0x0,
    0x6, 0xff, 0xfe, 0x40, 0x0, 0x0,

    /* U+0052 "R" */
    0x3f, 0xff, 0xff, 0xff, 0xff, 0xff, 0xfa, 0x40,
    0x0, 0x0, 0x0, 0xf, 0xff, 0xff, 0xff, 0xff,
    0xff, 0xff, 0xff, 0x90, 0x0, 0x0, 0x3, 0xff,
    0xff, 0xff, 0xff, 0xff, 0xff, 0xff, 0xff, 0x40,
    0x0, 0x0, 0xff, 0xff, 0xff, 0xff, 0xff, 0xff,
    0xff, 0xff, 0xfc, 0x0, 0x0, 0x3f, 0xff, 0xff,
    0xff, 0xff, 0xff, 0xff, 0xff, 0xff, 0xd0, 0x0,
    0xf, 0xff, 0xff, 0xff, 0xff, 0xff, 0xff, 0xff,
    0xff, 0xfe, 0x0, 0x3, 0xff, 0xff, 0xff, 0xff,
    0xff, 0xff, 0xff, 0xff, 0xff, 0xd0, 0x0, 0xff,
    0xff, 0xff, 0xff, 0xff, 0xff, 0xff, 0xff, 0xff,
    0xfd, 0x0, 0x3f, 0xff, 0xff, 0xff, 0xff, 0xff,
    0xff, 0xff, 0xff, 0xff, 0xc0, 0xf, 0xff, 0xff,
    0xd0, 0x0, 0x0, 0x5b, 0xff, 0xff, 0xff, 0xf8,
    0x3, 0xff, 0xff, 0xf0, 0x0, 0x0, 0x0, 0x1f,
    0xff, 0xff, 0xff, 0x0, 0xff, 0xff, 0xfc, 0x0,
    0x0, 0x0, 0x0, 0xbf, 0xff, 0xff, 0xd0, 0x3f,
    0xff, 0xff, 0x0, 0x0, 0x0, 0x0, 0xb, 0xff,
    0xff, 0xf8, 0xf, 0xff, 0xff, 0xc0, 0x0, 0x0,
    0x0, 0x0, 0xff, 0xff, 0xff, 0x3, 0xff, 0xff,
    0xf0, 0x0, 0x0, 0x0, 0x0, 0x2f, 0xff, 0xff,
    0xc0, 0xff, 0xff, 0xfc, 0x0, 0x0, 0x0, 0x0,
    0x7, 0xff, 0xff, 0xf0, 0x3f, 0xff, 0xff, 0x0,
    0x0, 0x0, 0x0, 0x1, 0xff, 0xff, 0xfd, 0xf,
    0xff, 0xff, 0xc0, 0x0, 0x0, 0x0, 0x0, 0x3f,
    0xff, 0xff, 0x43, 0xff, 0xff, 0xf0, 0x0, 0x0,
    0x0, 0x0, 0xf, 0xff, 0xff, 0xd0, 0xff, 0xff,
    0xfc, 0x0, 0x0, 0x0, 0x0, 0x7, 0xff, 0xff,
    0xf0, 0x3f, 0xff, 0xff, 0x0, 0x0, 0x0, 0x0,
    0x2, 0xff, 0xff, 0xfc, 0xf, 0xff, 0xff, 0xc0,
    0x0, 0x0, 0x0, 0x0, 0xff, 0xff, 0xff, 0x3,
    0xff, 0xff, 0xf0, 0x0, 0x0, 0x0, 0x0, 0xbf,
    0xff, 0xff, 0x80, 0xff, 0xff, 0xfc, 0x0, 0x0,
    0x0, 0x0, 0x7f, 0xff, 0xff, 0xd0, 0x3f, 0xff,
    0xff, 0x0, 0x0, 0x0, 0x0, 0xbf, 0xff, 0xff,
    0xf0, 0xf, 0xff, 0xff, 0xc0, 0x0, 0x0, 0x6,
    0xff, 0xff, 0xff, 0xf8, 0x3, 0xff, 0xff, 0xff,
    0xff, 0xff, 0xff, 0xff, 0xff, 0xff, 0xfc, 0x0,
    0xff, 0xff, 0xff, 0xff, 0xff, 0xff, 0xff, 0xff,
    0xff, 0xfd, 0x0, 0x3f, 0xff, 0xff, 0xff, 0xff,
    0xff, 0xff, 0xff, 0xff, 0xfe, 0x0, 0xf, 0xff,
    0xff, 0xff, 0xff, 0xff, 0xff, 0xff, 0xff, 0xfe,
    0x0, 0x3, 0xff, 0xff, 0xff, 0xff, 0xff, 0xff,
    0xff, 0xff, 0xfd, 0x0, 0x0, 0xff, 0xff, 0xff,
    0xff, 0xff, 0xff, 0xff, 0xff, 0xfc, 0x0, 0x0,
    0x3f, 0xff, 0xff, 0xff, 0xff, 0xff, 0xff, 0xff,
    0xf4, 0x0, 0x0, 0xf, 0xff, 0xff, 0xff, 0xff,
    0xff, 0xff, 0xff, 0xf8, 0x0, 0x0, 0x3, 0xff,
    0xff, 0xff, 0xff, 0xff, 0xff, 0xff, 0xff, 0x40,
    0x0, 0x0, 0xff, 0xff, 0xfc, 0x0, 0x0, 0xf,
    0xff, 0xff, 0xf0, 0x0, 0x0, 0x3f, 0xff, 0xff,
    0x0, 0x0, 0x2, 0xff, 0xff, 0xfe, 0x0, 0x0,
    0xf, 0xff, 0xff, 0xc0, 0x0, 0x0, 0x3f, 0xff,
    0xff, 0xd0, 0x0, 0x3, 0xff, 0xff, 0xf0, 0x0,
    0x0, 0x3, 0xff, 0xff, 0xfc, 0x0, 0x0, 0xff,
    0xff, 0xfc, 0x0, 0x0, 0x0, 0x7f, 0xff, 0xff,
    0x80, 0x0, 0x3f, 0xff, 0xff, 0x0, 0x0, 0x0,
    0xf, 0xff, 0xff, 0xf4, 0x0, 0xf, 0xff, 0xff,
    0xc0, 0x0, 0x0, 0x0, 0xff, 0xff, 0xff, 0x0,
    0x3, 0xff, 0xff, 0xf0, 0x0, 0x0, 0x0, 0x1f,
    0xff, 0xff, 0xe0, 0x0, 0xff, 0xff, 0xfc, 0x0,
    0x0, 0x0, 0x3, 0xff, 0xff, 0xfd, 0x0, 0x3f,
    0xff, 0xff, 0x0, 0x0, 0x0, 0x0, 0x3f, 0xff,
    0xff, 0xc0, 0xf, 0xff, 0xff, 0xc0, 0x0, 0x0,
    0x0, 0x7, 0xff, 0xff, 0xfc, 0x3, 0xff, 0xff,
    0xf0, 0x0, 0x0, 0x0, 0x0, 0xbf, 0xff, 0xff,
    0x40, 0xff, 0xff, 0xfc, 0x0, 0x0, 0x0, 0x0,
    0xf, 0xff, 0xff, 0xf0, 0x3f, 0xff, 0xff, 0x0,
    0x0, 0x0, 0x0, 0x1, 0xff, 0xff, 0xff, 0x0,

    /* U+0053 "S" */
    0x0, 0x0, 0x0, 0x1, 0xaf, 0xff, 0xfe, 0x90,
    0x0, 0x0, 0x0, 0x0, 0x0, 0xb, 0xff, 0xff,
    0xff, 0xff, 0xf9, 0x0, 0x0, 0x0, 0x0, 0xb,
    0xff, 0xff, 0xff, 0xff, 0xff, 0xfe, 0x40, 0x0,
    0x0, 0xb, 0xff, 0xff, 0xff, 0xff, 0xff, 0xff,
    0xff, 0x40, 0x0, 0x3, 0xff, 0xff, 0xff, 0xff,
    0xff, 0xff, 0xff, 0xfd, 0x0, 0x0, 0xff, 0xff,
    0xff, 0xff, 0xff, 0xff, 0xff, 0xff, 0xc0, 0x0,
    0x3f, 0xff, 0xff, 0xff, 0xff, 0xff, 0xff, 0xff,
    0xf8, 0x0, 0xb, 0xff, 0xff, 0xff, 0xff, 0xff,
    0xff, 0xff, 0xff, 0x40, 0x1, 0xff, 0xff, 0xff,
    0xff, 0xff, 0xff, 0xff, 0xff, 0xf0, 0x0, 0x3f,
    0xff, 0xff, 0xfe, 0x50, 0x1, 0x6f, 0xff, 0xfd,
    0x0, 0x3, 0xff, 0xff, 0xfe, 0x0, 0x0, 0x0,
    0x6, 0xff, 0xc0, 0x0, 0xbf, 0xff, 0xff, 0x40,
    0x0, 0x0, 0x0, 0x2, 0xf8, 0x0, 0xf, 0xff,
    0xff, 0xe0, 0x0, 0x0, 0x0, 0x0, 0x2, 0x0,
    0x0, 0xff, 0xff, 0xfd, 0x0, 0x0, 0x0, 0x0,
    0x0, 0x0, 0x0, 0xf, 0xff, 0xff, 0xc0, 0x0,
    0x0, 0x0, 0x0, 0x0, 0x0, 0x0, 0xff, 0xff,
    0xfd, 0x0, 0x0, 0x0, 0x0, 0x0, 0x0, 0x0,
    0xf, 0xff, 0xff, 0xe0, 0x0, 0x0, 0x0, 0x0,
    0x0, 0x0, 0x0, 0xff, 0xff, 0xff, 0x80, 0x0,
    0x0, 0x0, 0x0, 0x0, 0x0, 0xb, 0xff, 0xff,
    0xff, 0x40, 0x0, 0x0, 0x0, 0x0, 0x0, 0x0,
    0x7f, 0xff, 0xff, 0xff, 0x90, 0x0, 0x0, 0x0,
    0x0, 0x0, 0x3, 0xff, 0xff, 0xff, 0xff, 0xf9,
    0x0, 0x0, 0x0, 0x0, 0x0, 0x2f, 0xff, 0xff,
    0xff, 0xff, 0xff, 0x90, 0x0, 0x0, 0x0, 0x0,
    0xff, 0xff, 0xff, 0xff, 0xff, 0xff, 0xf4, 0x0,
    0x0, 0x0, 0x3, 0xff, 0xff, 0xff, 0xff, 0xff,
    0xff, 0xfd, 0x0, 0x0, 0x0, 0xf, 0xff, 0xff,
    0xff, 0xff, 0xff, 0xff, 0xfd, 0x0, 0x0, 0x0,
    0x2f, 0xff, 0xff, 0xff, 0xff, 0xff, 0xff, 0xf8,
    0x0, 0x0, 0x0, 0x2f, 0xff, 0xff, 0xff, 0xff,
    0xff, 0xff, 0xf0, 0x0, 0x0, 0x0, 0x2f, 0xff,
    0xff, 0xff, 0xff, 0xff, 0xff, 0xc0, 0x0, 0x0,
    0x0, 0x1b, 0xff, 0xff, 0xff, 0xff, 0xff, 0xfe,
    0x0, 0x0, 0x0, 0x0, 0x1, 0xbf, 0xff, 0xff,
    0xff, 0xff, 0xf4, 0x0, 0x0, 0x0, 0x0, 0x0,
    0x1b, 0xff, 0xff, 0xff, 0xff, 0xc0, 0x0, 0x0,
    0x0, 0x0, 0x0, 0x1, 0xff, 0xff, 0xff, 0xfc,
    0x0, 0x0, 0x0, 0x0, 0x0, 0x0, 0x1, 0xff,
    0xff, 0xff, 0xd0, 0x0, 0x0, 0x0, 0x0, 0x0,
    0x0, 0x2, 0xff, 0xff, 0xfe, 0x0, 0x0, 0x0,
    0x0, 0x0, 0x0, 0x0, 0xf, 0xff, 0xff, 0xe0,
    0x0, 0x0, 0x0, 0x0, 0x0, 0x0, 0x0, 0xbf,
    0xff, 0xfe, 0x0, 0x0, 0x0, 0x0, 0x0, 0x0,
    0x0, 0xb, 0xff, 0xff, 0xe0, 0xb, 0x80, 0x0,
    0x0, 0x0, 0x0, 0x0, 0xff, 0xff, 0xfe, 0x0,
    0xff, 0x40, 0x0, 0x0, 0x0, 0x0, 0x1f, 0xff,
    0xff, 0xd0, 0x2f, 0xff, 0x80, 0x0, 0x0, 0x0,
    0x3, 0xff, 0xff, 0xfc, 0x3, 0xff, 0xff, 0xe4,
    0x0, 0x0, 0x2, 0xff, 0xff, 0xff, 0x80, 0xbf,
    0xff, 0xff, 0xff, 0xaa, 0xaf, 0xff, 0xff, 0xff,
    0xf0, 0xf, 0xff, 0xff, 0xff, 0xff, 0xff, 0xff,
    0xff, 0xff, 0xfe, 0x1, 0xff, 0xff, 0xff, 0xff,
    0xff, 0xff, 0xff, 0xff, 0xff, 0xc0, 0x3f, 0xff,
    0xff, 0xff, 0xff, 0xff, 0xff, 0xff, 0xff, 0xf0,
    0x1, 0xff, 0xff, 0xff, 0xff, 0xff, 0xff, 0xff,
    0xff, 0xfc, 0x0, 0x1, 0xff, 0xff, 0xff, 0xff,
    0xff, 0xff, 0xff, 0xfe, 0x0, 0x0, 0x1, 0xff,
    0xff, 0xff, 0xff, 0xff, 0xff, 0xff, 0x40, 0x0,
    0x0, 0x0, 0xbf, 0xff, 0xff, 0xff, 0xff, 0xff,
    0x40, 0x0, 0x0, 0x0, 0x0, 0x1b, 0xff, 0xff,
    0xff, 0xf9, 0x0, 0x0, 0x0, 0x0, 0x0, 0x0,
    0x0, 0x55, 0x55, 0x40, 0x0, 0x0, 0x0, 0x0,

    /* U+0054 "T" */
    0xbf, 0xff, 0xff, 0xff, 0xff, 0xff, 0xff, 0xff,
    0xff, 0xff, 0xfe, 0xff, 0xff, 0xff, 0xff, 0xff,
    0xff, 0xff, 0xff, 0xff, 0xff, 0xfb, 0xff, 0xff,
    0xff, 0xff, 0xff, 0xff, 0xff, 0xff, 0xff, 0xff,
    0xef, 0xff, 0xff, 0xff, 0xff, 0xff, 0xff, 0xff,
    0xff, 0xff, 0xff, 0xbf, 0xff, 0xff, 0xff, 0xff,
    0xff, 0xff, 0xff, 0xff, 0xff, 0xfe, 0xff, 0xff,
    0xff, 0xff, 0xff, 0xff, 0xff, 0xff, 0xff, 0xff,
    0xfb, 0xff, 0xff, 0xff, 0xff, 0xff, 0xff, 0xff,
    0xff, 0xff, 0xff, 0xef, 0xff, 0xff, 0xff, 0xff,
    0xff, 0xff, 0xff, 0xff, 0xff, 0xff, 0xbf, 0xff,
    0xff, 0xff, 0xff, 0xff, 0xff, 0xff, 0xff, 0xff,
    0xfc, 0x0, 0x0, 0x0, 0x3, 0xff, 0xff, 0xf4,
    0x0, 0x0, 0x0, 0x0, 0x0, 0x0, 0x0, 0xf,
    0xff, 0xff, 0xd0, 0x0, 0x0, 0x0, 0x0, 0x0,
    0x0, 0x0, 0x3f, 0xff, 0xff, 0x40, 0x0, 0x0,
    0x0, 0x0, 0x0, 0x0, 0x0, 0xff, 0xff, 0xfd,
    0x0, 0x0, 0x0, 0x0, 0x0, 0x0, 0x0, 0x3,
    0xff, 0xff, 0xf4, 0x0, 0x0, 0x0, 0x0, 0x0,
    0x0, 0x0, 0xf, 0xff, 0xff, 0xd0, 0x0, 0x0,
    0x0, 0x0, 0x0, 0x0, 0x0, 0x3f, 0xff, 0xff,
    0x40, 0x0, 0x0, 0x0, 0x0, 0x0, 0x0, 0x0,
    0xff, 0xff, 0xfd, 0x0, 0x0, 0x0, 0x0, 0x0,
    0x0, 0x0, 0x3, 0xff, 0xff, 0xf4, 0x0, 0x0,
    0x0, 0x0, 0x0, 0x0, 0x0, 0xf, 0xff, 0xff,
    0xd0, 0x0, 0x0, 0x0, 0x0, 0x0, 0x0, 0x0,
    0x3f, 0xff, 0xff, 0x40, 0x0, 0x0, 0x0, 0x0,
    0x0, 0x0, 0x0, 0xff, 0xff, 0xfd, 0x0, 0x0,
    0x0, 0x0, 0x0, 0x0, 0x0, 0x3, 0xff, 0xff,
    0xf4, 0x0, 0x0, 0x0, 0x0, 0x0, 0x0, 0x0,
    0xf, 0xff, 0xff, 0xd0, 0x0, 0x0, 0x0, 0x0,
    0x0, 0x0, 0x0, 0x3f, 0xff, 0xff, 0x40, 0x0,
    0x0, 0x0, 0x0, 0x0, 0x0, 0x0, 0xff, 0xff,
    0xfd, 0x0, 0x0, 0x0, 0x0, 0x0, 0x0, 0x0,
    0x3, 0xff, 0xff, 0xf4, 0x0, 0x0, 0x0, 0x0,
    0x0, 0x0, 0x0, 0xf, 0xff, 0xff, 0xd0, 0x0,
    0x0, 0x0, 0x0, 0x0, 0x0, 0x0, 0x3f, 0xff,
    0xff, 0x40, 0x0, 0x0, 0x0, 0x0, 0x0, 0x0,
    0x0, 0xff, 0xff, 0xfd, 0x0, 0x0, 0x0, 0x0,
    0x0, 0x0, 0x0, 0x3, 0xff, 0xff, 0xf4, 0x0,
    0x0, 0x0, 0x0, 0x0, 0x0, 0x0, 0xf, 0xff,
    0xff, 0xd0, 0x0, 0x0, 0x0, 0x0, 0x0, 0x0,
    0x0, 0x3f, 0xff, 0xff, 0x40, 0x0, 0x0, 0x0,
    0x0, 0x0, 0x0, 0x0, 0xff, 0xff, 0xfd, 0x0,
    0x0, 0x0, 0x0, 0x0, 0x0, 0x0, 0x3, 0xff,
    0xff, 0xf4, 0x0, 0x0, 0x0, 0x0, 0x0, 0x0,
    0x0, 0xf, 0xff, 0xff, 0xd0, 0x0, 0x0, 0x0,
    0x0, 0x0, 0x0, 0x0, 0x3f, 0xff, 0xff, 0x40,
    0x0, 0x0, 0x0, 0x0, 0x0, 0x0, 0x0, 0xff,
    0xff, 0xfd, 0x0, 0x0, 0x0, 0x0, 0x0, 0x0,
    0x0, 0x3, 0xff, 0xff, 0xf4, 0x0, 0x0, 0x0,
    0x0, 0x0, 0x0, 0x0, 0xf, 0xff, 0xff, 0xd0,
    0x0, 0x0, 0x0, 0x0, 0x0, 0x0, 0x0, 0x3f,
    0xff, 0xff, 0x40, 0x0, 0x0, 0x0, 0x0, 0x0,
    0x0, 0x0, 0xff, 0xff, 0xfd, 0x0, 0x0, 0x0,
    0x0, 0x0, 0x0, 0x0, 0x3, 0xff, 0xff, 0xf4,
    0x0, 0x0, 0x0, 0x0, 0x0, 0x0, 0x0, 0xf,
    0xff, 0xff, 0xd0, 0x0, 0x0, 0x0, 0x0, 0x0,
    0x0, 0x0, 0x3f, 0xff, 0xff, 0x40, 0x0, 0x0,
    0x0, 0x0, 0x0, 0x0, 0x0, 0xff, 0xff, 0xfd,
    0x0, 0x0, 0x0, 0x0, 0x0, 0x0, 0x0, 0x3,
    0xff, 0xff, 0xf4, 0x0, 0x0, 0x0, 0x0, 0x0,
    0x0, 0x0, 0xf, 0xff, 0xff, 0xd0, 0x0, 0x0,
    0x0, 0x0, 0x0, 0x0, 0x0, 0x3f, 0xff, 0xff,
    0x40, 0x0, 0x0, 0x0, 0x0, 0x0, 0x0, 0x0,
    0xff, 0xff, 0xfd, 0x0, 0x0, 0x0, 0x0,

    /* U+0055 "U" */
    0xbf, 0xff, 0xfe, 0x0, 0x0, 0x0, 0x0, 0x0,
    0x1f, 0xff, 0xff, 0xef, 0xff, 0xff, 0x80, 0x0,
    0x0, 0x0, 0x0, 0x7, 0xff, 0xff, 0xfb, 0xff,
    0xff, 0xe0, 0x0, 0x0, 0x0, 0x0, 0x1, 0xff,
    0xff, 0xfe, 0xff, 0xff, 0xf8, 0x0, 0x0, 0x0,
    0x0, 0x0, 0x7f, 0xff, 0xff, 0xbf, 0xff, 0xfe,
    0x0, 0x0, 0x0, 0x0, 0x0, 0x1f, 0xff, 0xff,
    0xef, 0xff, 0xff, 0x80, 0x0, 0x0, 0x0, 0x0,
    0x7, 0xff, 0xff, 0xfb, 0xff, 0xff, 0xe0, 0x0,
    0x0, 0x0, 0x0, 0x1, 0xff, 0xff, 0xfe, 0xff,
    0xff, 0xf8, 0x0, 0x0, 0x0, 0x0, 0x0, 0x7f,
    0xff, 0xff, 0xbf, 0xff, 0xfe, 0x0, 0x0, 0x0,
    0x0, 0x0, 0x1f, 0xff, 0xff, 0xef, 0xff, 0xff,
    0x80, 0x0, 0x0, 0x0, 0x0, 0x7, 0xff, 0xff,
    0xfb, 0xff, 0xff, 0xe0, 0x0, 0x0, 0x0, 0x0,
    0x1, 0xff, 0xff, 0xfe, 0xff, 0xff, 0xf8, 0x0,
    0x0, 0x0, 0x0, 0x0, 0x7f, 0xff, 0xff, 0xbf,
    0xff, 0xfe, 0x0, 0x0, 0x0, 0x0, 0x0, 0x1f,
    0xff, 0xff, 0xef, 0xff, 0xff, 0x80, 0x0, 0x0,
    0x0, 0x0, 0x7, 0xff, 0xff, 0xfb, 0xff, 0xff,
    0xe0, 0x0, 0x0, 0x0, 0x0, 0x1, 0xff, 0xff,
    0xfe, 0xff, 0xff, 0xf8, 0x0, 0x0, 0x0, 0x0,
    0x0, 0x7f, 0xff, 0xff, 0xbf, 0xff, 0xfe, 0x0,
    0x0, 0x0, 0x0, 0x0, 0x1f, 0xff, 0xff, 0xef,
    0xff, 0xff, 0x80, 0x0, 0x0, 0x0, 0x0, 0x7,
    0xff, 0xff, 0xfb, 0xff, 0xff, 0xe0, 0x0, 0x0,
    0x0, 0x0, 0x1, 0xff, 0xff, 0xfe, 0xff, 0xff,
    0xf8, 0x0, 0x0, 0x0, 0x0, 0x0, 0x7f, 0xff,
    0xff, 0xbf, 0xff, 0xfe, 0x0, 0x0, 0x0, 0x0,
    0x0, 0x1f, 0xff, 0xff, 0xef, 0xff, 0xff, 0x80,
    0x0, 0x0, 0x0, 0x0, 0x7, 0xff, 0xff, 0xfb,
    0xff, 0xff, 0xe0, 0x0, 0x0, 0x0, 0x0, 0x1,
    0xff, 0xff, 0xfe, 0xff, 0xff, 0xf8, 0x0, 0x0,
    0x0, 0x0, 0x0, 0x7f, 0xff, 0xff, 0xbf, 0xff,
    0xfe, 0x0, 0x0, 0x0, 0x0, 0x0, 0x1f, 0xff,
    0xff, 0xef, 0xff, 0xff, 0x80, 0x0, 0x0, 0x0,
    0x0, 0x7, 0xff, 0xff, 0xfb, 0xff, 0xff, 0xe0,
    0x0, 0x0, 0x0, 0x0, 0x1, 0xff, 0xff, 0xfe,
    0xff, 0xff, 0xfc, 0x0, 0x0, 0x0, 0x0, 0x0,
    0x7f, 0xff, 0xff, 0xbf, 0xff, 0xff, 0x0, 0x0,
    0x0, 0x0, 0x0, 0x1f, 0xff, 0xff, 0xaf, 0xff,
    0xff, 0xc0, 0x0, 0x0, 0x0, 0x0, 0xb, 0xff,
    0xff, 0xe7, 0xff, 0xff, 0xf0, 0x0, 0x0, 0x0,
    0x0, 0x2, 0xff, 0xff, 0xf9, 0xff, 0xff, 0xfc,
    0x0, 0x0, 0x0, 0x0, 0x0, 0xff, 0xff, 0xfe,
    0x3f, 0xff, 0xff, 0x40, 0x0, 0x0, 0x0, 0x0,
    0x3f, 0xff, 0xff, 0x4f, 0xff, 0xff, 0xe0, 0x0,
    0x0, 0x0, 0x0, 0x1f, 0xff, 0xff, 0xc3, 0xff,
    0xff, 0xfc, 0x0, 0x0, 0x0, 0x0, 0xf, 0xff,
    0xff, 0xf0, 0xbf, 0xff, 0xff, 0x80, 0x0, 0x0,
    0x0, 0x7, 0xff, 0xff, 0xf8, 0xf, 0xff, 0xff,
    0xf4, 0x0, 0x0, 0x0, 0x3, 0xff, 0xff, 0xfd,
    0x3, 0xff, 0xff, 0xff, 0x40, 0x0, 0x0, 0x3,
    0xff, 0xff, 0xff, 0x0, 0x7f, 0xff, 0xff, 0xf8,
    0x0, 0x0, 0x7, 0xff, 0xff, 0xff, 0x80, 0xf,
    0xff, 0xff, 0xff, 0xe5, 0x0, 0x6f, 0xff, 0xff,
    0xff, 0xc0, 0x1, 0xff, 0xff, 0xff, 0xff, 0xff,
    0xff, 0xff, 0xff, 0xff, 0xd0, 0x0, 0x2f, 0xff,
    0xff, 0xff, 0xff, 0xff, 0xff, 0xff, 0xff, 0xf0,
    0x0, 0x3, 0xff, 0xff, 0xff, 0xff, 0xff, 0xff,
    0xff, 0xff, 0xf0, 0x0, 0x0, 0x3f, 0xff, 0xff,
    0xff, 0xff, 0xff, 0xff, 0xff, 0xf0, 0x0, 0x0,
    0x3, 0xff, 0xff, 0xff, 0xff, 0xff, 0xff, 0xff,
    0xf0, 0x0, 0x0, 0x0, 0x2f, 0xff, 0xff, 0xff,
    0xff, 0xff, 0xff, 0xe0, 0x0, 0x0, 0x0, 0x1,
    0xff, 0xff, 0xff, 0xff, 0xff, 0xff, 0xd0, 0x0,
    0x0, 0x0, 0x0, 0x7, 0xff, 0xff, 0xff, 0xff,
    0xff, 0x40, 0x0, 0x0, 0x0, 0x0, 0x0, 0x6,
    0xff, 0xff, 0xff, 0xe4, 0x0, 0x0, 0x0, 0x0,
    0x0, 0x0, 0x0, 0x1, 0x56, 0x55, 0x0, 0x0,
    0x0, 0x0, 0x0,

    /* U+0056 "V" */
    0x6a, 0xaa, 0xaa, 0x40, 0x0, 0x0, 0x0, 0x0,
    0x0, 0x0, 0x2, 0xaa, 0xaa, 0x93, 0xff, 0xff,
    0xfc, 0x0, 0x0, 0x0, 0x0, 0x0, 0x0, 0x0,
    0xff, 0xff, 0xfd, 0x3f, 0xff, 0xff, 0xd0, 0x0,
    0x0, 0x0, 0x0, 0x0, 0x0, 0xf, 0xff, 0xff,
    0xc1, 0xff, 0xff, 0xff, 0x0, 0x0, 0x0, 0x0,
    0x0, 0x0, 0x2, 0xff, 0xff, 0xf8, 0xf, 0xff,
    0xff, 0xf4, 0x0, 0x0, 0x0, 0x0, 0x0, 0x0,
    0x3f, 0xff, 0xff, 0x0, 0x7f, 0xff, 0xff, 0xc0,
    0x0, 0x0, 0x0, 0x0, 0x0, 0xb, 0xff, 0xff,
    0xe0, 0x3, 0xff, 0xff, 0xfc, 0x0, 0x0, 0x0,
    0x0, 0x0, 0x0, 0xff, 0xff, 0xfd, 0x0, 0x2f,
    0xff, 0xff, 0xe0, 0x0, 0x0, 0x0, 0x0, 0x0,
    0x1f, 0xff, 0xff, 0xc0, 0x0, 0xff, 0xff, 0xff,
    0x0, 0x0, 0x0, 0x0, 0x0, 0x3, 0xff, 0xff,
    0xf4, 0x0, 0xb, 0xff, 0xff, 0xf4, 0x0, 0x0,
    0x0, 0x0, 0x0, 0x7f, 0xff, 0xff, 0x0, 0x0,
    0x7f, 0xff, 0xff, 0xc0, 0x0, 0x0, 0x0, 0x0,
    0xb, 0xff, 0xff, 0xe0, 0x0, 0x3, 0xff, 0xff,
    0xfd, 0x0, 0x0, 0x0, 0x0, 0x0, 0xff, 0xff,
    0xfc, 0x0, 0x0, 0x1f, 0xff, 0xff, 0xf0, 0x0,
    0x0, 0x0, 0x0, 0x2f, 0xff, 0xff, 0x80, 0x0,
    0x0, 0xff, 0xff, 0xff, 0x0, 0x0, 0x0, 0x0,
    0x3, 0xff, 0xff, 0xf0, 0x0, 0x0, 0xb, 0xff,
    0xff, 0xf8, 0x0, 0x0, 0x0, 0x0, 0x7f, 0xff,
    0xff, 0x0, 0x0, 0x0, 0x3f, 0xff, 0xff, 0xc0,
    0x0, 0x0, 0x0, 0xf, 0xff, 0xff, 0xd0, 0x0,
    0x0, 0x2, 0xff, 0xff, 0xfd, 0x0, 0x0, 0x0,
    0x1, 0xff, 0xff, 0xfc, 0x0, 0x0, 0x0, 0xf,
    0xff, 0xff, 0xf0, 0x0, 0x0, 0x0, 0x3f, 0xff,
    0xff, 0x40, 0x0, 0x0, 0x0, 0xff, 0xff, 0xff,
    0x40, 0x0, 0x0, 0x3, 0xff, 0xff, 0xf0, 0x0,
    0x0, 0x0, 0x7, 0xff, 0xff, 0xfc, 0x0, 0x0,
    0x0, 0xbf, 0xff, 0xfe, 0x0, 0x0, 0x0, 0x0,
    0x3f, 0xff, 0xff, 0xc0, 0x0, 0x0, 0xf, 0xff,
    0xff, 0xc0, 0x0, 0x0, 0x0, 0x1, 0xff, 0xff,
    0xfe, 0x0, 0x0, 0x2, 0xff, 0xff, 0xf8, 0x0,
    0x0, 0x0, 0x0, 0xf, 0xff, 0xff, 0xf0, 0x0,
    0x0, 0x3f, 0xff, 0xff, 0x40, 0x0, 0x0, 0x0,
    0x0, 0xbf, 0xff, 0xff, 0x80, 0x0, 0x7, 0xff,
    0xff, 0xf0, 0x0, 0x0, 0x0, 0x0, 0x3, 0xff,
    0xff, 0xfc, 0x0, 0x0, 0xff, 0xff, 0xfd, 0x0,
    0x0, 0x0, 0x0, 0x0, 0x2f, 0xff, 0xff, 0xd0,
    0x0, 0x1f, 0xff, 0xff, 0xc0, 0x0, 0x0, 0x0,
    0x0, 0x1, 0xff, 0xff, 0xff, 0x0, 0x2, 0xff,
    0xff, 0xf8, 0x0, 0x0, 0x0, 0x0, 0x0, 0xf,
    0xff, 0xff, 0xf0, 0x0, 0x3f, 0xff, 0xff, 0x0,
    0x0, 0x0, 0x0, 0x0, 0x0, 0x7f, 0xff, 0xff,
    0x80, 0xb, 0xff, 0xff, 0xe0, 0x0, 0x0, 0x0,
    0x0, 0x0, 0x3, 0xff, 0xff, 0xfc, 0x0, 0xff,
    0xff, 0xfc, 0x0, 0x0, 0x0, 0x0, 0x0, 0x0,
    0x2f, 0xff, 0xff, 0xe0, 0x1f, 0xff, 0xff, 0xc0,
    0x0, 0x0, 0x0, 0x0, 0x0, 0x0, 0xff, 0xff,
    0xff, 0x3, 0xff, 0xff, 0xf4, 0x0, 0x0, 0x0,
    0x0, 0x0, 0x0, 0xb, 0xff, 0xff, 0xf4, 0x7f,
    0xff, 0xff, 0x0, 0x0, 0x0, 0x0, 0x0, 0x0,
    0x0, 0x3f, 0xff, 0xff, 0xcb, 0xff, 0xff, 0xd0,
    0x0, 0x0, 0x0, 0x0, 0x0, 0x0, 0x3, 0xff,
    0xff, 0xfd, 0xff, 0xff, 0xfc, 0x0, 0x0, 0x0,
    0x0, 0x0, 0x0, 0x0, 0x1f, 0xff, 0xff, 0xff,
    0xff, 0xff, 0x80, 0x0, 0x0, 0x0, 0x0, 0x0,
    0x0, 0x0, 0xff, 0xff, 0xff, 0xff, 0xff, 0xf0,
    0x0, 0x0, 0x0, 0x0, 0x0, 0x0, 0x0, 0x7,
    0xff, 0xff, 0xff, 0xff, 0xfe, 0x0, 0x0, 0x0,
    0x0, 0x0, 0x0, 0x0, 0x0, 0x3f, 0xff, 0xff,
    0xff, 0xff, 0xd0, 0x0, 0x0, 0x0, 0x0, 0x0,
    0x0, 0x0, 0x2, 0xff, 0xff, 0xff, 0xff, 0xfc,
    0x0, 0x0, 0x0, 0x0, 0x0, 0x0, 0x0, 0x0,
    0xf, 0xff, 0xff, 0xff, 0xff, 0x40, 0x0, 0x0,
    0x0, 0x0, 0x0, 0x0, 0x0, 0x0, 0xff, 0xff,
    0xff, 0xff, 0xf0, 0x0, 0x0, 0x0, 0x0, 0x0,
    0x0, 0x0, 0x0, 0x7, 0xff, 0xff, 0xff, 0xfe,
    0x0, 0x0, 0x0, 0x0, 0x0, 0x0, 0x0, 0x0,
    0x0, 0x3f, 0xff, 0xff, 0xff, 0xc0, 0x0, 0x0,
    0x0, 0x0, 0x0, 0x0, 0x0, 0x0, 0x1, 0xff,
    0xff, 0xff, 0xf8, 0x0, 0x0, 0x0, 0x0, 0x0,
    0x0, 0x0, 0x0, 0x0, 0xf, 0xff, 0xff, 0xff,
    0x0, 0x0, 0x0, 0x0, 0x0, 0x0, 0x0, 0x0,
    0x0, 0x0, 0xbf, 0xff, 0xff, 0xf0, 0x0, 0x0,
    0x0, 0x0, 0x0, 0x0, 0x0, 0x0, 0x0, 0x3,
    0xff, 0xff, 0xfd, 0x0, 0x0, 0x0, 0x0, 0x0,
    0x0, 0x0, 0x0, 0x0, 0x0, 0x2f, 0xff, 0xff,
    0xc0, 0x0, 0x0, 0x0, 0x0, 0x0,

    /* U+0057 "W" */
    0x2a, 0xaa, 0xaa, 0x0, 0x0, 0x0, 0x0, 0x0,
    0x2, 0xaa, 0xaa, 0x80, 0x0, 0x0, 0x0, 0x0,
    0x0, 0xaa, 0xaa, 0xa4, 0xff, 0xff, 0xfe, 0x0,
    0x0, 0x0, 0x0, 0x0, 0x1f, 0xff, 0xff, 0x80,
    0x0, 0x0, 0x0, 0x0, 0x7, 0xff, 0xff, 0xe3,
    0xff, 0xff, 0xfc, 0x0, 0x0, 0x0, 0x0, 0x0,
    0xff, 0xff, 0xff, 0x0, 0x0, 0x0, 0x0, 0x0,
    0x2f, 0xff, 0xff, 0x7, 0xff, 0xff, 0xf4, 0x0,
    0x0, 0x0, 0x0, 0x3, 0xff, 0xff, 0xfd, 0x0,
    0x0, 0x0, 0x0, 0x0, 0xff, 0xff, 0xfc, 0xf,
    0xff, 0xff, 0xe0, 0x0, 0x0, 0x0, 0x0, 0x1f,
    0xff, 0xff, 0xf8, 0x0, 0x0, 0x0, 0x0, 0x7,
    0xff, 0xff, 0xe0, 0x3f, 0xff, 0xff, 0xc0, 0x0,
    0x0, 0x0, 0x0, 0xff, 0xff, 0xff, 0xf0, 0x0,
    0x0, 0x0, 0x0, 0x2f, 0xff, 0xff, 0x0, 0x7f,
    0xff, 0xff, 0x0, 0x0, 0x0, 0x0, 0x3, 0xff,
    0xff, 0xff, 0xd0, 0x0, 0x0, 0x0, 0x0, 0xff,
    0xff, 0xfc, 0x0, 0xff, 0xff, 0xfe, 0x0, 0x0,
    0x0, 0x0, 0x1f, 0xff, 0xff, 0xff, 0x80, 0x0,
    0x0, 0x0, 0x7, 0xff, 0xff, 0xe0, 0x3, 0xff,
    0xff, 0xfc, 0x0, 0x0, 0x0, 0x0, 0xff, 0xff,
    0xff, 0xff, 0x0, 0x0, 0x0, 0x0, 0x2f, 0xff,
    0xff, 0x0, 0x7, 0xff, 0xff, 0xf0, 0x0, 0x0,
    0x0, 0x3, 0xff, 0xff, 0xff, 0xfd, 0x0, 0x0,
    0x0, 0x0, 0xff, 0xff, 0xfc, 0x0, 0xf, 0xff,
    0xff, 0xe0, 0x0, 0x0, 0x0, 0x1f, 0xff, 0xff,
    0xff, 0xf8, 0x0, 0x0, 0x0, 0x7, 0xff, 0xff,
    0xe0, 0x0, 0x3f, 0xff, 0xff, 0xc0, 0x0, 0x0,
    0x0, 0xff, 0xff, 0xff, 0xff, 0xf0, 0x0, 0x0,
    0x0, 0x2f, 0xff, 0xff, 0x0, 0x0, 0x7f, 0xff,
    0xff, 0x0, 0x0, 0x0, 0x3, 0xff, 0xff, 0xff,
    0xff, 0xd0, 0x0, 0x0, 0x0, 0xff, 0xff, 0xfc,
    0x0, 0x0, 0xff, 0xff, 0xfe, 0x0, 0x0, 0x0,
    0x1f, 0xff, 0xff, 0xff, 0xff, 0x80, 0x0, 0x0,
    0x7, 0xff, 0xff, 0xe0, 0x0, 0x3, 0xff, 0xff,
    0xfc, 0x0, 0x0, 0x0, 0xff, 0xff, 0xff, 0xff,
    0xff, 0x0, 0x0, 0x0, 0x2f, 0xff, 0xff, 0x0,
    0x0, 0xb, 0xff, 0xff, 0xf0, 0x0, 0x0, 0x3,
    0xff, 0xff, 0xff, 0xff, 0xfd, 0x0, 0x0, 0x0,
    0xff, 0xff, 0xfc, 0x0, 0x0, 0xf, 0xff, 0xff,
    0xd0, 0x0, 0x0, 0x2f, 0xff, 0xff, 0xff, 0xff,
    0xf8, 0x0, 0x0, 0x7, 0xff, 0xff, 0xe0, 0x0,
    0x0, 0x3f, 0xff, 0xff, 0xc0, 0x0, 0x0, 0xff,
    0xff, 0xfb, 0xff, 0xff, 0xf0, 0x0, 0x0, 0x2f,
    0xff, 0xff, 0x40, 0x0, 0x0, 0xbf, 0xff, 0xff,
    0x0, 0x0, 0x3, 0xff, 0xff, 0xdb, 0xff, 0xff,
    0xd0, 0x0, 0x0, 0xff, 0xff, 0xfc, 0x0, 0x0,
    0x0, 0xff, 0xff, 0xfd, 0x0, 0x0, 0x2f, 0xff,
    0xff, 0xf, 0xff, 0xff, 0x80, 0x0, 0x7, 0xff,
    0xff, 0xe0, 0x0, 0x0, 0x3, 0xff, 0xff, 0xfc,
    0x0, 0x0, 0xff, 0xff, 0xf8, 0x3f, 0xff, 0xff,
    0x0, 0x0, 0x2f, 0xff, 0xff, 0x40, 0x0, 0x0,
    0xb, 0xff, 0xff, 0xf0, 0x0, 0x3, 0xff, 0xff,
    0xc0, 0xbf, 0xff, 0xfc, 0x0, 0x0, 0xff, 0xff,
    0xfc, 0x0, 0x0, 0x0, 0xf, 0xff, 0xff, 0xd0,
    0x0, 0x2f, 0xff, 0xff, 0x0, 0xff, 0xff, 0xf8,
    0x0, 0x7, 0xff, 0xff, 0xe0, 0x0, 0x0, 0x0,
    0x3f, 0xff, 0xff, 0x80, 0x0, 0xff, 0xff, 0xf8,
    0x3, 0xff, 0xff, 0xf0, 0x0, 0x2f, 0xff, 0xff,
    0x40, 0x0, 0x0, 0x0, 0xbf, 0xff, 0xff, 0x0,
    0x3, 0xff, 0xff, 0xc0, 0xb, 0xff, 0xff, 0xc0,
    0x0, 0xff, 0xff, 0xfc, 0x0, 0x0, 0x0, 0x0,
    0xff, 0xff, 0xfd, 0x0, 0x2f, 0xff, 0xff, 0x0,
    0xf, 0xff, 0xff, 0x80, 0x7, 0xff, 0xff, 0xe0,
    0x0, 0x0, 0x0, 0x3, 0xff, 0xff, 0xf8, 0x0,
    0xff, 0xff, 0xf4, 0x0, 0x3f, 0xff, 0xff, 0x0,
    0x2f, 0xff, 0xff, 0x40, 0x0, 0x0, 0x0, 0xb,
    0xff, 0xff, 0xf0, 0x3, 0xff, 0xff, 0xc0, 0x0,
    0xbf, 0xff, 0xfc, 0x0, 0xff, 0xff, 0xfc, 0x0,
    0x0, 0x0, 0x0, 0xf, 0xff, 0xff, 0xd0, 0x2f,
    0xff, 0xff, 0x0, 0x0, 0xff, 0xff, 0xf8, 0x7,
    0xff, 0xff, 0xe0, 0x0, 0x0, 0x0, 0x0, 0x3f,
    0xff, 0xff, 0x80, 0xff, 0xff, 0xf4, 0x0, 0x3,
    0xff, 0xff, 0xf0, 0x2f, 0xff, 0xff, 0x40, 0x0,
    0x0, 0x0, 0x0, 0xbf, 0xff, 0xff, 0x3, 0xff,
    0xff, 0xc0, 0x0, 0xb, 0xff, 0xff, 0xc0, 0xff,
    0xff, 0xfc, 0x0, 0x0, 0x0, 0x0, 0x0, 0xff,
    0xff, 0xfd, 0x2f, 0xff, 0xff, 0x0, 0x0, 0xf,
    0xff, 0xff, 0x47, 0xff, 0xff, 0xe0, 0x0, 0x0,
    0x0, 0x0, 0x3, 0xff, 0xff, 0xf8, 0xff, 0xff,
    0xf4, 0x0, 0x0, 0x3f, 0xff, 0xff, 0x2f, 0xff,
    0xff, 0x40, 0x0, 0x0, 0x0, 0x0, 0xb, 0xff,
    0xff, 0xf7, 0xff, 0xff, 0xc0, 0x0, 0x0, 0xbf,
    0xff, 0xfc, 0xff, 0xff, 0xfc, 0x0, 0x0, 0x0,
    0x0, 0x0, 0xf, 0xff, 0xff, 0xff, 0xff, 0xfe,
    0x0, 0x0, 0x0, 0xff, 0xff, 0xfb, 0xff, 0xff,
    0xe0, 0x0, 0x0, 0x0, 0x0, 0x0, 0x3f, 0xff,
    0xff, 0xff, 0xff, 0xf4, 0x0, 0x0, 0x3, 0xff,
    0xff, 0xff, 0xff, 0xff, 0x40, 0x0, 0x0, 0x0,
    0x0, 0x0, 0xbf, 0xff, 0xff, 0xff, 0xff, 0xc0,
    0x0, 0x0, 0xb, 0xff, 0xff, 0xff, 0xff, 0xfc,
    0x0, 0x0, 0x0, 0x0, 0x0, 0x0, 0xff, 0xff,
    0xff, 0xff, 0xfe, 0x0, 0x0, 0x0, 0xf, 0xff,
    0xff, 0xff, 0xff, 0xe0, 0x0, 0x0, 0x0, 0x0,
    0x0, 0x3, 0xff, 0xff, 0xff, 0xff, 0xf4, 0x0,
    0x0, 0x0, 0x3f, 0xff, 0xff, 0xff, 0xff, 0x40,
    0x0, 0x0, 0x0, 0x0, 0x0, 0xb, 0xff, 0xff,
    0xff, 0xff, 0xc0, 0x0, 0x0, 0x0, 0xbf, 0xff,
    0xff, 0xff, 0xfc, 0x0, 0x0, 0x0, 0x0, 0x0,
    0x0, 0xf, 0xff, 0xff, 0xff, 0xfe, 0x0, 0x0,
    0x0, 0x0, 0xff, 0xff, 0xff, 0xff, 0xe0, 0x0,
    0x0, 0x0, 0x0, 0x0, 0x0, 0x3f, 0xff, 0xff,
    0xff, 0xf4, 0x0, 0x0, 0x0, 0x3, 0xff, 0xff,
    0xff, 0xff, 0x40, 0x0, 0x0, 0x0, 0x0, 0x0,
    0x0, 0xbf, 0xff, 0xff, 0xff, 0xc0, 0x0, 0x0,
    0x0, 0xb, 0xff, 0xff, 0xff, 0xfc, 0x0, 0x0,
    0x0, 0x0, 0x0, 0x0, 0x1, 0xff, 0xff, 0xff,
    0xfe, 0x0, 0x0, 0x0, 0x0, 0xf, 0xff, 0xff,
    0xff, 0xe0, 0x0, 0x0, 0x0, 0x0, 0x0, 0x0,
    0x3, 0xff, 0xff, 0xff, 0xf4, 0x0, 0x0, 0x0,
    0x0, 0x3f, 0xff, 0xff, 0xff, 0x40, 0x0, 0x0,
    0x0, 0x0, 0x0, 0x0, 0xb, 0xff, 0xff, 0xff,
    0xc0, 0x0, 0x0, 0x0, 0x0, 0xbf, 0xff, 0xff,
    0xfc, 0x0, 0x0, 0x0, 0x0, 0x0, 0x0, 0x0,
    0x1f, 0xff, 0xff, 0xfe, 0x0, 0x0, 0x0, 0x0,
    0x0, 0xff, 0xff, 0xff, 0xe0, 0x0, 0x0, 0x0,
    0x0, 0x0, 0x0, 0x0, 0x3f, 0xff, 0xff, 0xf4,
    0x0, 0x0, 0x0, 0x0, 0x3, 0xff, 0xff, 0xff,
    0x40, 0x0, 0x0, 0x0, 0x0, 0x0, 0x0, 0x0,
    0xbf, 0xff, 0xff, 0xc0, 0x0, 0x0, 0x0, 0x0,
    0xb, 0xff, 0xff, 0xfc, 0x0, 0x0, 0x0, 0x0,

    /* U+0058 "X" */
    0x1a, 0xaa, 0xaa, 0xa0, 0x0, 0x0, 0x0, 0x0,
    0x0, 0xaa, 0xaa, 0xaa, 0x0, 0xff, 0xff, 0xff,
    0xc0, 0x0, 0x0, 0x0, 0x0, 0x2f, 0xff, 0xff,
    0xe0, 0x7, 0xff, 0xff, 0xfe, 0x0, 0x0, 0x0,
    0x0, 0x7, 0xff, 0xff, 0xfc, 0x0, 0x2f, 0xff,
    0xff, 0xf4, 0x0, 0x0, 0x0, 0x0, 0xff, 0xff,
    0xff, 0x40, 0x0, 0xff, 0xff, 0xff, 0xc0, 0x0,
    0x0, 0x0, 0x2f, 0xff, 0xff, 0xe0, 0x0, 0x3,
    0xff, 0xff, 0xfe, 0x0, 0x0, 0x0, 0x7, 0xff,
    0xff, 0xfc, 0x0, 0x0, 0x1f, 0xff, 0xff, 0xf4,
    0x0, 0x0, 0x0, 0xff, 0xff, 0xff, 0x0, 0x0,
    0x0, 0xbf, 0xff, 0xff, 0xc0, 0x0, 0x0, 0x3f,
    0xff, 0xff, 0xd0, 0x0, 0x0, 0x3, 0xff, 0xff,
    0xff, 0x0, 0x0, 0x7, 0xff, 0xff, 0xf8, 0x0,
    0x0, 0x0, 0x1f, 0xff, 0xff, 0xf8, 0x0, 0x0,
    0xff, 0xff, 0xff, 0x0, 0x0, 0x0, 0x0, 0xbf,
    0xff, 0xff, 0xd0, 0x0, 0x3f, 0xff, 0xff, 0xc0,
    0x0, 0x0, 0x0, 0x3, 0xff, 0xff, 0xff, 0x0,
    0xb, 0xff, 0xff, 0xf4, 0x0, 0x0, 0x0, 0x0,
    0xf, 0xff, 0xff, 0xf8, 0x1, 0xff, 0xff, 0xfe,
    0x0, 0x0, 0x0, 0x0, 0x0, 0x7f, 0xff, 0xff,
    0xd0, 0x3f, 0xff, 0xff, 0xc0, 0x0, 0x0, 0x0,
    0x0, 0x2, 0xff, 0xff, 0xff, 0xb, 0xff, 0xff,
    0xf4, 0x0, 0x0, 0x0, 0x0, 0x0, 0xf, 0xff,
    0xff, 0xfd, 0xff, 0xff, 0xfe, 0x0, 0x0, 0x0,
    0x0, 0x0, 0x0, 0x3f, 0xff, 0xff, 0xff, 0xff,
    0xff, 0xc0, 0x0, 0x0, 0x0, 0x0, 0x0, 0x2,
    0xff, 0xff, 0xff, 0xff, 0xff, 0xf0, 0x0, 0x0,
    0x0, 0x0, 0x0, 0x0, 0xf, 0xff, 0xff, 0xff,
    0xff, 0xfd, 0x0, 0x0, 0x0, 0x0, 0x0, 0x0,
    0x0, 0x3f, 0xff, 0xff, 0xff, 0xff, 0x80, 0x0,
    0x0, 0x0, 0x0, 0x0, 0x0, 0x1, 0xff, 0xff,
    0xff, 0xff, 0xf0, 0x0, 0x0, 0x0, 0x0, 0x0,
    0x0, 0x0, 0xb, 0xff, 0xff, 0xff, 0xfc, 0x0,
    0x0, 0x0, 0x0, 0x0, 0x0, 0x0, 0x0, 0x3f,
    0xff, 0xff, 0xff, 0x40, 0x0, 0x0, 0x0, 0x0,
    0x0, 0x0, 0x0, 0x0, 0xff, 0xff, 0xff, 0xe0,
    0x0, 0x0, 0x0, 0x0, 0x0, 0x0, 0x0, 0x0,
    0xf, 0xff, 0xff, 0xff, 0x0, 0x0, 0x0, 0x0,
    0x0, 0x0, 0x0, 0x0, 0x2, 0xff, 0xff, 0xff,
    0xf8, 0x0, 0x0, 0x0, 0x0, 0x0, 0x0, 0x0,
    0x0, 0x7f, 0xff, 0xff, 0xff, 0xd0, 0x0, 0x0,
    0x0, 0x0, 0x0, 0x0, 0x0, 0xf, 0xff, 0xff,
    0xff, 0xff, 0x0, 0x0, 0x0, 0x0, 0x0, 0x0,
    0x0, 0x3, 0xff, 0xff, 0xff, 0xff, 0xfc, 0x0,
    0x0, 0x0, 0x0, 0x0, 0x0, 0x0, 0xbf, 0xff,
    0xff, 0xff, 0xff, 0xe0, 0x0, 0x0, 0x0, 0x0,
    0x0, 0x0, 0x1f, 0xff, 0xff, 0xff, 0xff, 0xff,
    0x40, 0x0, 0x0, 0x0, 0x0, 0x0, 0x3, 0xff,
    0xff, 0xff, 0xff, 0xff, 0xfc, 0x0, 0x0, 0x0,
    0x0, 0x0, 0x0, 0xbf, 0xff, 0xff, 0xbf, 0xff,
    0xff, 0xf0, 0x0, 0x0, 0x0, 0x0, 0x0, 0x1f,
    0xff, 0xff, 0xf0, 0xff, 0xff, 0xff, 0x80, 0x0,
    0x0, 0x0, 0x0, 0x3, 0xff, 0xff, 0xfc, 0x7,
    0xff, 0xff, 0xfd, 0x0, 0x0, 0x0, 0x0, 0x0,
    0xff, 0xff, 0xff, 0x80, 0x2f, 0xff, 0xff, 0xf0,
    0x0, 0x0, 0x0, 0x0, 0x2f, 0xff, 0xff, 0xf0,
    0x0, 0xff, 0xff, 0xff, 0x80, 0x0, 0x0, 0x0,
    0x7, 0xff, 0xff, 0xfc, 0x0, 0x7, 0xff, 0xff,
    0xfd, 0x0, 0x0, 0x0, 0x0, 0xff, 0xff, 0xff,
    0x40, 0x0, 0x2f, 0xff, 0xff, 0xf0, 0x0, 0x0,
    0x0, 0x3f, 0xff, 0xff, 0xf0, 0x0, 0x0, 0xff,
    0xff, 0xff, 0xc0, 0x0, 0x0, 0xb, 0xff, 0xff,
    0xfc, 0x0, 0x0, 0x7, 0xff, 0xff, 0xfe, 0x0,
    0x0, 0x1, 0xff, 0xff, 0xff, 0x40, 0x0, 0x0,
    0x2f, 0xff, 0xff, 0xf4, 0x0, 0x0, 0x3f, 0xff,
    0xff, 0xe0, 0x0, 0x0, 0x0, 0xff, 0xff, 0xff,
    0xc0, 0x0, 0xf, 0xff, 0xff, 0xfc, 0x0, 0x0,
    0x0, 0x3, 0xff, 0xff, 0xff, 0x0, 0x2, 0xff,
    0xff, 0xff, 0x40, 0x0, 0x0, 0x0, 0x1f, 0xff,
    0xff, 0xf8, 0x0, 0x7f, 0xff, 0xff, 0xe0, 0x0,
    0x0, 0x0, 0x0, 0xbf, 0xff, 0xff, 0xc0, 0xf,
    0xff, 0xff, 0xfc, 0x0, 0x0, 0x0, 0x0, 0x3,
    0xff, 0xff, 0xff, 0x2, 0xff, 0xff, 0xff, 0x40,
    0x0, 0x0, 0x0, 0x0, 0x1f, 0xff, 0xff, 0xf8,
    0x7f, 0xff, 0xff, 0xe0, 0x0, 0x0, 0x0, 0x0,
    0x0, 0xbf, 0xff, 0xff, 0xd0,

    /* U+0059 "Y" */
    0x6a, 0xaa, 0xaa, 0x0, 0x0, 0x0, 0x0, 0x0,
    0x0, 0x6, 0xaa, 0xaa, 0x87, 0xff, 0xff, 0xf8,
    0x0, 0x0, 0x0, 0x0, 0x0, 0x1, 0xff, 0xff,
    0xfc, 0x3f, 0xff, 0xff, 0xd0, 0x0, 0x0, 0x0,
    0x0, 0x0, 0x3f, 0xff, 0xff, 0x0, 0xff, 0xff,
    0xff, 0x0, 0x0, 0x0, 0x0, 0x0, 0xb, 0xff,
    0xff, 0xe0, 0xb, 0xff, 0xff, 0xf8, 0x0, 0x0,
    0x0, 0x0, 0x0, 0xff, 0xff, 0xfc, 0x0, 0x3f,
    0xff, 0xff, 0xc0, 0x0, 0x0, 0x0, 0x0, 0x3f,
    0xff, 0xff, 0x40, 0x1, 0xff, 0xff, 0xfe, 0x0,
    0x0, 0x0, 0x0, 0x7, 0xff, 0xff, 0xe0, 0x0,
    0xb, 0xff, 0xff, 0xf4, 0x0, 0x0, 0x0, 0x0,
    0xff, 0xff, 0xfc, 0x0, 0x0, 0x3f, 0xff, 0xff,
    0xc0, 0x0, 0x0, 0x0, 0x2f, 0xff, 0xff, 0x40,
    0x0, 0x1, 0xff, 0xff, 0xfe, 0x0, 0x0, 0x0,
    0x7, 0xff, 0xff, 0xf0, 0x0, 0x0, 0xf, 0xff,
    0xff, 0xf0, 0x0, 0x0, 0x0, 0xff, 0xff, 0xfd,
    0x0, 0x0, 0x0, 0x7f, 0xff, 0xff, 0xc0, 0x0,
    0x0, 0x2f, 0xff, 0xff, 0x80, 0x0, 0x0, 0x2,
    0xff, 0xff, 0xfd, 0x0, 0x0, 0x3, 0xff, 0xff,
    0xf0, 0x0, 0x0, 0x0, 0xf, 0xff, 0xff, 0xf0,
    0x0, 0x0, 0xbf, 0xff, 0xfd, 0x0, 0x0, 0x0,
    0x0, 0x7f, 0xff, 0xff, 0x80, 0x0, 0x1f, 0xff,
    0xff, 0xc0, 0x0, 0x0, 0x0, 0x3, 0xff, 0xff,
    0xfc, 0x0, 0x3, 0xff, 0xff, 0xf0, 0x0, 0x0,
    0x0, 0x0, 0xf, 0xff, 0xff, 0xf0, 0x0, 0xbf,
    0xff, 0xfe, 0x0, 0x0, 0x0, 0x0, 0x0, 0xbf,
    0xff, 0xff, 0x40, 0xf, 0xff, 0xff, 0xc0, 0x0,
    0x0, 0x0, 0x0, 0x3, 0xff, 0xff, 0xfc, 0x3,
    0xff, 0xff, 0xf4, 0x0, 0x0, 0x0, 0x0, 0x0,
    0x1f, 0xff, 0xff, 0xe0, 0x7f, 0xff, 0xff, 0x0,
    0x0, 0x0, 0x0, 0x0, 0x0, 0xff, 0xff, 0xff,
    0x4f, 0xff, 0xff, 0xc0, 0x0, 0x0, 0x0, 0x0,
    0x0, 0x3, 0xff, 0xff, 0xfe, 0xff, 0xff, 0xf8,
    0x0, 0x0, 0x0, 0x0, 0x0, 0x0, 0x2f, 0xff,
    0xff, 0xff, 0xff, 0xff, 0x0, 0x0, 0x0, 0x0,
    0x0, 0x0, 0x0, 0xff, 0xff, 0xff, 0xff, 0xff,
    0xd0, 0x0, 0x0, 0x0, 0x0, 0x0, 0x0, 0x7,
    0xff, 0xff, 0xff, 0xff, 0xf8, 0x0, 0x0, 0x0,
    0x0, 0x0, 0x0, 0x0, 0x2f, 0xff, 0xff, 0xff,
    0xff, 0x0, 0x0, 0x0, 0x0, 0x0, 0x0, 0x0,
    0x0, 0xff, 0xff, 0xff, 0xff, 0xe0, 0x0, 0x0,
    0x0, 0x0, 0x0, 0x0, 0x0, 0xb, 0xff, 0xff,
    0xff, 0xfc, 0x0, 0x0, 0x0, 0x0, 0x0, 0x0,
    0x0, 0x0, 0x3f, 0xff, 0xff, 0xff, 0x40, 0x0,
    0x0, 0x0, 0x0, 0x0, 0x0, 0x0, 0x1, 0xff,
    0xff, 0xff, 0xe0, 0x0, 0x0, 0x0, 0x0, 0x0,
    0x0, 0x0, 0x0, 0xb, 0xff, 0xff, 0xfc, 0x0,
    0x0, 0x0, 0x0, 0x0, 0x0, 0x0, 0x0, 0x0,
    0x3f, 0xff, 0xff, 0x80, 0x0, 0x0, 0x0, 0x0,
    0x0, 0x0, 0x0, 0x0, 0x3, 0xff, 0xff, 0xf4,
    0x0, 0x0, 0x0, 0x0, 0x0, 0x0, 0x0, 0x0,
    0x0, 0x3f, 0xff, 0xff, 0x40, 0x0, 0x0, 0x0,
    0x0, 0x0, 0x0, 0x0, 0x0, 0x3, 0xff, 0xff,
    0xf4, 0x0, 0x0, 0x0, 0x0, 0x0, 0x0, 0x0,
    0x0, 0x0, 0x3f, 0xff, 0xff, 0x40, 0x0, 0x0,
    0x0, 0x0, 0x0, 0x0, 0x0, 0x0, 0x3, 0xff,
    0xff, 0xf4, 0x0, 0x0, 0x0, 0x0, 0x0, 0x0,
    0x0, 0x0, 0x0, 0x3f, 0xff, 0xff, 0x40, 0x0,
    0x0, 0x0, 0x0, 0x0, 0x0, 0x0, 0x0, 0x3,
    0xff, 0xff, 0xf4, 0x0, 0x0, 0x0, 0x0, 0x0,
    0x0, 0x0, 0x0, 0x0, 0x3f, 0xff, 0xff, 0x40,
    0x0, 0x0, 0x0, 0x0, 0x0, 0x0, 0x0, 0x0,
    0x3, 0xff, 0xff, 0xf4, 0x0, 0x0, 0x0, 0x0,
    0x0, 0x0, 0x0, 0x0, 0x0, 0x3f, 0xff, 0xff,
    0x40, 0x0, 0x0, 0x0, 0x0, 0x0, 0x0, 0x0,
    0x0, 0x3, 0xff, 0xff, 0xf4, 0x0, 0x0, 0x0,
    0x0, 0x0, 0x0, 0x0, 0x0, 0x0, 0x3f, 0xff,
    0xff, 0x40, 0x0, 0x0, 0x0, 0x0, 0x0, 0x0,
    0x0, 0x0, 0x3, 0xff, 0xff, 0xf4, 0x0, 0x0,
    0x0, 0x0, 0x0, 0x0, 0x0, 0x0, 0x0, 0x3f,
    0xff, 0xff, 0x40, 0x0, 0x0, 0x0, 0x0, 0x0,
    0x0, 0x0, 0x0, 0x3, 0xff, 0xff, 0xf4, 0x0,
    0x0, 0x0, 0x0, 0x0, 0x0, 0x0, 0x0, 0x0,
    0x3f, 0xff, 0xff, 0x40, 0x0, 0x0, 0x0, 0x0,
    0x0, 0x0, 0x0, 0x0, 0x3, 0xff, 0xff, 0xf4,
    0x0, 0x0, 0x0, 0x0, 0x0,

    /* U+005A "Z" */
    0x3f, 0xff, 0xff, 0xff, 0xff, 0xff, 0xff, 0xff,
    0xff, 0xff, 0xf4, 0x3f, 0xff, 0xff, 0xff, 0xff,
    0xff, 0xff, 0xff, 0xff, 0xff, 0xf4, 0x3f, 0xff,
    0xff, 0xff, 0xff, 0xff, 0xff, 0xff, 0xff, 0xff,
    0xf4, 0x3f, 0xff, 0xff, 0xff, 0xff, 0xff, 0xff,
    0xff, 0xff, 0xff, 0xf4, 0x3f, 0xff, 0xff, 0xff,
    0xff, 0xff, 0xff, 0xff, 0xff, 0xff, 0xf4, 0x3f,
    0xff, 0xff, 0xff, 0xff, 0xff, 0xff, 0xff, 0xff,
    0xff, 0xf4, 0x3f, 0xff, 0xff, 0xff, 0xff, 0xff,
    0xff, 0xff, 0xff, 0xff, 0xf4, 0x3f, 0xff, 0xff,
    0xff, 0xff, 0xff, 0xff, 0xff, 0xff, 0xff, 0xf4,
    0x3f, 0xff, 0xff, 0xff, 0xff, 0xff, 0xff, 0xff,
    0xff, 0xff, 0xd0, 0x0, 0x0, 0x0, 0x0, 0x0,
    0x0, 0x3, 0xff, 0xff, 0xff, 0x80, 0x0, 0x0,
    0x0, 0x0, 0x0, 0x0, 0xb, 0xff, 0xff, 0xff,
    0x0, 0x0, 0x0, 0x0, 0x0, 0x0, 0x0, 0x1f,
    0xff, 0xff, 0xfc, 0x0, 0x0, 0x0, 0x0, 0x0,
    0x0, 0x0, 0x3f, 0xff, 0xff, 0xf0, 0x0, 0x0,
    0x0, 0x0, 0x0, 0x0, 0x0, 0xff, 0xff, 0xff,
    0xd0, 0x0, 0x0, 0x0, 0x0, 0x0, 0x0, 0x3,
    0xff, 0xff, 0xff, 0x80, 0x0, 0x0, 0x0, 0x0,
    0x0, 0x0, 0xb, 0xff, 0xff, 0xfe, 0x0, 0x0,
    0x0, 0x0, 0x0, 0x0, 0x0, 0x1f, 0xff, 0xff,
    0xfc, 0x0, 0x0, 0x0, 0x0, 0x0, 0x0, 0x0,
    0x7f, 0xff, 0xff, 0xf0, 0x0, 0x0, 0x0, 0x0,
    0x0, 0x0, 0x0, 0xff, 0xff, 0xff, 0xc0, 0x0,
    0x0, 0x0, 0x0, 0x0, 0x0, 0x3, 0xff, 0xff,
    0xff, 0x40, 0x0, 0x0, 0x0, 0x0, 0x0, 0x0,
    0xf, 0xff, 0xff, 0xfe, 0x0, 0x0, 0x0, 0x0,
    0x0, 0x0, 0x0, 0x2f, 0xff, 0xff, 0xf8, 0x0,
    0x0, 0x0, 0x0, 0x0, 0x0, 0x0, 0x7f, 0xff,
    0xff, 0xf0, 0x0, 0x0, 0x0, 0x0, 0x0, 0x0,
    0x1, 0xff, 0xff, 0xff, 0xc0, 0x0, 0x0, 0x0,
    0x0, 0x0, 0x0, 0x3, 0xff, 0xff, 0xff, 0x40,
    0x0, 0x0, 0x0, 0x0, 0x0, 0x0, 0xf, 0xff,
    0xff, 0xfd, 0x0, 0x0, 0x0, 0x0, 0x0, 0x0,
    0x0, 0x3f, 0xff, 0xff, 0xf8, 0x0, 0x0, 0x0,
    0x0, 0x0, 0x0, 0x0, 0xbf, 0xff, 0xff, 0xf0,
    0x0, 0x0, 0x0, 0x0, 0x0, 0x0, 0x1, 0xff,
    0xff, 0xff, 0xc0, 0x0, 0x0, 0x0, 0x0, 0x0,
    0x0, 0x7, 0xff, 0xff, 0xff, 0x0, 0x0, 0x0,
    0x0, 0x0, 0x0, 0x0, 0xf, 0xff, 0xff, 0xfd,
    0x0, 0x0, 0x0, 0x0, 0x0, 0x0, 0x0, 0x3f,
    0xff, 0xff, 0xf4, 0x0, 0x0, 0x0, 0x0, 0x0,
    0x0, 0x0, 0xbf, 0xff, 0xff, 0xe0, 0x0, 0x0,
    0x0, 0x0, 0x0, 0x0, 0x2, 0xff, 0xff, 0xff,
    0xc0, 0x0, 0x0, 0x0, 0x0, 0x0, 0x0, 0x7,
    0xff, 0xff, 0xff, 0x0, 0x0, 0x0, 0x0, 0x0,
    0x0, 0x0, 0xf, 0xff, 0xff, 0xfc, 0x0, 0x0,
    0x0, 0x0, 0x0, 0x0, 0x0, 0x3f, 0xff, 0xff,
    0xf4, 0x0, 0x0, 0x0, 0x0, 0x0, 0x0, 0x0,
    0xff, 0xff, 0xff, 0xe0, 0x0, 0x0, 0x0, 0x0,
    0x0, 0x0, 0x2, 0xff, 0xff, 0xff, 0x80, 0x0,
    0x0, 0x0, 0x0, 0x0, 0x0, 0xb, 0xff, 0xff,
    0xff, 0x0, 0x0, 0x0, 0x0, 0x0, 0x0, 0x0,
    0x1f, 0xff, 0xff, 0xff, 0xff, 0xff, 0xff, 0xff,
    0xff, 0xff, 0xfe, 0x3f, 0xff, 0xff, 0xff, 0xff,
    0xff, 0xff, 0xff, 0xff, 0xff, 0xfe, 0x7f, 0xff,
    0xff, 0xff, 0xff, 0xff, 0xff, 0xff, 0xff, 0xff,
    0xfe, 0x7f, 0xff, 0xff, 0xff, 0xff, 0xff, 0xff,
    0xff, 0xff, 0xff, 0xfe, 0x7f, 0xff, 0xff, 0xff,
    0xff, 0xff, 0xff, 0xff, 0xff, 0xff, 0xfe, 0x7f,
    0xff, 0xff, 0xff, 0xff, 0xff, 0xff, 0xff, 0xff,
    0xff, 0xfe, 0x7f, 0xff, 0xff, 0xff, 0xff, 0xff,
    0xff, 0xff, 0xff, 0xff, 0xfe, 0x7f, 0xff, 0xff,
    0xff, 0xff, 0xff, 0xff, 0xff, 0xff, 0xff, 0xfe,
    0x7f, 0xff, 0xff, 0xff, 0xff, 0xff, 0xff, 0xff,
    0xff, 0xff, 0xfe,

    /* U+005B "[" */
    0x3f, 0xff, 0xff, 0xff, 0xff, 0x3f, 0xff, 0xff,
    0xff, 0xff, 0x3f, 0xff, 0xff, 0xff, 0xff, 0x3f,
    0xff, 0xff, 0xff, 0xff, 0x3f, 0xff, 0xff, 0xff,
    0xff, 0x3f, 0xff, 0xff, 0xff, 0xff, 0x3f, 0xff,
    0xff, 0xff, 0xff, 0x3f, 0xff, 0xff, 0xff, 0xff,
    0x3f, 0xff, 0xff, 0x55, 0x55, 0x3f, 0xff, 0xfe,
    0x0, 0x0, 0x3f, 0xff, 0xfe, 0x0, 0x0, 0x3f,
    0xff, 0xfe, 0x0, 0x0, 0x3f, 0xff, 0xfe, 0x0,
    0x0, 0x3f, 0xff, 0xfe, 0x0, 0x0, 0x3f, 0xff,
    0xfe, 0x0, 0x0, 0x3f, 0xff, 0xfe, 0x0, 0x0,
    0x3f, 0xff, 0xfe, 0x0, 0x0, 0x3f, 0xff, 0xfe,
    0x0, 0x0, 0x3f, 0xff, 0xfe, 0x0, 0x0, 0x3f,
    0xff, 0xfe, 0x0, 0x0, 0x3f, 0xff, 0xfe, 0x0,
    0x0, 0x3f, 0xff, 0xfe, 0x0, 0x0, 0x3f, 0xff,
    0xfe, 0x0, 0x0, 0x3f, 0xff, 0xfe, 0x0, 0x0,
    0x3f, 0xff, 0xfe, 0x0, 0x0, 0x3f, 0xff, 0xfe,
    0x0, 0x0, 0x3f, 0xff, 0xfe, 0x0, 0x0, 0x3f,
    0xff, 0xfe, 0x0, 0x0, 0x3f, 0xff, 0xfe, 0x0,
    0x0, 0x3f, 0xff, 0xfe, 0x0, 0x0, 0x3f, 0xff,
    0xfe, 0x0, 0x0, 0x3f, 0xff, 0xfe, 0x0, 0x0,
    0x3f, 0xff, 0xfe, 0x0, 0x0, 0x3f, 0xff, 0xfe,
    0x0, 0x0, 0x3f, 0xff, 0xfe, 0x0, 0x0, 0x3f,
    0xff, 0xfe, 0x0, 0x0, 0x3f, 0xff, 0xfe, 0x0,
    0x0, 0x3f, 0xff, 0xfe, 0x0, 0x0, 0x3f, 0xff,
    0xfe, 0x0, 0x0, 0x3f, 0xff, 0xfe, 0x0, 0x0,
    0x3f, 0xff, 0xfe, 0x0, 0x0, 0x3f, 0xff, 0xfe,
    0x0, 0x0, 0x3f, 0xff, 0xfe, 0x0, 0x0, 0x3f,
    0xff, 0xfe, 0x0, 0x0, 0x3f, 0xff, 0xfe, 0x0,
    0x0, 0x3f, 0xff, 0xfe, 0x0, 0x0, 0x3f, 0xff,
    0xfe, 0x0, 0x0, 0x3f, 0xff, 0xfe, 0x0, 0x0,
    0x3f, 0xff, 0xfe, 0x0, 0x0, 0x3f, 0xff, 0xfe,
    0x0, 0x0, 0x3f, 0xff, 0xfe, 0x0, 0x0, 0x3f,
    0xff, 0xfe, 0x0, 0x0, 0x3f, 0xff, 0xfe, 0x0,
    0x0, 0x3f, 0xff, 0xfe, 0x0, 0x0, 0x3f, 0xff,
    0xfe, 0x0, 0x0, 0x3f, 0xff, 0xfe, 0x0, 0x0,
    0x3f, 0xff, 0xff, 0x55, 0x55, 0x3f, 0xff, 0xff,
    0xff, 0xff, 0x3f, 0xff, 0xff, 0xff, 0xff, 0x3f,
    0xff, 0xff, 0xff, 0xff, 0x3f, 0xff, 0xff, 0xff,
    0xff, 0x3f, 0xff, 0xff, 0xff, 0xff, 0x3f, 0xff,
    0xff, 0xff, 0xff, 0x3f, 0xff, 0xff, 0xff, 0xff,
    0x3f, 0xff, 0xff, 0xff, 0xff,

    /* U+005C "\\" */
    0x1a, 0xaa, 0xa4, 0x0, 0x0, 0x0, 0x0, 0x0,
    0x2, 0xff, 0xff, 0xc0, 0x0, 0x0, 0x0, 0x0,
    0x0, 0x1f, 0xff, 0xfd, 0x0, 0x0, 0x0, 0x0,
    0x0, 0x0, 0xff, 0xff, 0xf0, 0x0, 0x0, 0x0,
    0x0, 0x0, 0xb, 0xff, 0xff, 0x0, 0x0, 0x0,
    0x0, 0x0, 0x0, 0x7f, 0xff, 0xf4, 0x0, 0x0,
    0x0, 0x0, 0x0, 0x3, 0xff, 0xff, 0xc0, 0x0,
    0x0, 0x0, 0x0, 0x0, 0x2f, 0xff, 0xfc, 0x0,
    0x0, 0x0, 0x0, 0x0, 0x0, 0xff, 0xff, 0xe0,
    0x0, 0x0, 0x0, 0x0, 0x0, 0xf, 0xff, 0xff,
    0x0, 0x0, 0x0, 0x0, 0x0, 0x0, 0x7f, 0xff,
    0xf0, 0x0, 0x0, 0x0, 0x0, 0x0, 0x3, 0xff,
    0xff, 0x80, 0x0, 0x0, 0x0, 0x0, 0x0, 0x3f,
    0xff, 0xfc, 0x0, 0x0, 0x0, 0x0, 0x0, 0x1,
    0xff, 0xff, 0xd0, 0x0, 0x0, 0x0, 0x0, 0x0,
    0xf, 0xff, 0xfe, 0x0, 0x0, 0x0, 0x0, 0x0,
    0x0, 0xbf, 0xff, 0xf0, 0x0, 0x0, 0x0, 0x0,
    0x0, 0x7, 0xff, 0xff, 0x40, 0x0, 0x0, 0x0,
    0x0, 0x0, 0x3f, 0xff, 0xf8, 0x0, 0x0, 0x0,
    0x0, 0x0, 0x2, 0xff, 0xff, 0xc0, 0x0, 0x0,
    0x0, 0x0, 0x0, 0x1f, 0xff, 0xfd, 0x0, 0x0,
    0x0, 0x0, 0x0, 0x0, 0xff, 0xff, 0xf0, 0x0,
    0x0, 0x0, 0x0, 0x0, 0xb, 0xff, 0xff, 0x0,
    0x0, 0x0, 0x0, 0x0, 0x0, 0x7f, 0xff, 0xf4,
    0x0, 0x0, 0x0, 0x0, 0x0, 0x3, 0xff, 0xff,
    0xc0, 0x0, 0x0, 0x0, 0x0, 0x0, 0x2f, 0xff,
    0xfc, 0x0, 0x0, 0x0, 0x0, 0x0, 0x0, 0xff,
    0xff, 0xe0, 0x0, 0x0, 0x0, 0x0, 0x0, 0xf,
    0xff, 0xff, 0x0, 0x0, 0x0, 0x0, 0x0, 0x0,
    0x7f, 0xff, 0xf0, 0x0, 0x0, 0x0, 0x0, 0x0,
    0x3, 0xff, 0xff, 0x80, 0x0, 0x0, 0x0, 0x0,
    0x0, 0x3f, 0xff, 0xfc, 0x0, 0x0, 0x0, 0x0,
    0x0, 0x1, 0xff, 0xff, 0xd0, 0x0, 0x0, 0x0,
    0x0, 0x0, 0xf, 0xff, 0xfe, 0x0, 0x0, 0x0,
    0x0, 0x0, 0x0, 0xbf, 0xff, 0xf0, 0x0, 0x0,
    0x0, 0x0, 0x0, 0x7, 0xff, 0xff, 0x40, 0x0,
    0x0, 0x0, 0x0, 0x0, 0x3f, 0xff, 0xf8, 0x0,
    0x0, 0x0, 0x0, 0x0, 0x2, 0xff, 0xff, 0xc0,
    0x0, 0x0, 0x0, 0x0, 0x0, 0x1f, 0xff, 0xfd,
    0x0, 0x0, 0x0, 0x0, 0x0, 0x0, 0xff, 0xff,
    0xf0, 0x0, 0x0, 0x0, 0x0, 0x0, 0xb, 0xff,
    0xff, 0x0, 0x0, 0x0, 0x0, 0x0, 0x0, 0x7f,
    0xff, 0xf4, 0x0, 0x0, 0x0, 0x0, 0x0, 0x3,
    0xff, 0xff, 0xc0, 0x0, 0x0, 0x0, 0x0, 0x0,
    0x2f, 0xff, 0xfc, 0x0, 0x0, 0x0, 0x0, 0x0,
    0x0, 0xff, 0xff, 0xe0, 0x0, 0x0, 0x0, 0x0,
    0x0, 0xf, 0xff, 0xff, 0x0, 0x0, 0x0, 0x0,
    0x0, 0x0, 0x7f, 0xff, 0xf0, 0x0, 0x0, 0x0,
    0x0, 0x0, 0x3, 0xff, 0xff, 0x80, 0x0, 0x0,
    0x0, 0x0, 0x0, 0x3f, 0xff, 0xfc, 0x0, 0x0,
    0x0, 0x0, 0x0, 0x1, 0xff, 0xff, 0xd0, 0x0,
    0x0, 0x0, 0x0, 0x0, 0xf, 0xff, 0xfe, 0x0,
    0x0, 0x0, 0x0, 0x0, 0x0, 0xbf, 0xff, 0xf0,
    0x0, 0x0, 0x0, 0x0, 0x0, 0x7, 0xff, 0xff,
    0x40, 0x0, 0x0, 0x0, 0x0, 0x0, 0x3f, 0xff,
    0xf8, 0x0, 0x0, 0x0, 0x0, 0x0, 0x2, 0xff,
    0xff, 0xc0, 0x0, 0x0, 0x0, 0x0, 0x0, 0x1f,
    0xff, 0xfd, 0x0, 0x0, 0x0, 0x0, 0x0, 0x0,
    0xff, 0xff, 0xf0, 0x0, 0x0, 0x0, 0x0, 0x0,
    0xb, 0xff, 0xff, 0x0, 0x0, 0x0, 0x0, 0x0,
    0x0, 0x7f, 0xff, 0xf4, 0x0, 0x0, 0x0, 0x0,
    0x0, 0x3, 0xff, 0xff, 0xc0, 0x0, 0x0, 0x0,
    0x0, 0x0, 0x2f, 0xff, 0xfc, 0x0, 0x0, 0x0,
    0x0, 0x0, 0x0, 0xff, 0xff, 0xe0, 0x0, 0x0,
    0x0, 0x0, 0x0, 0xf, 0xff, 0xff, 0x0, 0x0,
    0x0, 0x0, 0x0, 0x0, 0x7f, 0xff, 0xf0, 0x0,
    0x0, 0x0, 0x0, 0x0, 0x3, 0xff, 0xff, 0x80,
    0x0, 0x0, 0x0, 0x0, 0x0, 0x3f, 0xff, 0xfc,
    0x0, 0x0, 0x0, 0x0, 0x0, 0x1, 0xff, 0xff,
    0xd0, 0x0, 0x0, 0x0, 0x0, 0x0, 0xf, 0xff,
    0xfe,

    /* U+005D "]" */
    0xff, 0xff, 0xff, 0xff, 0xff, 0xff, 0xff, 0xff,
    0xff, 0xff, 0xff, 0xff, 0xff, 0xff, 0xff, 0xff,
    0xff, 0xff, 0xff, 0xff, 0xff, 0xff, 0xff, 0xff,
    0xff, 0xff, 0xff, 0xff, 0xff, 0xff, 0xff, 0xff,
    0xff, 0xff, 0xff, 0xff, 0xff, 0xff, 0x55, 0x55,
    0xff, 0xff, 0xfc, 0x0, 0x3, 0xff, 0xff, 0xf0,
    0x0, 0xf, 0xff, 0xff, 0xc0, 0x0, 0x3f, 0xff,
    0xff, 0x0, 0x0, 0xff, 0xff, 0xfc, 0x0, 0x3,
    0xff, 0xff, 0xf0, 0x0, 0xf, 0xff, 0xff, 0xc0,
    0x0, 0x3f, 0xff, 0xff, 0x0, 0x0, 0xff, 0xff,
    0xfc, 0x0, 0x3, 0xff, 0xff, 0xf0, 0x0, 0xf,
    0xff, 0xff, 0xc0, 0x0, 0x3f, 0xff, 0xff, 0x0,
    0x0, 0xff, 0xff, 0xfc, 0x0, 0x3, 0xff, 0xff,
    0xf0, 0x0, 0xf, 0xff, 0xff, 0xc0, 0x0, 0x3f,
    0xff, 0xff, 0x0, 0x0, 0xff, 0xff, 0xfc, 0x0,
    0x3, 0xff, 0xff, 0xf0, 0x0, 0xf, 0xff, 0xff,
    0xc0, 0x0, 0x3f, 0xff, 0xff, 0x0, 0x0, 0xff,
    0xff, 0xfc, 0x0, 0x3, 0xff, 0xff, 0xf0, 0x0,
    0xf, 0xff, 0xff, 0xc0, 0x0, 0x3f, 0xff, 0xff,
    0x0, 0x0, 0xff, 0xff, 0xfc, 0x0, 0x3, 0xff,
    0xff, 0xf0, 0x0, 0xf, 0xff, 0xff, 0xc0, 0x0,
    0x3f, 0xff, 0xff, 0x0, 0x0, 0xff, 0xff, 0xfc,
    0x0, 0x3, 0xff, 0xff, 0xf0, 0x0, 0xf, 0xff,
    0xff, 0xc0, 0x0, 0x3f, 0xff, 0xff, 0x0, 0x0,
    0xff, 0xff, 0xfc, 0x0, 0x3, 0xff, 0xff, 0xf0,
    0x0, 0xf, 0xff, 0xff, 0xc0, 0x0, 0x3f, 0xff,
    0xff, 0x0, 0x0, 0xff, 0xff, 0xfc, 0x0, 0x3,
    0xff, 0xff, 0xf0, 0x0, 0xf, 0xff, 0xff, 0xc0,
    0x0, 0x3f, 0xff, 0xff, 0x0, 0x0, 0xff, 0xff,
    0xfc, 0x0, 0x3, 0xff, 0xff, 0xf0, 0x0, 0xf,
    0xff, 0xff, 0xc0, 0x0, 0x3f, 0xff, 0xff, 0x0,
    0x0, 0xff, 0xff, 0xfc, 0x0, 0x3, 0xff, 0xff,
    0xf0, 0x0, 0xf, 0xff, 0xff, 0xc0, 0x0, 0x3f,
    0xff, 0xff, 0x55, 0x55, 0xff, 0xff, 0xff, 0xff,
    0xff, 0xff, 0xff, 0xff, 0xff, 0xff, 0xff, 0xff,
    0xff, 0xff, 0xff, 0xff, 0xff, 0xff, 0xff, 0xff,
    0xff, 0xff, 0xff, 0xff, 0xff, 0xff, 0xff, 0xff,
    0xff, 0xff, 0xff, 0xff, 0xff, 0xff, 0xff, 0xff,
    0xff, 0xff, 0xff, 0xff, 0xfc,

    /* U+005E "^" */
    0x0, 0x0, 0x0, 0x2f, 0xff, 0xf8, 0x0, 0x0,
    0x0, 0x0, 0x0, 0x0, 0x3f, 0xff, 0xfc, 0x0,
    0x0, 0x0, 0x0, 0x0, 0x0, 0x7f, 0xff, 0xfd,
    0x0, 0x0, 0x0, 0x0, 0x0, 0x0, 0xff, 0xff,
    0xff, 0x0, 0x0, 0x0, 0x0, 0x0, 0x1, 0xff,
    0xff, 0xff, 0x40, 0x0, 0x0, 0x0, 0x0, 0x2,
    0xff, 0xff, 0xff, 0xc0, 0x0, 0x0, 0x0, 0x0,
    0x3, 0xff, 0xff, 0xff, 0xc0, 0x0, 0x0, 0x0,
    0x0, 0xb, 0xff, 0xff, 0xff, 0xe0, 0x0, 0x0,
    0x0, 0x0, 0xf, 0xff, 0xff, 0xff, 0xf0, 0x0,
    0x0, 0x0, 0x0, 0x1f, 0xff, 0xeb, 0xff, 0xf8,
    0x0, 0x0, 0x0, 0x0, 0x3f, 0xff, 0xc3, 0xff,
    0xfc, 0x0, 0x0, 0x0, 0x0, 0x7f, 0xff, 0xc3,
    0xff, 0xfd, 0x0, 0x0, 0x0, 0x0, 0xff, 0xff,
    0x41, 0xff, 0xff, 0x0, 0x0, 0x0, 0x0, 0xff,
    0xff, 0x0, 0xff, 0xff, 0x40, 0x0, 0x0, 0x2,
    0xff, 0xfe, 0x0, 0xbf, 0xff, 0x80, 0x0, 0x0,
    0x3, 0xff, 0xfc, 0x0, 0x3f, 0xff, 0xc0, 0x0,
    0x0, 0xb, 0xff, 0xf8, 0x0, 0x2f, 0xff, 0xe0,
    0x0, 0x0, 0xf, 0xff, 0xf4, 0x0, 0x1f, 0xff,
    0xf0, 0x0, 0x0, 0x1f, 0xff, 0xf0, 0x0, 0xf,
    0xff, 0xf4, 0x0, 0x0, 0x3f, 0xff, 0xd0, 0x0,
    0x7, 0xff, 0xfc, 0x0, 0x0, 0x7f, 0xff, 0xc0,
    0x0, 0x3, 0xff, 0xfd, 0x0, 0x0, 0xbf, 0xff,
    0x80, 0x0, 0x2, 0xff, 0xff, 0x0, 0x0, 0xff,
    0xff, 0x0, 0x0, 0x0, 0xff, 0xff, 0x0, 0x2,
    0xff, 0xfe, 0x0, 0x0, 0x0, 0xbf, 0xff, 0x80,
    0x3, 0xff, 0xfd, 0x0, 0x0, 0x0, 0x7f, 0xff,
    0xc0, 0x7, 0xff, 0xfc, 0x0, 0x0, 0x0, 0x3f,
    0xff, 0xd0, 0xf, 0xff, 0xf4, 0x0, 0x0, 0x0,
    0x1f, 0xff, 0xf0, 0x1f, 0xff, 0xf0, 0x0, 0x0,
    0x0, 0xf, 0xff, 0xf4, 0x3f, 0xff, 0xe0, 0x0,
    0x0, 0x0, 0xb, 0xff, 0xfc,

    /* U+005F "_" */
    0x55, 0x55, 0x55, 0x55, 0x55, 0x55, 0x55, 0x55,
    0x57, 0xff, 0xff, 0xff, 0xff, 0xff, 0xff, 0xff,
    0xff, 0xff, 0xff, 0xff, 0xff, 0xff, 0xff, 0xff,
    0xff, 0xff, 0xff, 0xff, 0xff, 0xff, 0xff, 0xff,
    0xff, 0xff, 0xff, 0xff, 0xff, 0xff, 0xff, 0xff,
    0xff, 0xff, 0xff, 0xff, 0xff, 0xff, 0xff, 0xff,
    0xff, 0xff, 0xff, 0xff, 0xff, 0xff, 0xff, 0xff,
    0xff, 0xff, 0xff, 0xff, 0xff, 0xc0,

    /* U+0060 "`" */
    0x7f, 0xff, 0xff, 0x40, 0x0, 0x0, 0xff, 0xff,
    0xfd, 0x0, 0x0, 0x2, 0xff, 0xff, 0xf4, 0x0,
    0x0, 0x7, 0xff, 0xff, 0xd0, 0x0, 0x0, 0xf,
    0xff, 0xff, 0x0, 0x0, 0x0, 0x3f, 0xff, 0xfc,
    0x0, 0x0, 0x0, 0xbf, 0xff, 0xf0, 0x0, 0x0,
    0x1, 0xff, 0xff, 0xc0, 0x0, 0x0, 0x3, 0xff,
    0xff, 0x0, 0x0, 0x0, 0xb, 0xff, 0xfc,

    /* U+0061 "a" */
    0x0, 0x0, 0x0, 0x5, 0x55, 0x50, 0x0, 0x0,
    0x0, 0x0, 0x0, 0x6, 0xff, 0xff, 0xff, 0xf9,
    0x0, 0x0, 0x0, 0x0, 0x6f, 0xff, 0xff, 0xff,
    0xff, 0xf4, 0x0, 0x0, 0x1, 0xff, 0xff, 0xff,
    0xff, 0xff, 0xff, 0xd0, 0x0, 0x7, 0xff, 0xff,
    0xff, 0xff, 0xff, 0xff, 0xfe, 0x0, 0x3, 0xff,
    0xff, 0xff, 0xff, 0xff, 0xff, 0xff, 0xe0, 0x0,
    0x3f, 0xff, 0xff, 0xff, 0xff, 0xff, 0xff, 0xfd,
    0x0, 0xb, 0xff, 0xff, 0xff, 0xff, 0xff, 0xff,
    0xff, 0xc0, 0x0, 0xff, 0xff, 0xff, 0xff, 0xff,
    0xff, 0xff, 0xf8, 0x0, 0x2f, 0xff, 0xe5, 0x0,
    0x6f, 0xff, 0xff, 0xff, 0x0, 0x3, 0xfd, 0x0,
    0x0, 0x0, 0x7f, 0xff, 0xff, 0xd0, 0x0, 0xb4,
    0x0, 0x0, 0x0, 0x7, 0xff, 0xff, 0xfc, 0x0,
    0x0, 0x0, 0x0, 0x0, 0x0, 0xbf, 0xff, 0xff,
    0x0, 0x0, 0x0, 0x0, 0x0, 0x0, 0xf, 0xff,
    0xff, 0xc0, 0x0, 0x0, 0x0, 0x0, 0x0, 0x2,
    0xff, 0xff, 0xf4, 0x0, 0x0, 0x0, 0x0, 0x0,
    0x0, 0xbf, 0xff, 0xfd, 0x0, 0x0, 0x6, 0xff,
    0xff, 0xff, 0xff, 0xff, 0xff, 0x40, 0x0, 0xbf,
    0xff, 0xff, 0xff, 0xff, 0xff, 0xff, 0xd0, 0x2,
    0xff, 0xff, 0xff, 0xff, 0xff, 0xff, 0xff, 0xf4,
    0x3, 0xff, 0xff, 0xff, 0xff, 0xff, 0xff, 0xff,
    0xfd, 0x3, 0xff, 0xff, 0xff, 0xff, 0xff, 0xff,
    0xff, 0xff, 0x43, 0xff, 0xff, 0xff, 0xff, 0xff,
    0xff, 0xff, 0xff, 0xd1, 0xff, 0xff, 0xff, 0xa5,
    0x55, 0x56, 0xff, 0xff, 0xf4, 0xff, 0xff, 0xfe,
    0x0, 0x0, 0x0, 0xbf, 0xff, 0xfd, 0x3f, 0xff,
    0xff, 0x0, 0x0, 0x0, 0x2f, 0xff, 0xff, 0x5f,
    0xff, 0xff, 0x40, 0x0, 0x0, 0xb, 0xff, 0xff,
    0xd7, 0xff, 0xff, 0xd0, 0x0, 0x0, 0x2, 0xff,
    0xff, 0xf5, 0xff, 0xff, 0xf4, 0x0, 0x0, 0x1,
    0xff, 0xff, 0xfd, 0x7f, 0xff, 0xfe, 0x0, 0x0,
    0x0, 0xff, 0xff, 0xff, 0x4f, 0xff, 0xff, 0xd0,
    0x0, 0x0, 0xff, 0xff, 0xff, 0xd3, 0xff, 0xff,
    0xfe, 0x0, 0x6, 0xff, 0xff, 0xff, 0xf4, 0xbf,
    0xff, 0xff, 0xff, 0xff, 0xff, 0xff, 0xff, 0xfd,
    0xf, 0xff, 0xff, 0xff, 0xff, 0xff, 0xff, 0xff,
    0xff, 0x41, 0xff, 0xff, 0xff, 0xff, 0xff, 0xff,
    0xff, 0xff, 0xd0, 0x1f, 0xff, 0xff, 0xff, 0xff,
    0xfd, 0xff, 0xff, 0xf4, 0x1, 0xff, 0xff, 0xff,
    0xff, 0xfd, 0x3f, 0xff, 0xfd, 0x0, 0xb, 0xff,
    0xff, 0xff, 0xfc, 0xf, 0xff, 0xff, 0x40, 0x0,
    0x2f, 0xff, 0xff, 0xe4, 0x3, 0xff, 0xff, 0xd0,
    0x0, 0x0, 0x15, 0x55, 0x0, 0x0, 0x0, 0x0,
    0x0,

    /* U+0062 "b" */
    0xaa, 0xaa, 0xa8, 0x0, 0x0, 0x0, 0x0, 0x0,
    0x0, 0x0, 0xf, 0xff, 0xff, 0xc0, 0x0, 0x0,
    0x0, 0x0, 0x0, 0x0, 0x0, 0xff, 0xff, 0xfc,
    0x0, 0x0, 0x0, 0x0, 0x0, 0x0, 0x0, 0xf,
    0xff, 0xff, 0xc0, 0x0, 0x0, 0x0, 0x0, 0x0,
    0x0, 0x0, 0xff, 0xff, 0xfc, 0x0, 0x0, 0x0,
    0x0, 0x0, 0x0, 0x0, 0xf, 0xff, 0xff, 0xc0,
    0x0, 0x0, 0x0, 0x0, 0x0, 0x0, 0x0, 0xff,
    0xff, 0xfc, 0x0, 0x0, 0x0, 0x0, 0x0, 0x0,
    0x0, 0xf, 0xff, 0xff, 0xc0, 0x0, 0x0, 0x0,
    0x0, 0x0, 0x0, 0x0, 0xff, 0xff, 0xfc, 0x0,
    0x0, 0x0, 0x0, 0x0, 0x0, 0x0, 0xf, 0xff,
    0xff, 0xc0, 0x0, 0x0, 0x0, 0x0, 0x0, 0x0,
    0x0, 0xff, 0xff, 0xfc, 0x0, 0x0, 0x0, 0x0,
    0x0, 0x0, 0x0, 0xf, 0xff, 0xff, 0xc0, 0x0,
    0x0, 0x0, 0x0, 0x0, 0x0, 0x0, 0xff, 0xff,
    0xfc, 0x0, 0x0, 0x0, 0x0, 0x0, 0x0, 0x0,
    0xf, 0xff, 0xff, 0xc0, 0x0, 0x0, 0x0, 0x0,
    0x0, 0x0, 0x0, 0xff, 0xff, 0xfc, 0x0, 0x1,
    0x55, 0x50, 0x0, 0x0, 0x0, 0xf, 0xff, 0xff,
    0xc0, 0xb, 0xff, 0xff, 0xf8, 0x0, 0x0, 0x0,
    0xff, 0xff, 0xfc, 0xb, 0xff, 0xff, 0xff, 0xfd,
    0x0, 0x0, 0xf, 0xff, 0xff, 0xc7, 0xff, 0xff,
    0xff, 0xff, 0xfc, 0x0, 0x0, 0xff, 0xff, 0xfe,
    0xff, 0xff, 0xff, 0xff, 0xff, 0xf4, 0x0, 0xf,
    0xff, 0xff, 0xff, 0xff, 0xff, 0xff, 0xff, 0xff,
    0xd0, 0x0, 0xff, 0xff, 0xff, 0xff, 0xff, 0xff,
    0xff, 0xff, 0xff, 0x40, 0xf, 0xff, 0xff, 0xff,
    0xff, 0xff, 0xff, 0xff, 0xff, 0xfd, 0x0, 0xff,
    0xff, 0xff, 0xff, 0xff, 0xff, 0xff, 0xff, 0xff,
    0xf0, 0xf, 0xff, 0xff, 0xff, 0xff, 0x95, 0xbf,
    0xff, 0xff, 0xff, 0x80, 0xff, 0xff, 0xff, 0xfe,
    0x0, 0x0, 0x3f, 0xff, 0xff, 0xfc, 0xf, 0xff,
    0xff, 0xff, 0x40, 0x0, 0x0, 0x7f, 0xff, 0xff,
    0xe0, 0xff, 0xff, 0xff, 0xc0, 0x0, 0x0, 0x1,
    0xff, 0xff, 0xff, 0xf, 0xff, 0xff, 0xf4, 0x0,
    0x0, 0x0, 0xb, 0xff, 0xff, 0xf4, 0xff, 0xff,
    0xff, 0x0, 0x0, 0x0, 0x0, 0x3f, 0xff, 0xff,
    0x8f, 0xff, 0xff, 0xd0, 0x0, 0x0, 0x0, 0x2,
    0xff, 0xff, 0xf8, 0xff, 0xff, 0xfc, 0x0, 0x0,
    0x0, 0x0, 0x1f, 0xff, 0xff, 0xcf, 0xff, 0xff,
    0xc0, 0x0, 0x0, 0x0, 0x0, 0xff, 0xff, 0xfc,
    0xff, 0xff, 0xfc, 0x0, 0x0, 0x0, 0x0, 0xf,
    0xff, 0xff, 0xcf, 0xff, 0xff, 0xc0, 0x0, 0x0,
    0x0, 0x0, 0xff, 0xff, 0xfc, 0xff, 0xff, 0xfc,
    0x0, 0x0, 0x0, 0x0, 0xf, 0xff, 0xff, 0xcf,
    0xff, 0xff, 0xc0, 0x0, 0x0, 0x0, 0x0, 0xff,
    0xff, 0xfc, 0xff, 0xff, 0xfc, 0x0, 0x0, 0x0,
    0x0, 0x1f, 0xff, 0xff, 0xcf, 0xff, 0xff, 0xd0,
    0x0, 0x0, 0x0, 0x2, 0xff, 0xff, 0xf8, 0xff,
    0xff, 0xff, 0x0, 0x0, 0x0, 0x0, 0x3f, 0xff,
    0xff, 0x8f, 0xff, 0xff, 0xf4, 0x0, 0x0, 0x0,
    0xb, 0xff, 0xff, 0xf4, 0xff, 0xff, 0xff, 0xd0,
    0x0, 0x0, 0x1, 0xff, 0xff, 0xff, 0xf, 0xff,
    0xff, 0xff, 0x40, 0x0, 0x0, 0xbf, 0xff, 0xff,
    0xe0, 0xff, 0xff, 0xff, 0xfe, 0x0, 0x0, 0x7f,
    0xff, 0xff, 0xfc, 0xf, 0xff, 0xff, 0xff, 0xff,
    0x95, 0xbf, 0xff, 0xff, 0xff, 0x80, 0xff, 0xff,
    0xff, 0xff, 0xff, 0xff, 0xff, 0xff, 0xff, 0xf0,
    0xf, 0xff, 0xff, 0xff, 0xff, 0xff, 0xff, 0xff,
    0xff, 0xfc, 0x0, 0xff, 0xff, 0xff, 0xff, 0xff,
    0xff, 0xff, 0xff, 0xff, 0x40, 0xf, 0xff, 0xff,
    0xff, 0xff, 0xff, 0xff, 0xff, 0xff, 0xd0, 0x0,
    0xff, 0xff, 0xfa, 0xff, 0xff, 0xff, 0xff, 0xff,
    0xf4, 0x0, 0xf, 0xff, 0xff, 0x4b, 0xff, 0xff,
    0xff, 0xff, 0xf8, 0x0, 0x0, 0xff, 0xff, 0xf4,
    0x1f, 0xff, 0xff, 0xff, 0xfd, 0x0, 0x0, 0xf,
    0xff, 0xff, 0x40, 0x1b, 0xff, 0xff, 0xf8, 0x0,
    0x0, 0x0, 0x0, 0x0, 0x0, 0x0, 0x1, 0x55,
    0x50, 0x0, 0x0, 0x0, 0x0,

    /* U+0063 "c" */
    0x0, 0x0, 0x0, 0x0, 0x5, 0x55, 0x40, 0x0,
    0x0, 0x0, 0x0, 0x0, 0x0, 0x6f, 0xff, 0xff,
    0xf9, 0x0, 0x0, 0x0, 0x0, 0x0, 0x2f, 0xff,
    0xff, 0xff, 0xff, 0x80, 0x0, 0x0, 0x0, 0xb,
    0xff, 0xff, 0xff, 0xff, 0xff, 0xd0, 0x0, 0x0,
    0x1, 0xff, 0xff, 0xff, 0xff, 0xff, 0xff, 0xf0,
    0x0, 0x0, 0x1f, 0xff, 0xff, 0xff, 0xff, 0xff,
    0xff, 0xf0, 0x0, 0x2, 0xff, 0xff, 0xff, 0xff,
    0xff, 0xff, 0xff, 0xf0, 0x0, 0x1f, 0xff, 0xff,
    0xff, 0xff, 0xff, 0xff, 0xff, 0xe0, 0x1, 0xff,
    0xff, 0xff, 0xff, 0xff, 0xff, 0xff, 0xff, 0xd0,
    0xf, 0xff, 0xff, 0xff, 0xe9, 0x6b, 0xff, 0xff,
    0xff, 0xc0, 0xbf, 0xff, 0xff, 0xf4, 0x0, 0x1,
    0xff, 0xff, 0xfd, 0x3, 0xff, 0xff, 0xfe, 0x0,
    0x0, 0x0, 0xbf, 0xff, 0x40, 0x1f, 0xff, 0xff,
    0xe0, 0x0, 0x0, 0x0, 0xbf, 0xd0, 0x0, 0xff,
    0xff, 0xff, 0x0, 0x0, 0x0, 0x0, 0xf4, 0x0,
    0x3, 0xff, 0xff, 0xf4, 0x0, 0x0, 0x0, 0x0,
    0x0, 0x0, 0x1f, 0xff, 0xff, 0xc0, 0x0, 0x0,
    0x0, 0x0, 0x0, 0x0, 0xbf, 0xff, 0xfe, 0x0,
    0x0, 0x0, 0x0, 0x0, 0x0, 0x2, 0xff, 0xff,
    0xf4, 0x0, 0x0, 0x0, 0x0, 0x0, 0x0, 0xb,
    0xff, 0xff, 0xd0, 0x0, 0x0, 0x0, 0x0, 0x0,
    0x0, 0x3f, 0xff, 0xff, 0x40, 0x0, 0x0, 0x0,
    0x0, 0x0, 0x0, 0xbf, 0xff, 0xfd, 0x0, 0x0,
    0x0, 0x0, 0x0, 0x0, 0x2, 0xff, 0xff, 0xf4,
    0x0, 0x0, 0x0, 0x0, 0x0, 0x0, 0xb, 0xff,
    0xff, 0xe0, 0x0, 0x0, 0x0, 0x0, 0x0, 0x0,
    0x1f, 0xff, 0xff, 0xc0, 0x0, 0x0, 0x0, 0x0,
    0x0, 0x0, 0x3f, 0xff, 0xff, 0x40, 0x0, 0x0,
    0x0, 0x0, 0x0, 0x0, 0xff, 0xff, 0xff, 0x0,
    0x0, 0x0, 0x0, 0xf4, 0x0, 0x1, 0xff, 0xff,
    0xfe, 0x0, 0x0, 0x0, 0xb, 0xfd, 0x0, 0x3,
    0xff, 0xff, 0xff, 0x0, 0x0, 0x0, 0xbf, 0xff,
    0x40, 0xb, 0xff, 0xff, 0xff, 0x40, 0x0, 0x1f,
    0xff, 0xff, 0xd0, 0xf, 0xff, 0xff, 0xff, 0xe9,
    0x6b, 0xff, 0xff, 0xff, 0xc0, 0x1f, 0xff, 0xff,
    0xff, 0xff, 0xff, 0xff, 0xff, 0xfd, 0x0, 0x1f,
    0xff, 0xff, 0xff, 0xff, 0xff, 0xff, 0xff, 0xe0,
    0x0, 0x2f, 0xff, 0xff, 0xff, 0xff, 0xff, 0xff,
    0xff, 0x0, 0x0, 0x1f, 0xff, 0xff, 0xff, 0xff,
    0xff, 0xff, 0xf0, 0x0, 0x0, 0x1f, 0xff, 0xff,
    0xff, 0xff, 0xff, 0xff, 0x0, 0x0, 0x0, 0xb,
    0xff, 0xff, 0xff, 0xff, 0xff, 0xd0, 0x0, 0x0,
    0x0, 0x2, 0xff, 0xff, 0xff, 0xff, 0xf8, 0x0,
    0x0, 0x0, 0x0, 0x0, 0x6f, 0xff, 0xff, 0xf9,
    0x0, 0x0, 0x0, 0x0, 0x0, 0x0, 0x0, 0x55,
    0x54, 0x0, 0x0, 0x0, 0x0,

    /* U+0064 "d" */
    0x0, 0x0, 0x0, 0x0, 0x0, 0x0, 0x0, 0x6,
    0xaa, 0xaa, 0x90, 0x0, 0x0, 0x0, 0x0, 0x0,
    0x0, 0x0, 0xbf, 0xff, 0xfd, 0x0, 0x0, 0x0,
    0x0, 0x0, 0x0, 0x0, 0xb, 0xff, 0xff, 0xd0,
    0x0, 0x0, 0x0, 0x0, 0x0, 0x0, 0x0, 0xbf,
    0xff, 0xfd, 0x0, 0x0, 0x0, 0x0, 0x0, 0x0,
    0x0, 0xb, 0xff, 0xff, 0xd0, 0x0, 0x0, 0x0,
    0x0, 0x0, 0x0, 0x0, 0xbf, 0xff, 0xfd, 0x0,
    0x0, 0x0, 0x0, 0x0, 0x0, 0x0, 0xb, 0xff,
    0xff, 0xd0, 0x0, 0x0, 0x0, 0x0, 0x0, 0x0,
    0x0, 0xbf, 0xff, 0xfd, 0x0, 0x0, 0x0, 0x0,
    0x0, 0x0, 0x0, 0xb, 0xff, 0xff, 0xd0, 0x0,
    0x0, 0x0, 0x0, 0x0, 0x0, 0x0, 0xbf, 0xff,
    0xfd, 0x0, 0x0, 0x0, 0x0, 0x0, 0x0, 0x0,
    0xb, 0xff, 0xff, 0xd0, 0x0, 0x0, 0x0, 0x0,
    0x0, 0x0, 0x0, 0xbf, 0xff, 0xfd, 0x0, 0x0,
    0x0, 0x0, 0x0, 0x0, 0x0, 0xb, 0xff, 0xff,
    0xd0, 0x0, 0x0, 0x0, 0x0, 0x0, 0x0, 0x0,
    0xbf, 0xff, 0xfd, 0x0, 0x0, 0x0, 0x0, 0x55,
    0x50, 0x0, 0xb, 0xff, 0xff, 0xd0, 0x0, 0x0,
    0x6, 0xff, 0xff, 0xf9, 0x0, 0xbf, 0xff, 0xfd,
    0x0, 0x0, 0xb, 0xff, 0xff, 0xff, 0xfd, 0xb,
    0xff, 0xff, 0xd0, 0x0, 0x7, 0xff, 0xff, 0xff,
    0xff, 0xfc, 0xbf, 0xff, 0xfd, 0x0, 0x3, 0xff,
    0xff, 0xff, 0xff, 0xff, 0xfb, 0xff, 0xff, 0xd0,
    0x0, 0xff, 0xff, 0xff, 0xff, 0xff, 0xff, 0xff,
    0xff, 0xfd, 0x0, 0x3f, 0xff, 0xff, 0xff, 0xff,
    0xff, 0xff, 0xff, 0xff, 0xd0, 0xf, 0xff, 0xff,
    0xff, 0xff, 0xff, 0xff, 0xff, 0xff, 0xfd, 0x2,
    0xff, 0xff, 0xff, 0xff, 0xff, 0xff, 0xff, 0xff,
    0xff, 0xd0, 0x3f, 0xff, 0xff, 0xff, 0xa5, 0xaf,
    0xff, 0xff, 0xff, 0xfd, 0xb, 0xff, 0xff, 0xff,
    0x40, 0x0, 0x1f, 0xff, 0xff, 0xff, 0xd0, 0xff,
    0xff, 0xff, 0xc0, 0x0, 0x0, 0x2f, 0xff, 0xff,
    0xfd, 0x2f, 0xff, 0xff, 0xf0, 0x0, 0x0, 0x0,
    0xbf, 0xff, 0xff, 0xd3, 0xff, 0xff, 0xfc, 0x0,
    0x0, 0x0, 0x3, 0xff, 0xff, 0xfd, 0x3f, 0xff,
    0xff, 0x80, 0x0, 0x0, 0x0, 0x1f, 0xff, 0xff,
    0xd7, 0xff, 0xff, 0xf0, 0x0, 0x0, 0x0, 0x0,
    0xff, 0xff, 0xfd, 0x7f, 0xff, 0xff, 0x0, 0x0,
    0x0, 0x0, 0xb, 0xff, 0xff, 0xdb, 0xff, 0xff,
    0xe0, 0x0, 0x0, 0x0, 0x0, 0x7f, 0xff, 0xfd,
    0xbf, 0xff, 0xfd, 0x0, 0x0, 0x0, 0x0, 0x7,
    0xff, 0xff, 0xdb, 0xff, 0xff, 0xd0, 0x0, 0x0,
    0x0, 0x0, 0x7f, 0xff, 0xfd, 0xbf, 0xff, 0xfd,
    0x0, 0x0, 0x0, 0x0, 0x7, 0xff, 0xff, 0xdb,
    0xff, 0xff, 0xe0, 0x0, 0x0, 0x0, 0x0, 0x7f,
    0xff, 0xfd, 0x7f, 0xff, 0xff, 0x0, 0x0, 0x0,
    0x0, 0xb, 0xff, 0xff, 0xd7, 0xff, 0xff, 0xf0,
    0x0, 0x0, 0x0, 0x0, 0xff, 0xff, 0xfd, 0x3f,
    0xff, 0xff, 0x80, 0x0, 0x0, 0x0, 0x1f, 0xff,
    0xff, 0xd3, 0xff, 0xff, 0xfc, 0x0, 0x0, 0x0,
    0x3, 0xff, 0xff, 0xfd, 0x2f, 0xff, 0xff, 0xf0,
    0x0, 0x0, 0x0, 0xff, 0xff, 0xff, 0xd0, 0xff,
    0xff, 0xff, 0xc0, 0x0, 0x0, 0x2f, 0xff, 0xff,
    0xfd, 0xb, 0xff, 0xff, 0xff, 0x40, 0x0, 0x1f,
    0xff, 0xff, 0xff, 0xd0, 0x3f, 0xff, 0xff, 0xff,
    0xa5, 0xaf, 0xff, 0xff, 0xff, 0xfd, 0x2, 0xff,
    0xff, 0xff, 0xff, 0xff, 0xff, 0xff, 0xff, 0xff,
    0xd0, 0xf, 0xff, 0xff, 0xff, 0xff, 0xff, 0xff,
    0xff, 0xff, 0xfd, 0x0, 0x3f, 0xff, 0xff, 0xff,
    0xff, 0xff, 0xff, 0xff, 0xff, 0xd0, 0x0, 0xff,
    0xff, 0xff, 0xff, 0xff, 0xff, 0xff, 0xff, 0xfd,
    0x0, 0x2, 0xff, 0xff, 0xff, 0xff, 0xff, 0xf7,
    0xff, 0xff, 0xd0, 0x0, 0x7, 0xff, 0xff, 0xff,
    0xff, 0xfc, 0x3f, 0xff, 0xfd, 0x0, 0x0, 0xb,
    0xff, 0xff, 0xff, 0xfe, 0x3, 0xff, 0xff, 0xd0,
    0x0, 0x0, 0x6, 0xff, 0xff, 0xfd, 0x0, 0x3f,
    0xff, 0xfd, 0x0, 0x0, 0x0, 0x0, 0x55, 0x50,
    0x0, 0x0, 0x0, 0x0, 0x0,

    /* U+0065 "e" */
    0x0, 0x0, 0x0, 0x0, 0x15, 0x55, 0x0, 0x0,
    0x0, 0x0, 0x0, 0x0, 0x0, 0x2f, 0xff, 0xff,
    0xf9, 0x0, 0x0, 0x0, 0x0, 0x0, 0x7, 0xff,
    0xff, 0xff, 0xff, 0xe0, 0x0, 0x0, 0x0, 0x0,
    0x3f, 0xff, 0xff, 0xff, 0xff, 0xfe, 0x0, 0x0,
    0x0, 0x1, 0xff, 0xff, 0xff, 0xff, 0xff, 0xff,
    0xc0, 0x0, 0x0, 0xb, 0xff, 0xff, 0xff, 0xff,
    0xff, 0xff, 0xf4, 0x0, 0x0, 0x2f, 0xff, 0xff,
    0xff, 0xff, 0xff, 0xff, 0xfd, 0x0, 0x0, 0xbf,
    0xff, 0xff, 0xff, 0xff, 0xff, 0xff, 0xff, 0x0,
    0x1, 0xff, 0xff, 0xff, 0xff, 0xbf, 0xff, 0xff,
    0xff, 0xc0, 0x3, 0xff, 0xff, 0xff, 0x40, 0x0,
    0x7f, 0xff, 0xff, 0xd0, 0xb, 0xff, 0xff, 0xf8,
    0x0, 0x0, 0xb, 0xff, 0xff, 0xf0, 0xf, 0xff,
    0xff, 0xd0, 0x0, 0x0, 0x2, 0xff, 0xff, 0xf4,
    0x2f, 0xff, 0xff, 0x80, 0x0, 0x0, 0x0, 0xff,
    0xff, 0xfc, 0x3f, 0xff, 0xff, 0x0, 0x0, 0x0,
    0x0, 0x3f, 0xff, 0xfc, 0x3f, 0xff, 0xfe, 0x0,
    0x0, 0x0, 0x0, 0x3f, 0xff, 0xfd, 0x7f, 0xff,
    0xfd, 0x0, 0x0, 0x0, 0x0, 0x1f, 0xff, 0xfe,
    0xbf, 0xff, 0xff, 0xff, 0xff, 0xff, 0xff, 0xff,
    0xff, 0xff, 0xbf, 0xff, 0xff, 0xff, 0xff, 0xff,
    0xff, 0xff, 0xff, 0xff, 0xbf, 0xff, 0xff, 0xff,
    0xff, 0xff, 0xff, 0xff, 0xff, 0xff, 0xff, 0xff,
    0xff, 0xff, 0xff, 0xff, 0xff, 0xff, 0xff, 0xff,
    0xbf, 0xff, 0xff, 0xff, 0xff, 0xff, 0xff, 0xff,
    0xff, 0xff, 0xbf, 0xff, 0xff, 0xff, 0xff, 0xff,
    0xff, 0xff, 0xff, 0xff, 0xbf, 0xff, 0xfe, 0x55,
    0x55, 0x55, 0x55, 0x55, 0x55, 0x55, 0x7f, 0xff,
    0xfe, 0x0, 0x0, 0x0, 0x0, 0x0, 0x0, 0x0,
    0x3f, 0xff, 0xff, 0x0, 0x0, 0x0, 0x0, 0x0,
    0x0, 0x0, 0x3f, 0xff, 0xff, 0x80, 0x0, 0x0,
    0x0, 0x0, 0x0, 0x0, 0x1f, 0xff, 0xff, 0xd0,
    0x0, 0x0, 0x0, 0x2, 0x0, 0x0, 0xf, 0xff,
    0xff, 0xf4, 0x0, 0x0, 0x0, 0x1f, 0x80, 0x0,
    0xb, 0xff, 0xff, 0xff, 0x40, 0x0, 0x0, 0xbf,
    0xe0, 0x0, 0x3, 0xff, 0xff, 0xff, 0xf9, 0x41,
    0x6f, 0xff, 0xf8, 0x0, 0x1, 0xff, 0xff, 0xff,
    0xff, 0xff, 0xff, 0xff, 0xfd, 0x0, 0x0, 0x7f,
    0xff, 0xff, 0xff, 0xff, 0xff, 0xff, 0xff, 0x40,
    0x0, 0x2f, 0xff, 0xff, 0xff, 0xff, 0xff, 0xff,
    0xff, 0xc0, 0x0, 0x7, 0xff, 0xff, 0xff, 0xff,
    0xff, 0xff, 0xff, 0x40, 0x0, 0x0, 0xff, 0xff,
    0xff, 0xff, 0xff, 0xff, 0xfc, 0x0, 0x0, 0x0,
    0x2f, 0xff, 0xff, 0xff, 0xff, 0xff, 0xe0, 0x0,
    0x0, 0x0, 0x2, 0xff, 0xff, 0xff, 0xff, 0xfe,
    0x0, 0x0, 0x0, 0x0, 0x0, 0x1b, 0xff, 0xff,
    0xff, 0x90, 0x0, 0x0, 0x0, 0x0, 0x0, 0x0,
    0x5, 0x55, 0x50, 0x0, 0x0, 0x0,

    /* U+0066 "f" */
    0x0, 0x0, 0x0, 0x1, 0xaf, 0xff, 0xa0, 0x0,
    0x0, 0x0, 0x2, 0xff, 0xff, 0xff, 0xf4, 0x0,
    0x0, 0x1, 0xff, 0xff, 0xff, 0xff, 0xc0, 0x0,
    0x0, 0xbf, 0xff, 0xff, 0xff, 0xf8, 0x0, 0x0,
    0x1f, 0xff, 0xff, 0xff, 0xff, 0x40, 0x0, 0x7,
    0xff, 0xff, 0xff, 0xff, 0xf0, 0x0, 0x0, 0xff,
    0xff, 0xff, 0xff, 0xfe, 0x0, 0x0, 0x1f, 0xff,
    0xff, 0xff, 0xff, 0xd0, 0x0, 0x3, 0xff, 0xff,
    0xff, 0xaa, 0xfc, 0x0, 0x0, 0x3f, 0xff, 0xff,
    0x80, 0x1, 0x40, 0x0, 0x7, 0xff, 0xff, 0xf0,
    0x0, 0x0, 0x0, 0x0, 0x7f, 0xff, 0xfd, 0x0,
    0x0, 0x0, 0x0, 0xb, 0xff, 0xff, 0xc0, 0x0,
    0x0, 0x0, 0x0, 0xbf, 0xff, 0xfc, 0x0, 0x0,
    0x0, 0x0, 0xb, 0xff, 0xff, 0xc0, 0x0, 0x0,
    0x1, 0x55, 0xff, 0xff, 0xfd, 0x55, 0x55, 0x0,
    0x7f, 0xff, 0xff, 0xff, 0xff, 0xff, 0xf8, 0x7,
    0xff, 0xff, 0xff, 0xff, 0xff, 0xff, 0x80, 0x7f,
    0xff, 0xff, 0xff, 0xff, 0xff, 0xf8, 0x7, 0xff,
    0xff, 0xff, 0xff, 0xff, 0xff, 0x80, 0x7f, 0xff,
    0xff, 0xff, 0xff, 0xff, 0xf8, 0x7, 0xff, 0xff,
    0xff, 0xff, 0xff, 0xff, 0x80, 0x7f, 0xff, 0xff,
    0xff, 0xff, 0xff, 0xf8, 0x7, 0xff, 0xff, 0xff,
    0xff, 0xff, 0xff, 0x80, 0x0, 0xb, 0xff, 0xff,
    0xd0, 0x0, 0x0, 0x0, 0x0, 0xbf, 0xff, 0xfd,
    0x0, 0x0, 0x0, 0x0, 0xb, 0xff, 0xff, 0xd0,
    0x0, 0x0, 0x0, 0x0, 0xbf, 0xff, 0xfd, 0x0,
    0x0, 0x0, 0x0, 0xb, 0xff, 0xff, 0xd0, 0x0,
    0x0, 0x0, 0x0, 0xbf, 0xff, 0xfd, 0x0, 0x0,
    0x0, 0x0, 0xb, 0xff, 0xff, 0xd0, 0x0, 0x0,
    0x0, 0x0, 0xbf, 0xff, 0xfd, 0x0, 0x0, 0x0,
    0x0, 0xb, 0xff, 0xff, 0xd0, 0x0, 0x0, 0x0,
    0x0, 0xbf, 0xff, 0xfd, 0x0, 0x0, 0x0, 0x0,
    0xb, 0xff, 0xff, 0xd0, 0x0, 0x0, 0x0, 0x0,
    0xbf, 0xff, 0xfd, 0x0, 0x0, 0x0, 0x0, 0xb,
    0xff, 0xff, 0xd0, 0x0, 0x0, 0x0, 0x0, 0xbf,
    0xff, 0xfd, 0x0, 0x0, 0x0, 0x0, 0xb, 0xff,
    0xff, 0xd0, 0x0, 0x0, 0x0, 0x0, 0xbf, 0xff,
    0xfd, 0x0, 0x0, 0x0, 0x0, 0xb, 0xff, 0xff,
    0xd0, 0x0, 0x0, 0x0, 0x0, 0xbf, 0xff, 0xfd,
    0x0, 0x0, 0x0, 0x0, 0xb, 0xff, 0xff, 0xd0,
    0x0, 0x0, 0x0, 0x0, 0xbf, 0xff, 0xfd, 0x0,
    0x0, 0x0, 0x0, 0xb, 0xff, 0xff, 0xd0, 0x0,
    0x0, 0x0, 0x0, 0xbf, 0xff, 0xfd, 0x0, 0x0,
    0x0, 0x0, 0xb, 0xff, 0xff, 0xd0, 0x0, 0x0,
    0x0, 0x0, 0xbf, 0xff, 0xfd, 0x0, 0x0, 0x0,
    0x0, 0xb, 0xff, 0xff, 0xd0, 0x0, 0x0, 0x0,
    0x0, 0xbf, 0xff, 0xfd, 0x0, 0x0, 0x0, 0x0,
    0xb, 0xff, 0xff, 0xd0, 0x0, 0x0, 0x0, 0x0,
    0xbf, 0xff, 0xfd, 0x0, 0x0, 0x0,

    /* U+0067 "g" */
    0x0, 0x0, 0x0, 0x0, 0x55, 0x50, 0x0, 0x0,
    0x0, 0x0, 0x0, 0x0, 0x0, 0xb, 0xff, 0xff,
    0xfd, 0x0, 0x1f, 0xff, 0xff, 0x0, 0x0, 0x1f,
    0xff, 0xff, 0xff, 0xfe, 0x1, 0xff, 0xff, 0xf0,
    0x0, 0xb, 0xff, 0xff, 0xff, 0xff, 0xfd, 0x1f,
    0xff, 0xff, 0x0, 0x7, 0xff, 0xff, 0xff, 0xff,
    0xff, 0xf5, 0xff, 0xff, 0xf0, 0x1, 0xff, 0xff,
    0xff, 0xff, 0xff, 0xff, 0xff, 0xff, 0xff, 0x0,
    0x7f, 0xff, 0xff, 0xff, 0xff, 0xff, 0xff, 0xff,
    0xff, 0xf0, 0x1f, 0xff, 0xff, 0xff, 0xff, 0xff,
    0xff, 0xff, 0xff, 0xff, 0x3, 0xff, 0xff, 0xff,
    0xff, 0xff, 0xff, 0xff, 0xff, 0xff, 0xf0, 0xbf,
    0xff, 0xff, 0xff, 0xa5, 0x6f, 0xff, 0xff, 0xff,
    0xff, 0xf, 0xff, 0xff, 0xff, 0x40, 0x0, 0xb,
    0xff, 0xff, 0xff, 0xf2, 0xff, 0xff, 0xff, 0x80,
    0x0, 0x0, 0xf, 0xff, 0xff, 0xff, 0x3f, 0xff,
    0xff, 0xd0, 0x0, 0x0, 0x0, 0x3f, 0xff, 0xff,
    0xf3, 0xff, 0xff, 0xf8, 0x0, 0x0, 0x0, 0x0,
    0xff, 0xff, 0xff, 0x7f, 0xff, 0xff, 0x0, 0x0,
    0x0, 0x0, 0xb, 0xff, 0xff, 0xfb, 0xff, 0xff,
    0xe0, 0x0, 0x0, 0x0, 0x0, 0x7f, 0xff, 0xff,
    0xbf, 0xff, 0xfd, 0x0, 0x0, 0x0, 0x0, 0x3,
    0xff, 0xff, 0xfb, 0xff, 0xff, 0xd0, 0x0, 0x0,
    0x0, 0x0, 0x3f, 0xff, 0xff, 0xff, 0xff, 0xfd,
    0x0, 0x0, 0x0, 0x0, 0x3, 0xff, 0xff, 0xfb,
    0xff, 0xff, 0xd0, 0x0, 0x0, 0x0, 0x0, 0x3f,
    0xff, 0xff, 0xbf, 0xff, 0xfe, 0x0, 0x0, 0x0,
    0x0, 0x3, 0xff, 0xff, 0xf7, 0xff, 0xff, 0xf0,
    0x0, 0x0, 0x0, 0x0, 0xbf, 0xff, 0xff, 0x7f,
    0xff, 0xff, 0x40, 0x0, 0x0, 0x0, 0xf, 0xff,
    0xff, 0xf3, 0xff, 0xff, 0xfc, 0x0, 0x0, 0x0,
    0x2, 0xff, 0xff, 0xff, 0x2f, 0xff, 0xff, 0xf0,
    0x0, 0x0, 0x0, 0xbf, 0xff, 0xff, 0xf1, 0xff,
    0xff, 0xff, 0xd0, 0x0, 0x0, 0x3f, 0xff, 0xff,
    0xff, 0xf, 0xff, 0xff, 0xff, 0xe4, 0x0, 0x6f,
    0xff, 0xff, 0xff, 0xf0, 0x3f, 0xff, 0xff, 0xff,
    0xff, 0xff, 0xff, 0xff, 0xff, 0xff, 0x2, 0xff,
    0xff, 0xff, 0xff, 0xff, 0xff, 0xff, 0xff, 0xff,
    0xf0, 0xb, 0xff, 0xff, 0xff, 0xff, 0xff, 0xff,
    0xff, 0xff, 0xff, 0x0, 0x2f, 0xff, 0xff, 0xff,
    0xff, 0xff, 0xff, 0xff, 0xff, 0xf0, 0x0, 0xbf,
    0xff, 0xff, 0xff, 0xff, 0xff, 0xff, 0xff, 0xff,
    0x0, 0x1, 0xff, 0xff, 0xff, 0xff, 0xff, 0xe3,
    0xff, 0xff, 0xf0, 0x0, 0x2, 0xff, 0xff, 0xff,
    0xff, 0xf4, 0x3f, 0xff, 0xff, 0x0, 0x0, 0x2,
    0xff, 0xff, 0xff, 0xf4, 0x3, 0xff, 0xff, 0xf0,
    0x0, 0x0, 0x0, 0x6f, 0xff, 0x90, 0x0, 0x7f,
    0xff, 0xfe, 0x0, 0x0, 0x0, 0x0, 0x0, 0x0,
    0x0, 0xb, 0xff, 0xff, 0xe0, 0x0, 0x0, 0x0,
    0x0, 0x0, 0x0, 0x0, 0xff, 0xff, 0xfd, 0x0,
    0x0, 0x0, 0x0, 0x0, 0x0, 0x0, 0x1f, 0xff,
    0xff, 0xc0, 0x0, 0xe0, 0x0, 0x0, 0x0, 0x0,
    0x3, 0xff, 0xff, 0xfc, 0x0, 0x1f, 0xe0, 0x0,
    0x0, 0x0, 0x0, 0xff, 0xff, 0xff, 0x80, 0x3,
    0xff, 0xe4, 0x0, 0x0, 0x0, 0x7f, 0xff, 0xff,
    0xf0, 0x0, 0xbf, 0xff, 0xfe, 0x50, 0x16, 0xbf,
    0xff, 0xff, 0xfe, 0x0, 0xf, 0xff, 0xff, 0xff,
    0xff, 0xff, 0xff, 0xff, 0xff, 0xc0, 0x2, 0xff,
    0xff, 0xff, 0xff, 0xff, 0xff, 0xff, 0xff, 0xf4,
    0x0, 0x7f, 0xff, 0xff, 0xff, 0xff, 0xff, 0xff,
    0xff, 0xfe, 0x0, 0x7, 0xff, 0xff, 0xff, 0xff,
    0xff, 0xff, 0xff, 0xff, 0x80, 0x0, 0xf, 0xff,
    0xff, 0xff, 0xff, 0xff, 0xff, 0xff, 0xd0, 0x0,
    0x0, 0x1f, 0xff, 0xff, 0xff, 0xff, 0xff, 0xff,
    0xe0, 0x0, 0x0, 0x0, 0xb, 0xff, 0xff, 0xff,
    0xff, 0xff, 0xe0, 0x0, 0x0, 0x0, 0x0, 0x1,
    0xbf, 0xff, 0xff, 0xff, 0x90, 0x0, 0x0, 0x0,
    0x0, 0x0, 0x0, 0x5, 0x55, 0x54, 0x0, 0x0,
    0x0, 0x0,

    /* U+0068 "h" */
    0xaa, 0xaa, 0xa8, 0x0, 0x0, 0x0, 0x0, 0x0,
    0x0, 0x3, 0xff, 0xff, 0xf0, 0x0, 0x0, 0x0,
    0x0, 0x0, 0x0, 0xf, 0xff, 0xff, 0xc0, 0x0,
    0x0, 0x0, 0x0, 0x0, 0x0, 0x3f, 0xff, 0xff,
    0x0, 0x0, 0x0, 0x0, 0x0, 0x0, 0x0, 0xff,
    0xff, 0xfc, 0x0, 0x0, 0x0, 0x0, 0x0, 0x0,
    0x3, 0xff, 0xff, 0xf0, 0x0, 0x0, 0x0, 0x0,
    0x0, 0x0, 0xf, 0xff, 0xff, 0xc0, 0x0, 0x0,
    0x0, 0x0, 0x0, 0x0, 0x3f, 0xff, 0xff, 0x0,
    0x0, 0x0, 0x0, 0x0, 0x0, 0x0, 0xff, 0xff,
    0xfc, 0x0, 0x0, 0x0, 0x0, 0x0, 0x0, 0x3,
    0xff, 0xff, 0xf0, 0x0, 0x0, 0x0, 0x0, 0x0,
    0x0, 0xf, 0xff, 0xff, 0xc0, 0x0, 0x0, 0x0,
    0x0, 0x0, 0x0, 0x3f, 0xff, 0xff, 0x0, 0x0,
    0x0, 0x0, 0x0, 0x0, 0x0, 0xff, 0xff, 0xfc,
    0x0, 0x0, 0x0, 0x0, 0x0, 0x0, 0x3, 0xff,
    0xff, 0xf0, 0x0, 0x0, 0x0, 0x0, 0x0, 0x0,
    0xf, 0xff, 0xff, 0xc0, 0x0, 0x5, 0x55, 0x0,
    0x0, 0x0, 0x3f, 0xff, 0xff, 0x0, 0x1f, 0xff,
    0xff, 0xe4, 0x0, 0x0, 0xff, 0xff, 0xfc, 0xb,
    0xff, 0xff, 0xff, 0xfd, 0x0, 0x3, 0xff, 0xff,
    0xf1, 0xff, 0xff, 0xff, 0xff, 0xff, 0x0, 0xf,
    0xff, 0xff, 0xef, 0xff, 0xff, 0xff, 0xff, 0xff,
    0x0, 0x3f, 0xff, 0xff, 0xff, 0xff, 0xff, 0xff,
    0xff, 0xff, 0x0, 0xff, 0xff, 0xff, 0xff, 0xff,
    0xff, 0xff, 0xff, 0xff, 0x3, 0xff, 0xff, 0xff,
    0xff, 0xff, 0xff, 0xff, 0xff, 0xfd, 0xf, 0xff,
    0xff, 0xff, 0xff, 0xff, 0xff, 0xff, 0xff, 0xfc,
    0x3f, 0xff, 0xff, 0xff, 0xff, 0xff, 0xff, 0xff,
    0xff, 0xf4, 0xff, 0xff, 0xff, 0xff, 0x40, 0x2,
    0xff, 0xff, 0xff, 0xe3, 0xff, 0xff, 0xff, 0xd0,
    0x0, 0x0, 0xff, 0xff, 0xff, 0xcf, 0xff, 0xff,
    0xfd, 0x0, 0x0, 0x0, 0xff, 0xff, 0xff, 0x3f,
    0xff, 0xff, 0xe0, 0x0, 0x0, 0x1, 0xff, 0xff,
    0xfd, 0xff, 0xff, 0xff, 0x0, 0x0, 0x0, 0x3,
    0xff, 0xff, 0xf7, 0xff, 0xff, 0xf8, 0x0, 0x0,
    0x0, 0xb, 0xff, 0xff, 0xef, 0xff, 0xff, 0xd0,
    0x0, 0x0, 0x0, 0x2f, 0xff, 0xff, 0xbf, 0xff,
    0xff, 0x0, 0x0, 0x0, 0x0, 0x7f, 0xff, 0xfe,
    0xff, 0xff, 0xfc, 0x0, 0x0, 0x0, 0x1, 0xff,
    0xff, 0xfb, 0xff, 0xff, 0xf0, 0x0, 0x0, 0x0,
    0x7, 0xff, 0xff, 0xef, 0xff, 0xff, 0xc0, 0x0,
    0x0, 0x0, 0x1f, 0xff, 0xff, 0xbf, 0xff, 0xff,
    0x0, 0x0, 0x0, 0x0, 0x7f, 0xff, 0xfe, 0xff,
    0xff, 0xfc, 0x0, 0x0, 0x0, 0x1, 0xff, 0xff,
    0xfb, 0xff, 0xff, 0xf0, 0x0, 0x0, 0x0, 0x7,
    0xff, 0xff, 0xef, 0xff, 0xff, 0xc0, 0x0, 0x0,
    0x0, 0x1f, 0xff, 0xff, 0xbf, 0xff, 0xff, 0x0,
    0x0, 0x0, 0x0, 0x7f, 0xff, 0xfe, 0xff, 0xff,
    0xfc, 0x0, 0x0, 0x0, 0x1, 0xff, 0xff, 0xfb,
    0xff, 0xff, 0xf0, 0x0, 0x0, 0x0, 0x7, 0xff,
    0xff, 0xef, 0xff, 0xff, 0xc0, 0x0, 0x0, 0x0,
    0x1f, 0xff, 0xff, 0xbf, 0xff, 0xff, 0x0, 0x0,
    0x0, 0x0, 0x7f, 0xff, 0xfe, 0xff, 0xff, 0xfc,
    0x0, 0x0, 0x0, 0x1, 0xff, 0xff, 0xfb, 0xff,
    0xff, 0xf0, 0x0, 0x0, 0x0, 0x7, 0xff, 0xff,
    0xef, 0xff, 0xff, 0xc0, 0x0, 0x0, 0x0, 0x1f,
    0xff, 0xff, 0xbf, 0xff, 0xff, 0x0, 0x0, 0x0,
    0x0, 0x7f, 0xff, 0xfe, 0xff, 0xff, 0xfc, 0x0,
    0x0, 0x0, 0x1, 0xff, 0xff, 0xfb, 0xff, 0xff,
    0xf0, 0x0, 0x0, 0x0, 0x7, 0xff, 0xff, 0xef,
    0xff, 0xff, 0xc0, 0x0, 0x0, 0x0, 0x1f, 0xff,
    0xff, 0xbf, 0xff, 0xff, 0x0, 0x0, 0x0, 0x0,
    0x7f, 0xff, 0xfe,

    /* U+0069 "i" */
    0x0, 0x7f, 0xf4, 0x0, 0xf, 0xff, 0xfd, 0x0,
    0xff, 0xff, 0xfc, 0xb, 0xff, 0xff, 0xfc, 0x3f,
    0xff, 0xff, 0xf1, 0xff, 0xff, 0xff, 0xd7, 0xff,
    0xff, 0xff, 0x4f, 0xff, 0xff, 0xfc, 0x3f, 0xff,
    0xff, 0xe0, 0x3f, 0xff, 0xff, 0x0, 0x7f, 0xff,
    0xf4, 0x0, 0x2f, 0xfe, 0x0, 0x0, 0x0, 0x0,
    0x0, 0x0, 0x0, 0x0, 0x0, 0x0, 0x0, 0x0,
    0x0, 0x0, 0x0, 0x0, 0x0, 0x0, 0x0, 0x0,
    0x0, 0x0, 0x0, 0x0, 0xff, 0xff, 0xfc, 0x3,
    0xff, 0xff, 0xf0, 0xf, 0xff, 0xff, 0xc0, 0x3f,
    0xff, 0xff, 0x0, 0xff, 0xff, 0xfc, 0x3, 0xff,
    0xff, 0xf0, 0xf, 0xff, 0xff, 0xc0, 0x3f, 0xff,
    0xff, 0x0, 0xff, 0xff, 0xfc, 0x3, 0xff, 0xff,
    0xf0, 0xf, 0xff, 0xff, 0xc0, 0x3f, 0xff, 0xff,
    0x0, 0xff, 0xff, 0xfc, 0x3, 0xff, 0xff, 0xf0,
    0xf, 0xff, 0xff, 0xc0, 0x3f, 0xff, 0xff, 0x0,
    0xff, 0xff, 0xfc, 0x3, 0xff, 0xff, 0xf0, 0xf,
    0xff, 0xff, 0xc0, 0x3f, 0xff, 0xff, 0x0, 0xff,
    0xff, 0xfc, 0x3, 0xff, 0xff, 0xf0, 0xf, 0xff,
    0xff, 0xc0, 0x3f, 0xff, 0xff, 0x0, 0xff, 0xff,
    0xfc, 0x3, 0xff, 0xff, 0xf0, 0xf, 0xff, 0xff,
    0xc0, 0x3f, 0xff, 0xff, 0x0, 0xff, 0xff, 0xfc,
    0x3, 0xff, 0xff, 0xf0, 0xf, 0xff, 0xff, 0xc0,
    0x3f, 0xff, 0xff, 0x0, 0xff, 0xff, 0xfc, 0x3,
    0xff, 0xff, 0xf0, 0xf, 0xff, 0xff, 0xc0, 0x3f,
    0xff, 0xff, 0x0, 0xff, 0xff, 0xfc, 0x0,

    /* U+006A "j" */
    0x0, 0x0, 0x0, 0x0, 0x0, 0x0, 0x0, 0x0,
    0x0, 0x1, 0xbf, 0xf4, 0x0, 0x0, 0x0, 0x2,
    0xff, 0xff, 0x80, 0x0, 0x0, 0x2, 0xff, 0xff,
    0xfc, 0x0, 0x0, 0x1, 0xff, 0xff, 0xff, 0x40,
    0x0, 0x0, 0xbf, 0xff, 0xff, 0xe0, 0x0, 0x0,
    0x3f, 0xff, 0xff, 0xfc, 0x0, 0x0, 0xf, 0xff,
    0xff, 0xfe, 0x0, 0x0, 0x2, 0xff, 0xff, 0xff,
    0x80, 0x0, 0x0, 0x3f, 0xff, 0xff, 0xc0, 0x0,
    0x0, 0xb, 0xff, 0xff, 0xe0, 0x0, 0x0, 0x0,
    0xbf, 0xff, 0xe0, 0x0, 0x0, 0x0, 0x2, 0xff,
    0x80, 0x0, 0x0, 0x0, 0x0, 0x0, 0x0, 0x0,
    0x0, 0x0, 0x0, 0x0, 0x0, 0x0, 0x0, 0x0,
    0x0, 0x0, 0x0, 0x0, 0x0, 0x0, 0x0, 0x0,
    0x0, 0x0, 0x0, 0x0, 0x0, 0x0, 0x0, 0x0,
    0x0, 0x0, 0x0, 0x0, 0x0, 0x0, 0x0, 0x0,
    0x0, 0x1, 0xff, 0xff, 0xf4, 0x0, 0x0, 0x0,
    0x7f, 0xff, 0xfd, 0x0, 0x0, 0x0, 0x1f, 0xff,
    0xff, 0x40, 0x0, 0x0, 0x7, 0xff, 0xff, 0xd0,
    0x0, 0x0, 0x1, 0xff, 0xff, 0xf4, 0x0, 0x0,
    0x0, 0x7f, 0xff, 0xfd, 0x0, 0x0, 0x0, 0x1f,
    0xff, 0xff, 0x40, 0x0, 0x0, 0x7, 0xff, 0xff,
    0xd0, 0x0, 0x0, 0x1, 0xff, 0xff, 0xf4, 0x0,
    0x0, 0x0, 0x7f, 0xff, 0xfd, 0x0, 0x0, 0x0,
    0x1f, 0xff, 0xff, 0x40, 0x0, 0x0, 0x7, 0xff,
    0xff, 0xd0, 0x0, 0x0, 0x1, 0xff, 0xff, 0xf4,
    0x0, 0x0, 0x0, 0x7f, 0xff, 0xfd, 0x0, 0x0,
    0x0, 0x1f, 0xff, 0xff, 0x40, 0x0, 0x0, 0x7,
    0xff, 0xff, 0xd0, 0x0, 0x0, 0x1, 0xff, 0xff,
    0xf4, 0x0, 0x0, 0x0, 0x7f, 0xff, 0xfd, 0x0,
    0x0, 0x0, 0x1f, 0xff, 0xff, 0x40, 0x0, 0x0,
    0x7, 0xff, 0xff, 0xd0, 0x0, 0x0, 0x1, 0xff,
    0xff, 0xf4, 0x0, 0x0, 0x0, 0x7f, 0xff, 0xfd,
    0x0, 0x0, 0x0, 0x1f, 0xff, 0xff, 0x40, 0x0,
    0x0, 0x7, 0xff, 0xff, 0xd0, 0x0, 0x0, 0x1,
    0xff, 0xff, 0xf4, 0x0, 0x0, 0x0, 0x7f, 0xff,
    0xfd, 0x0, 0x0, 0x0, 0x1f, 0xff, 0xff, 0x40,
    0x0, 0x0, 0x7, 0xff, 0xff, 0xd0, 0x0, 0x0,
    0x1, 0xff, 0xff, 0xf4, 0x0, 0x0, 0x0, 0x7f,
    0xff, 0xfd, 0x0, 0x0, 0x0, 0x1f, 0xff, 0xff,
    0x40, 0x0, 0x0, 0x7, 0xff, 0xff, 0xd0, 0x0,
    0x0, 0x1, 0xff, 0xff, 0xf4, 0x0, 0x0, 0x0,
    0x7f, 0xff, 0xfd, 0x0, 0x0, 0x0, 0x1f, 0xff,
    0xff, 0x40, 0x0, 0x0, 0x7, 0xff, 0xff, 0xd0,
    0x0, 0x0, 0x1, 0xff, 0xff, 0xf4, 0x0, 0x0,
    0x0, 0xbf, 0xff, 0xfd, 0x0, 0x0, 0x0, 0x2f,
    0xff, 0xff, 0x40, 0x0, 0x0, 0xf, 0xff, 0xff,
    0xc0, 0x0, 0x0, 0xb, 0xff, 0xff, 0xf0, 0x3,
    0xd4, 0x1f, 0xff, 0xff, 0xfc, 0x1, 0xff, 0xff,
    0xff, 0xff, 0xfd, 0x0, 0xbf, 0xff, 0xff, 0xff,
    0xff, 0x0, 0x3f, 0xff, 0xff, 0xff, 0xff, 0x40,
    0x1f, 0xff, 0xff, 0xff, 0xff, 0xc0, 0xf, 0xff,
    0xff, 0xff, 0xff, 0xc0, 0x3, 0xff, 0xff, 0xff,
    0xff, 0xc0, 0x1, 0xff, 0xff, 0xff, 0xff, 0x40,
    0x0, 0x6, 0xff, 0xff, 0xfd, 0x0, 0x0, 0x0,
    0x1, 0x55, 0x40, 0x0, 0x0, 0x0,

    /* U+006B "k" */
    0xaa, 0xaa, 0xa8, 0x0, 0x0, 0x0, 0x0, 0x0,
    0x0, 0x0, 0xf, 0xff, 0xff, 0xc0, 0x0, 0x0,
    0x0, 0x0, 0x0, 0x0, 0x0, 0xff, 0xff, 0xfc,
    0x0, 0x0, 0x0, 0x0, 0x0, 0x0, 0x0, 0xf,
    0xff, 0xff, 0xc0, 0x0, 0x0, 0x0, 0x0, 0x0,
    0x0, 0x0, 0xff, 0xff, 0xfc, 0x0, 0x0, 0x0,
    0x0, 0x0, 0x0, 0x0, 0xf, 0xff, 0xff, 0xc0,
    0x0, 0x0, 0x0, 0x0, 0x0, 0x0, 0x0, 0xff,
    0xff, 0xfc, 0x0, 0x0, 0x0, 0x0, 0x0, 0x0,
    0x0, 0xf, 0xff, 0xff, 0xc0, 0x0, 0x0, 0x0,
    0x0, 0x0, 0x0, 0x0, 0xff, 0xff, 0xfc, 0x0,
    0x0, 0x0, 0x0, 0x0, 0x0, 0x0, 0xf, 0xff,
    0xff, 0xc0, 0x0, 0x0, 0x0, 0x0, 0x0, 0x0,
    0x0, 0xff, 0xff, 0xfc, 0x0, 0x0, 0x0, 0x0,
    0x0, 0x0, 0x0, 0xf, 0xff, 0xff, 0xc0, 0x0,
    0x0, 0x0, 0x0, 0x0, 0x0, 0x0, 0xff, 0xff,
    0xfc, 0x0, 0x0, 0x0, 0x0, 0x0, 0x0, 0x0,
    0xf, 0xff, 0xff, 0xc0, 0x0, 0x0, 0x0, 0x0,
    0x0, 0x0, 0x0, 0xff, 0xff, 0xfc, 0x0, 0x0,
    0x0, 0x0, 0x0, 0x0, 0x0, 0xf, 0xff, 0xff,
    0xc0, 0x0, 0x0, 0x0, 0xbf, 0xff, 0xff, 0xd0,
    0xff, 0xff, 0xfc, 0x0, 0x0, 0x0, 0x2f, 0xff,
    0xff, 0xf4, 0xf, 0xff, 0xff, 0xc0, 0x0, 0x0,
    0xb, 0xff, 0xff, 0xfd, 0x0, 0xff, 0xff, 0xfc,
    0x0, 0x0, 0x3, 0xff, 0xff, 0xff, 0x40, 0xf,
    0xff, 0xff, 0xc0, 0x0, 0x0, 0xff, 0xff, 0xff,
    0xd0, 0x0, 0xff, 0xff, 0xfc, 0x0, 0x0, 0x3f,
    0xff, 0xff, 0xf4, 0x0, 0xf, 0xff, 0xff, 0xc0,
    0x0, 0xf, 0xff, 0xff, 0xfd, 0x0, 0x0, 0xff,
    0xff, 0xfc, 0x0, 0x3, 0xff, 0xff, 0xff, 0x40,
    0x0, 0xf, 0xff, 0xff, 0xc0, 0x1, 0xff, 0xff,
    0xff, 0xd0, 0x0, 0x0, 0xff, 0xff, 0xfc, 0x0,
    0x7f, 0xff, 0xff, 0xf4, 0x0, 0x0, 0xf, 0xff,
    0xff, 0xc0, 0x1f, 0xff, 0xff, 0xfd, 0x0, 0x0,
    0x0, 0xff, 0xff, 0xfc, 0x7, 0xff, 0xff, 0xff,
    0x40, 0x0, 0x0, 0xf, 0xff, 0xff, 0xc1, 0xff,
    0xff, 0xff, 0xd0, 0x0, 0x0, 0x0, 0xff, 0xff,
    0xfc, 0xbf, 0xff, 0xff, 0xf4, 0x0, 0x0, 0x0,
    0xf, 0xff, 0xff, 0xef, 0xff, 0xff, 0xfd, 0x0,
    0x0, 0x0, 0x0, 0xff, 0xff, 0xff, 0xff, 0xff,
    0xff, 0x80, 0x0, 0x0, 0x0, 0xf, 0xff, 0xff,
    0xff, 0xff, 0xff, 0xfc, 0x0, 0x0, 0x0, 0x0,
    0xff, 0xff, 0xff, 0xff, 0xff, 0xff, 0xe0, 0x0,
    0x0, 0x0, 0xf, 0xff, 0xff, 0xff, 0xff, 0xff,
    0xff, 0x80, 0x0, 0x0, 0x0, 0xff, 0xff, 0xff,
    0xff, 0xff, 0xff, 0xfd, 0x0, 0x0, 0x0, 0xf,
    0xff, 0xff, 0xff, 0xff, 0xff, 0xff, 0xf0, 0x0,
    0x0, 0x0, 0xff, 0xff, 0xff, 0xff, 0xff, 0xff,
    0xff, 0xc0, 0x0, 0x0, 0xf, 0xff, 0xff, 0xff,
    0xff, 0xff, 0xff, 0xfe, 0x0, 0x0, 0x0, 0xff,
    0xff, 0xff, 0xfd, 0x3f, 0xff, 0xff, 0xf8, 0x0,
    0x0, 0xf, 0xff, 0xff, 0xff, 0x0, 0xff, 0xff,
    0xff, 0xd0, 0x0, 0x0, 0xff, 0xff, 0xff, 0xc0,
    0x7, 0xff, 0xff, 0xff, 0x0, 0x0, 0xf, 0xff,
    0xff, 0xf0, 0x0, 0x1f, 0xff, 0xff, 0xfc, 0x0,
    0x0, 0xff, 0xff, 0xfc, 0x0, 0x0, 0xbf, 0xff,
    0xff, 0xe0, 0x0, 0xf, 0xff, 0xff, 0xc0, 0x0,
    0x3, 0xff, 0xff, 0xff, 0x80, 0x0, 0xff, 0xff,
    0xfc, 0x0, 0x0, 0xf, 0xff, 0xff, 0xfd, 0x0,
    0xf, 0xff, 0xff, 0xc0, 0x0, 0x0, 0x3f, 0xff,
    0xff, 0xf0, 0x0, 0xff, 0xff, 0xfc, 0x0, 0x0,
    0x1, 0xff, 0xff, 0xff, 0xc0, 0xf, 0xff, 0xff,
    0xc0, 0x0, 0x0, 0xb, 0xff, 0xff, 0xfe, 0x0,
    0xff, 0xff, 0xfc, 0x0, 0x0, 0x0, 0x2f, 0xff,
    0xff, 0xf8, 0xf, 0xff, 0xff, 0xc0, 0x0, 0x0,
    0x0, 0xff, 0xff, 0xff, 0xd0, 0xff, 0xff, 0xfc,
    0x0, 0x0, 0x0, 0x3, 0xff, 0xff, 0xff, 0xf,
    0xff, 0xff, 0xc0, 0x0, 0x0, 0x0, 0x1f, 0xff,
    0xff, 0xfc,

    /* U+006C "l" */
    0xaa, 0xaa, 0xab, 0xff, 0xff, 0xff, 0xff, 0xff,
    0xff, 0xff, 0xff, 0xff, 0xff, 0xff, 0xff, 0xff,
    0xff, 0xff, 0xff, 0xff, 0xff, 0xff, 0xff, 0xff,
    0xff, 0xff, 0xff, 0xff, 0xff, 0xff, 0xff, 0xff,
    0xff, 0xff, 0xff, 0xff, 0xff, 0xff, 0xff, 0xff,
    0xff, 0xff, 0xff, 0xff, 0xff, 0xff, 0xff, 0xff,
    0xff, 0xff, 0xff, 0xff, 0xff, 0xff, 0xff, 0xff,
    0xff, 0xff, 0xff, 0xff, 0xff, 0xff, 0xff, 0xff,
    0xff, 0xff, 0xff, 0xff, 0xff, 0xff, 0xff, 0xff,
    0xff, 0xff, 0xff, 0xff, 0xff, 0xff, 0xff, 0xff,
    0xff, 0xff, 0xff, 0xff, 0xff, 0xff, 0xff, 0xff,
    0xff, 0xff, 0xff, 0xff, 0xff, 0xff, 0xff, 0xff,
    0xff, 0xff, 0xff, 0xff, 0xff, 0xff, 0xff, 0xff,
    0xff, 0xff, 0xff, 0xff, 0xff, 0xff, 0xff, 0xff,
    0xff, 0xff, 0xff, 0xff, 0xff, 0xff, 0xff, 0xff,
    0xff, 0xff, 0xff, 0xff, 0xff, 0xff, 0xff, 0xff,
    0xff, 0xff, 0xff, 0xff, 0xff, 0xff, 0xff, 0xff,
    0xff, 0xff, 0xff, 0xff, 0xff, 0xff, 0xff,

    /* U+006D "m" */
    0x0, 0x0, 0x0, 0x0, 0x1, 0x55, 0x40, 0x0,
    0x0, 0x0, 0x0, 0x15, 0x54, 0x0, 0x0, 0x0,
    0xff, 0xff, 0xf4, 0x0, 0xbf, 0xff, 0xfe, 0x40,
    0x0, 0x0, 0x1b, 0xff, 0xff, 0xf4, 0x0, 0x0,
    0xff, 0xff, 0xf4, 0xb, 0xff, 0xff, 0xff, 0xf4,
    0x0, 0x1, 0xff, 0xff, 0xff, 0xff, 0x80, 0x0,
    0xff, 0xff, 0xf4, 0x7f, 0xff, 0xff, 0xff, 0xff,
    0x0, 0xf, 0xff, 0xff, 0xff, 0xff, 0xf4, 0x0,
    0xff, 0xff, 0xf6, 0xff, 0xff, 0xff, 0xff, 0xff,
    0xc0, 0x7f, 0xff, 0xff, 0xff, 0xff, 0xfd, 0x0,
    0xff, 0xff, 0xff, 0xff, 0xff, 0xff, 0xff, 0xff,
    0xf1, 0xff, 0xff, 0xff, 0xff, 0xff, 0xff, 0x40,
    0xff, 0xff, 0xff, 0xff, 0xff, 0xff, 0xff, 0xff,
    0xff, 0xff, 0xff, 0xff, 0xff, 0xff, 0xff, 0xc0,
    0xff, 0xff, 0xff, 0xff, 0xff, 0xff, 0xff, 0xff,
    0xff, 0xff, 0xff, 0xff, 0xff, 0xff, 0xff, 0xe0,
    0xff, 0xff, 0xff, 0xff, 0xff, 0xff, 0xff, 0xff,
    0xff, 0xff, 0xff, 0xff, 0xff, 0xff, 0xff, 0xf0,
    0xff, 0xff, 0xff, 0xff, 0xff, 0xff, 0xff, 0xff,
    0xff, 0xff, 0xff, 0xff, 0xff, 0xff, 0xff, 0xf8,
    0xff, 0xff, 0xff, 0xfe, 0x40, 0xb, 0xff, 0xff,
    0xff, 0xff, 0xf4, 0x0, 0x7f, 0xff, 0xff, 0xfc,
    0xff, 0xff, 0xff, 0xf4, 0x0, 0x0, 0xff, 0xff,
    0xff, 0xff, 0x40, 0x0, 0xb, 0xff, 0xff, 0xfc,
    0xff, 0xff, 0xff, 0xc0, 0x0, 0x0, 0x3f, 0xff,
    0xff, 0xfd, 0x0, 0x0, 0x3, 0xff, 0xff, 0xfd,
    0xff, 0xff, 0xff, 0x40, 0x0, 0x0, 0x2f, 0xff,
    0xff, 0xf8, 0x0, 0x0, 0x0, 0xff, 0xff, 0xfd,
    0xff, 0xff, 0xff, 0x0, 0x0, 0x0, 0xf, 0xff,
    0xff, 0xf0, 0x0, 0x0, 0x0, 0xff, 0xff, 0xfe,
    0xff, 0xff, 0xfd, 0x0, 0x0, 0x0, 0xf, 0xff,
    0xff, 0xf0, 0x0, 0x0, 0x0, 0xbf, 0xff, 0xfe,
    0xff, 0xff, 0xfc, 0x0, 0x0, 0x0, 0xf, 0xff,
    0xff, 0xe0, 0x0, 0x0, 0x0, 0x7f, 0xff, 0xfe,
    0xff, 0xff, 0xfc, 0x0, 0x0, 0x0, 0xb, 0xff,
    0xff, 0xd0, 0x0, 0x0, 0x0, 0x7f, 0xff, 0xfe,
    0xff, 0xff, 0xfc, 0x0, 0x0, 0x0, 0xb, 0xff,
    0xff, 0xd0, 0x0, 0x0, 0x0, 0x7f, 0xff, 0xfe,
    0xff, 0xff, 0xfc, 0x0, 0x0, 0x0, 0xb, 0xff,
    0xff, 0xd0, 0x0, 0x0, 0x0, 0x7f, 0xff, 0xfe,
    0xff, 0xff, 0xfc, 0x0, 0x0, 0x0, 0xb, 0xff,
    0xff, 0xd0, 0x0, 0x0, 0x0, 0x7f, 0xff, 0xfe,
    0xff, 0xff, 0xfc, 0x0, 0x0, 0x0, 0xb, 0xff,
    0xff, 0xd0, 0x0, 0x0, 0x0, 0x7f, 0xff, 0xfe,
    0xff, 0xff, 0xfc, 0x0, 0x0, 0x0, 0xb, 0xff,
    0xff, 0xd0, 0x0, 0x0, 0x0, 0x7f, 0xff, 0xfe,
    0xff, 0xff, 0xfc, 0x0, 0x0, 0x0, 0xb, 0xff,
    0xff, 0xd0, 0x0, 0x0, 0x0, 0x7f, 0xff, 0xfe,
    0xff, 0xff, 0xfc, 0x0, 0x0, 0x0, 0xb, 0xff,
    0xff, 0xd0, 0x0, 0x0, 0x0, 0x7f, 0xff, 0xfe,
    0xff, 0xff, 0xfc, 0x0, 0x0, 0x0, 0xb, 0xff,
    0xff, 0xd0, 0x0, 0x0, 0x0, 0x7f, 0xff, 0xfe,
    0xff, 0xff, 0xfc, 0x0, 0x0, 0x0, 0xb, 0xff,
    0xff, 0xd0, 0x0, 0x0, 0x0, 0x7f, 0xff, 0xfe,
    0xff, 0xff, 0xfc, 0x0, 0x0, 0x0, 0xb, 0xff,
    0xff, 0xd0, 0x0, 0x0, 0x0, 0x7f, 0xff, 0xfe,
    0xff, 0xff, 0xfc, 0x0, 0x0, 0x0, 0xb, 0xff,
    0xff, 0xd0, 0x0, 0x0, 0x0, 0x7f, 0xff, 0xfe,
    0xff, 0xff, 0xfc, 0x0, 0x0, 0x0, 0xb, 0xff,
    0xff, 0xd0, 0x0, 0x0, 0x0, 0x7f, 0xff, 0xfe,
    0xff, 0xff, 0xfc, 0x0, 0x0, 0x0, 0xb, 0xff,
    0xff, 0xd0, 0x0, 0x0, 0x0, 0x7f, 0xff, 0xfe,
    0xff, 0xff, 0xfc, 0x0, 0x0, 0x0, 0xb, 0xff,
    0xff, 0xd0, 0x0, 0x0, 0x0, 0x7f, 0xff, 0xfe,
    0xff, 0xff, 0xfc, 0x0, 0x0, 0x0, 0xb, 0xff,
    0xff, 0xd0, 0x0, 0x0, 0x0, 0x7f, 0xff, 0xfe,
    0xff, 0xff, 0xfc, 0x0, 0x0, 0x0, 0xb, 0xff,
    0xff, 0xd0, 0x0, 0x0, 0x0, 0x7f, 0xff, 0xfe,
    0xff, 0xff, 0xfc, 0x0, 0x0, 0x0, 0xb, 0xff,
    0xff, 0xd0, 0x0, 0x0, 0x0, 0x7f, 0xff, 0xfe,
    0xff, 0xff, 0xfc, 0x0, 0x0, 0x0, 0xb, 0xff,
    0xff, 0xd0, 0x0, 0x0, 0x0, 0x7f, 0xff, 0xfe,
    0xff, 0xff, 0xfc, 0x0, 0x0, 0x0, 0xb, 0xff,
    0xff, 0xd0, 0x0, 0x0, 0x0, 0x7f, 0xff, 0xfe,
    0xff, 0xff, 0xfc, 0x0, 0x0, 0x0, 0xb, 0xff,
    0xff, 0xd0, 0x0, 0x0, 0x0, 0x7f, 0xff, 0xfe,

    /* U+006E "n" */
    0x0, 0x0, 0x0, 0x0, 0x0, 0x55, 0x50, 0x0,
    0x0, 0x3, 0xff, 0xff, 0xd0, 0x1, 0xff, 0xff,
    0xfe, 0x40, 0x0, 0xf, 0xff, 0xff, 0x40, 0xbf,
    0xff, 0xff, 0xff, 0xd0, 0x0, 0x3f, 0xff, 0xfd,
    0x1f, 0xff, 0xff, 0xff, 0xff, 0xf0, 0x0, 0xff,
    0xff, 0xf6, 0xff, 0xff, 0xff, 0xff, 0xff, 0xf0,
    0x3, 0xff, 0xff, 0xff, 0xff, 0xff, 0xff, 0xff,
    0xff, 0xf0, 0xf, 0xff, 0xff, 0xff, 0xff, 0xff,
    0xff, 0xff, 0xff, 0xf0, 0x3f, 0xff, 0xff, 0xff,
    0xff, 0xff, 0xff, 0xff, 0xff, 0xd0, 0xff, 0xff,
    0xff, 0xff, 0xff, 0xff, 0xff, 0xff, 0xff, 0xc3,
    0xff, 0xff, 0xff, 0xff, 0xff, 0xff, 0xff, 0xff,
    0xff, 0x4f, 0xff, 0xff, 0xff, 0xf4, 0x0, 0x2f,
    0xff, 0xff, 0xfe, 0x3f, 0xff, 0xff, 0xfd, 0x0,
    0x0, 0xf, 0xff, 0xff, 0xfc, 0xff, 0xff, 0xff,
    0xd0, 0x0, 0x0, 0xf, 0xff, 0xff, 0xf3, 0xff,
    0xff, 0xfe, 0x0, 0x0, 0x0, 0x1f, 0xff, 0xff,
    0xdf, 0xff, 0xff, 0xf0, 0x0, 0x0, 0x0, 0x3f,
    0xff, 0xff, 0x7f, 0xff, 0xff, 0x80, 0x0, 0x0,
    0x0, 0xbf, 0xff, 0xfe, 0xff, 0xff, 0xfd, 0x0,
    0x0, 0x0, 0x2, 0xff, 0xff, 0xfb, 0xff, 0xff,
    0xf0, 0x0, 0x0, 0x0, 0x7, 0xff, 0xff, 0xef,
    0xff, 0xff, 0xc0, 0x0, 0x0, 0x0, 0x1f, 0xff,
    0xff, 0xbf, 0xff, 0xff, 0x0, 0x0, 0x0, 0x0,
    0x7f, 0xff, 0xfe, 0xff, 0xff, 0xfc, 0x0, 0x0,
    0x0, 0x1, 0xff, 0xff, 0xfb, 0xff, 0xff, 0xf0,
    0x0, 0x0, 0x0, 0x7, 0xff, 0xff, 0xef, 0xff,
    0xff, 0xc0, 0x0, 0x0, 0x0, 0x1f, 0xff, 0xff,
    0xbf, 0xff, 0xff, 0x0, 0x0, 0x0, 0x0, 0x7f,
    0xff, 0xfe, 0xff, 0xff, 0xfc, 0x0, 0x0, 0x0,
    0x1, 0xff, 0xff, 0xfb, 0xff, 0xff, 0xf0, 0x0,
    0x0, 0x0, 0x7, 0xff, 0xff, 0xef, 0xff, 0xff,
    0xc0, 0x0, 0x0, 0x0, 0x1f, 0xff, 0xff, 0xbf,
    0xff, 0xff, 0x0, 0x0, 0x0, 0x0, 0x7f, 0xff,
    0xfe, 0xff, 0xff, 0xfc, 0x0, 0x0, 0x0, 0x1,
    0xff, 0xff, 0xfb, 0xff, 0xff, 0xf0, 0x0, 0x0,
    0x0, 0x7, 0xff, 0xff, 0xef, 0xff, 0xff, 0xc0,
    0x0, 0x0, 0x0, 0x1f, 0xff, 0xff, 0xbf, 0xff,
    0xff, 0x0, 0x0, 0x0, 0x0, 0x7f, 0xff, 0xfe,
    0xff, 0xff, 0xfc, 0x0, 0x0, 0x0, 0x1, 0xff,
    0xff, 0xfb, 0xff, 0xff, 0xf0, 0x0, 0x0, 0x0,
    0x7, 0xff, 0xff, 0xef, 0xff, 0xff, 0xc0, 0x0,
    0x0, 0x0, 0x1f, 0xff, 0xff, 0xbf, 0xff, 0xff,
    0x0, 0x0, 0x0, 0x0, 0x7f, 0xff, 0xfe, 0xff,
    0xff, 0xfc, 0x0, 0x0, 0x0, 0x1, 0xff, 0xff,
    0xfb, 0xff, 0xff, 0xf0, 0x0, 0x0, 0x0, 0x7,
    0xff, 0xff, 0xe0,

    /* U+006F "o" */
    0x0, 0x0, 0x0, 0x0, 0x15, 0x55, 0x40, 0x0,
    0x0, 0x0, 0x0, 0x0, 0x0, 0x1, 0xbf, 0xff,
    0xff, 0xe4, 0x0, 0x0, 0x0, 0x0, 0x0, 0x2,
    0xff, 0xff, 0xff, 0xff, 0xf8, 0x0, 0x0, 0x0,
    0x0, 0x2, 0xff, 0xff, 0xff, 0xff, 0xff, 0xf8,
    0x0, 0x0, 0x0, 0x1, 0xff, 0xff, 0xff, 0xff,
    0xff, 0xff, 0xf0, 0x0, 0x0, 0x0, 0xbf, 0xff,
    0xff, 0xff, 0xff, 0xff, 0xff, 0xd0, 0x0, 0x0,
    0x2f, 0xff, 0xff, 0xff, 0xff, 0xff, 0xff, 0xff,
    0x40, 0x0, 0x7, 0xff, 0xff, 0xff, 0xff, 0xff,
    0xff, 0xff, 0xfd, 0x0, 0x1, 0xff, 0xff, 0xff,
    0xff, 0xff, 0xff, 0xff, 0xff, 0xf0, 0x0, 0x3f,
    0xff, 0xff, 0xff, 0xa5, 0xaf, 0xff, 0xff, 0xff,
    0xc0, 0xb, 0xff, 0xff, 0xff, 0x40, 0x0, 0x1f,
    0xff, 0xff, 0xfd, 0x0, 0xff, 0xff, 0xff, 0x80,
    0x0, 0x0, 0x3f, 0xff, 0xff, 0xf0, 0x1f, 0xff,
    0xff, 0xe0, 0x0, 0x0, 0x0, 0xff, 0xff, 0xff,
    0x43, 0xff, 0xff, 0xfc, 0x0, 0x0, 0x0, 0x3,
    0xff, 0xff, 0xf8, 0x3f, 0xff, 0xff, 0x40, 0x0,
    0x0, 0x0, 0x2f, 0xff, 0xff, 0xc7, 0xff, 0xff,
    0xf0, 0x0, 0x0, 0x0, 0x0, 0xff, 0xff, 0xfc,
    0xbf, 0xff, 0xfe, 0x0, 0x0, 0x0, 0x0, 0xf,
    0xff, 0xff, 0xdb, 0xff, 0xff, 0xd0, 0x0, 0x0,
    0x0, 0x0, 0xbf, 0xff, 0xfe, 0xbf, 0xff, 0xfd,
    0x0, 0x0, 0x0, 0x0, 0x7, 0xff, 0xff, 0xef,
    0xff, 0xff, 0xd0, 0x0, 0x0, 0x0, 0x0, 0x7f,
    0xff, 0xfe, 0xbf, 0xff, 0xfd, 0x0, 0x0, 0x0,
    0x0, 0x7, 0xff, 0xff, 0xeb, 0xff, 0xff, 0xd0,
    0x0, 0x0, 0x0, 0x0, 0xbf, 0xff, 0xfe, 0xbf,
    0xff, 0xfe, 0x0, 0x0, 0x0, 0x0, 0xf, 0xff,
    0xff, 0xd7, 0xff, 0xff, 0xf0, 0x0, 0x0, 0x0,
    0x0, 0xff, 0xff, 0xfc, 0x3f, 0xff, 0xff, 0x40,
    0x0, 0x0, 0x0, 0x2f, 0xff, 0xff, 0xc3, 0xff,
    0xff, 0xfc, 0x0, 0x0, 0x0, 0x3, 0xff, 0xff,
    0xf8, 0x1f, 0xff, 0xff, 0xe0, 0x0, 0x0, 0x0,
    0xff, 0xff, 0xff, 0x40, 0xff, 0xff, 0xff, 0x80,
    0x0, 0x0, 0x3f, 0xff, 0xff, 0xf0, 0xb, 0xff,
    0xff, 0xff, 0x40, 0x0, 0x1f, 0xff, 0xff, 0xfd,
    0x0, 0x3f, 0xff, 0xff, 0xff, 0xa5, 0xaf, 0xff,
    0xff, 0xff, 0xc0, 0x0, 0xff, 0xff, 0xff, 0xff,
    0xff, 0xff, 0xff, 0xff, 0xf0, 0x0, 0x7, 0xff,
    0xff, 0xff, 0xff, 0xff, 0xff, 0xff, 0xfd, 0x0,
    0x0, 0x2f, 0xff, 0xff, 0xff, 0xff, 0xff, 0xff,
    0xff, 0x40, 0x0, 0x0, 0x7f, 0xff, 0xff, 0xff,
    0xff, 0xff, 0xff, 0xd0, 0x0, 0x0, 0x1, 0xff,
    0xff, 0xff, 0xff, 0xff, 0xff, 0xf0, 0x0, 0x0,
    0x0, 0x2, 0xff, 0xff, 0xff, 0xff, 0xff, 0xf8,
    0x0, 0x0, 0x0, 0x0, 0x2, 0xff, 0xff, 0xff,
    0xff, 0xf8, 0x0, 0x0, 0x0, 0x0, 0x0, 0x1,
    0xbf, 0xff, 0xff, 0xe4, 0x0, 0x0, 0x0, 0x0,
    0x0, 0x0, 0x0, 0x15, 0x55, 0x40, 0x0, 0x0,
    0x0, 0x0,

    /* U+0070 "p" */
    0x0, 0x0, 0x0, 0x0, 0x1, 0x55, 0x50, 0x0,
    0x0, 0x0, 0xf, 0xff, 0xff, 0x40, 0x1b, 0xff,
    0xff, 0xf8, 0x0, 0x0, 0x0, 0xff, 0xff, 0xf4,
    0x1f, 0xff, 0xff, 0xff, 0xfd, 0x0, 0x0, 0xf,
    0xff, 0xff, 0x4b, 0xff, 0xff, 0xff, 0xff, 0xf8,
    0x0, 0x0, 0xff, 0xff, 0xfa, 0xff, 0xff, 0xff,
    0xff, 0xff, 0xf4, 0x0, 0xf, 0xff, 0xff, 0xff,
    0xff, 0xff, 0xff, 0xff, 0xff, 0xd0, 0x0, 0xff,
    0xff, 0xff, 0xff, 0xff, 0xff, 0xff, 0xff, 0xff,
    0x40, 0xf, 0xff, 0xff, 0xff, 0xff, 0xff, 0xff,
    0xff, 0xff, 0xfc, 0x0, 0xff, 0xff, 0xff, 0xff,
    0xff, 0xff, 0xff, 0xff, 0xff, 0xf0, 0xf, 0xff,
    0xff, 0xff, 0xff, 0x95, 0xbf, 0xff, 0xff, 0xff,
    0x80, 0xff, 0xff, 0xff, 0xfe, 0x0, 0x0, 0x3f,
    0xff, 0xff, 0xfc, 0xf, 0xff, 0xff, 0xff, 0x40,
    0x0, 0x0, 0x7f, 0xff, 0xff, 0xe0, 0xff, 0xff,
    0xff, 0xc0, 0x0, 0x0, 0x1, 0xff, 0xff, 0xff,
    0xf, 0xff, 0xff, 0xf4, 0x0, 0x0, 0x0, 0xb,
    0xff, 0xff, 0xf4, 0xff, 0xff, 0xff, 0x0, 0x0,
    0x0, 0x0, 0x3f, 0xff, 0xff, 0x8f, 0xff, 0xff,
    0xd0, 0x0, 0x0, 0x0, 0x2, 0xff, 0xff, 0xf8,
    0xff, 0xff, 0xfc, 0x0, 0x0, 0x0, 0x0, 0x1f,
    0xff, 0xff, 0xcf, 0xff, 0xff, 0xc0, 0x0, 0x0,
    0x0, 0x0, 0xff, 0xff, 0xfc, 0xff, 0xff, 0xfc,
    0x0, 0x0, 0x0, 0x0, 0xf, 0xff, 0xff, 0xcf,
    0xff, 0xff, 0xc0, 0x0, 0x0, 0x0, 0x0, 0xff,
    0xff, 0xfc, 0xff, 0xff, 0xfc, 0x0, 0x0, 0x0,
    0x0, 0xf, 0xff, 0xff, 0xcf, 0xff, 0xff, 0xc0,
    0x0, 0x0, 0x0, 0x0, 0xff, 0xff, 0xfc, 0xff,
    0xff, 0xfc, 0x0, 0x0, 0x0, 0x0, 0x1f, 0xff,
    0xff, 0xcf, 0xff, 0xff, 0xd0, 0x0, 0x0, 0x0,
    0x2, 0xff, 0xff, 0xf8, 0xff, 0xff, 0xff, 0x0,
    0x0, 0x0, 0x0, 0x3f, 0xff, 0xff, 0x8f, 0xff,
    0xff, 0xf4, 0x0, 0x0, 0x0, 0xb, 0xff, 0xff,
    0xf4, 0xff, 0xff, 0xff, 0xd0, 0x0, 0x0, 0x1,
    0xff, 0xff, 0xff, 0xf, 0xff, 0xff, 0xff, 0x40,
    0x0, 0x0, 0xbf, 0xff, 0xff, 0xe0, 0xff, 0xff,
    0xff, 0xfe, 0x0, 0x0, 0x7f, 0xff, 0xff, 0xfc,
    0xf, 0xff, 0xff, 0xff, 0xff, 0x95, 0xbf, 0xff,
    0xff, 0xff, 0x80, 0xff, 0xff, 0xff, 0xff, 0xff,
    0xff, 0xff, 0xff, 0xff, 0xf0, 0xf, 0xff, 0xff,
    0xff, 0xff, 0xff, 0xff, 0xff, 0xff, 0xfd, 0x0,
    0xff, 0xff, 0xff, 0xff, 0xff, 0xff, 0xff, 0xff,
    0xff, 0x40, 0xf, 0xff, 0xff, 0xff, 0xff, 0xff,
    0xff, 0xff, 0xff, 0xd0, 0x0, 0xff, 0xff, 0xfe,
    0xff, 0xff, 0xff, 0xff, 0xff, 0xf4, 0x0, 0xf,
    0xff, 0xff, 0xc7, 0xff, 0xff, 0xff, 0xff, 0xfc,
    0x0, 0x0, 0xff, 0xff, 0xfc, 0xb, 0xff, 0xff,
    0xff, 0xfd, 0x0, 0x0, 0xf, 0xff, 0xff, 0xc0,
    0xb, 0xff, 0xff, 0xf8, 0x0, 0x0, 0x0, 0xff,
    0xff, 0xfc, 0x0, 0x1, 0x55, 0x50, 0x0, 0x0,
    0x0, 0xf, 0xff, 0xff, 0xc0, 0x0, 0x0, 0x0,
    0x0, 0x0, 0x0, 0x0, 0xff, 0xff, 0xfc, 0x0,
    0x0, 0x0, 0x0, 0x0, 0x0, 0x0, 0xf, 0xff,
    0xff, 0xc0, 0x0, 0x0, 0x0, 0x0, 0x0, 0x0,
    0x0, 0xff, 0xff, 0xfc, 0x0, 0x0, 0x0, 0x0,
    0x0, 0x0, 0x0, 0xf, 0xff, 0xff, 0xc0, 0x0,
    0x0, 0x0, 0x0, 0x0, 0x0, 0x0, 0xff, 0xff,
    0xfc, 0x0, 0x0, 0x0, 0x0, 0x0, 0x0, 0x0,
    0xf, 0xff, 0xff, 0xc0, 0x0, 0x0, 0x0, 0x0,
    0x0, 0x0, 0x0, 0xff, 0xff, 0xfc, 0x0, 0x0,
    0x0, 0x0, 0x0, 0x0, 0x0, 0xf, 0xff, 0xff,
    0xc0, 0x0, 0x0, 0x0, 0x0, 0x0, 0x0, 0x0,
    0xff, 0xff, 0xfc, 0x0, 0x0, 0x0, 0x0, 0x0,
    0x0, 0x0, 0xf, 0xff, 0xff, 0xc0, 0x0, 0x0,
    0x0, 0x0, 0x0, 0x0, 0x0, 0xff, 0xff, 0xfc,
    0x0, 0x0, 0x0, 0x0, 0x0, 0x0, 0x0, 0x0,

    /* U+0071 "q" */
    0x0, 0x0, 0x0, 0x0, 0x55, 0x50, 0x0, 0x0,
    0x0, 0x0, 0x0, 0x0, 0x0, 0x7, 0xff, 0xff,
    0xfd, 0x0, 0x3f, 0xff, 0xfd, 0x0, 0x0, 0xb,
    0xff, 0xff, 0xff, 0xfd, 0x3, 0xff, 0xff, 0xd0,
    0x0, 0xb, 0xff, 0xff, 0xff, 0xff, 0xfc, 0x3f,
    0xff, 0xfd, 0x0, 0x3, 0xff, 0xff, 0xff, 0xff,
    0xff, 0xf7, 0xff, 0xff, 0xd0, 0x0, 0xff, 0xff,
    0xff, 0xff, 0xff, 0xff, 0xff, 0xff, 0xfd, 0x0,
    0x3f, 0xff, 0xff, 0xff, 0xff, 0xff, 0xff, 0xff,
    0xff, 0xd0, 0xf, 0xff, 0xff, 0xff, 0xff, 0xff,
    0xff, 0xff, 0xff, 0xfd, 0x2, 0xff, 0xff, 0xff,
    0xff, 0xff, 0xff, 0xff, 0xff, 0xff, 0xd0, 0x7f,
    0xff, 0xff, 0xff, 0xa5, 0xaf, 0xff, 0xff, 0xff,
    0xfd, 0xf, 0xff, 0xff, 0xff, 0x40, 0x0, 0x1f,
    0xff, 0xff, 0xff, 0xd1, 0xff, 0xff, 0xff, 0x80,
    0x0, 0x0, 0x3f, 0xff, 0xff, 0xfd, 0x2f, 0xff,
    0xff, 0xe0, 0x0, 0x0, 0x0, 0xff, 0xff, 0xff,
    0xd3, 0xff, 0xff, 0xfc, 0x0, 0x0, 0x0, 0x3,
    0xff, 0xff, 0xfd, 0x3f, 0xff, 0xff, 0x40, 0x0,
    0x0, 0x0, 0x2f, 0xff, 0xff, 0xd7, 0xff, 0xff,
    0xf0, 0x0, 0x0, 0x0, 0x0, 0xff, 0xff, 0xfd,
    0xbf, 0xff, 0xfe, 0x0, 0x0, 0x0, 0x0, 0xf,
    0xff, 0xff, 0xdb, 0xff, 0xff, 0xd0, 0x0, 0x0,
    0x0, 0x0, 0xbf, 0xff, 0xfd, 0xbf, 0xff, 0xfd,
    0x0, 0x0, 0x0, 0x0, 0x7, 0xff, 0xff, 0xdf,
    0xff, 0xff, 0xd0, 0x0, 0x0, 0x0, 0x0, 0x7f,
    0xff, 0xfd, 0xbf, 0xff, 0xfd, 0x0, 0x0, 0x0,
    0x0, 0x7, 0xff, 0xff, 0xdb, 0xff, 0xff, 0xd0,
    0x0, 0x0, 0x0, 0x0, 0xbf, 0xff, 0xfd, 0xbf,
    0xff, 0xfe, 0x0, 0x0, 0x0, 0x0, 0xf, 0xff,
    0xff, 0xd7, 0xff, 0xff, 0xf0, 0x0, 0x0, 0x0,
    0x0, 0xff, 0xff, 0xfd, 0x3f, 0xff, 0xff, 0x40,
    0x0, 0x0, 0x0, 0x2f, 0xff, 0xff, 0xd3, 0xff,
    0xff, 0xfc, 0x0, 0x0, 0x0, 0x3, 0xff, 0xff,
    0xfd, 0x2f, 0xff, 0xff, 0xe0, 0x0, 0x0, 0x0,
    0xff, 0xff, 0xff, 0xd1, 0xff, 0xff, 0xff, 0x80,
    0x0, 0x0, 0x3f, 0xff, 0xff, 0xfd, 0xf, 0xff,
    0xff, 0xff, 0x40, 0x0, 0x1f, 0xff, 0xff, 0xff,
    0xd0, 0x7f, 0xff, 0xff, 0xff, 0xa5, 0xaf, 0xff,
    0xff, 0xff, 0xfd, 0x2, 0xff, 0xff, 0xff, 0xff,
    0xff, 0xff, 0xff, 0xff, 0xff, 0xd0, 0xf, 0xff,
    0xff, 0xff, 0xff, 0xff, 0xff, 0xff, 0xff, 0xfd,
    0x0, 0x3f, 0xff, 0xff, 0xff, 0xff, 0xff, 0xff,
    0xff, 0xff, 0xd0, 0x0, 0xff, 0xff, 0xff, 0xff,
    0xff, 0xff, 0xff, 0xff, 0xfd, 0x0, 0x3, 0xff,
    0xff, 0xff, 0xff, 0xff, 0xfb, 0xff, 0xff, 0xd0,
    0x0, 0xb, 0xff, 0xff, 0xff, 0xff, 0xf8, 0xbf,
    0xff, 0xfd, 0x0, 0x0, 0xb, 0xff, 0xff, 0xff,
    0xfd, 0xb, 0xff, 0xff, 0xd0, 0x0, 0x0, 0x7,
    0xff, 0xff, 0xf9, 0x0, 0xbf, 0xff, 0xfd, 0x0,
    0x0, 0x0, 0x0, 0x55, 0x50, 0x0, 0xb, 0xff,
    0xff, 0xd0, 0x0, 0x0, 0x0, 0x0, 0x0, 0x0,
    0x0, 0xbf, 0xff, 0xfd, 0x0, 0x0, 0x0, 0x0,
    0x0, 0x0, 0x0, 0xb, 0xff, 0xff, 0xd0, 0x0,
    0x0, 0x0, 0x0, 0x0, 0x0, 0x0, 0xbf, 0xff,
    0xfd, 0x0, 0x0, 0x0, 0x0, 0x0, 0x0, 0x0,
    0xb, 0xff, 0xff, 0xd0, 0x0, 0x0, 0x0, 0x0,
    0x0, 0x0, 0x0, 0xbf, 0xff, 0xfd, 0x0, 0x0,
    0x0, 0x0, 0x0, 0x0, 0x0, 0xb, 0xff, 0xff,
    0xd0, 0x0, 0x0, 0x0, 0x0, 0x0, 0x0, 0x0,
    0xbf, 0xff, 0xfd, 0x0, 0x0, 0x0, 0x0, 0x0,
    0x0, 0x0, 0xb, 0xff, 0xff, 0xd0, 0x0, 0x0,
    0x0, 0x0, 0x0, 0x0, 0x0, 0xbf, 0xff, 0xfd,
    0x0, 0x0, 0x0, 0x0, 0x0, 0x0, 0x0, 0xb,
    0xff, 0xff, 0xd0, 0x0, 0x0, 0x0, 0x0, 0x0,
    0x0, 0x0, 0xbf, 0xff, 0xfd, 0x0, 0x0, 0x0,
    0x0, 0x0, 0x0, 0x0, 0xb, 0xff, 0xff, 0xd0,

    /* U+0072 "r" */
    0x0, 0x0, 0x0, 0x0, 0x0, 0x54, 0xff, 0xff,
    0xf4, 0x0, 0x6f, 0xfd, 0xff, 0xff, 0xf4, 0xb,
    0xff, 0xfd, 0xff, 0xff, 0xf4, 0x3f, 0xff, 0xfd,
    0xff, 0xff, 0xf5, 0xff, 0xff, 0xfd, 0xff, 0xff,
    0xfb, 0xff, 0xff, 0xfd, 0xff, 0xff, 0xff, 0xff,
    0xff, 0xfd, 0xff, 0xff, 0xff, 0xff, 0xff, 0xfd,
    0xff, 0xff, 0xff, 0xff, 0xff, 0xfd, 0xff, 0xff,
    0xff, 0xff, 0xff, 0xfd, 0xff, 0xff, 0xff, 0xff,
    0xfa, 0x54, 0xff, 0xff, 0xff, 0xfe, 0x0, 0x0,
    0xff, 0xff, 0xff, 0xf4, 0x0, 0x0, 0xff, 0xff,
    0xff, 0xc0, 0x0, 0x0, 0xff, 0xff, 0xff, 0x40,
    0x0, 0x0, 0xff, 0xff, 0xff, 0x0, 0x0, 0x0,
    0xff, 0xff, 0xfe, 0x0, 0x0, 0x0, 0xff, 0xff,
    0xfd, 0x0, 0x0, 0x0, 0xff, 0xff, 0xfc, 0x0,
    0x0, 0x0, 0xff, 0xff, 0xfc, 0x0, 0x0, 0x0,
    0xff, 0xff, 0xfc, 0x0, 0x0, 0x0, 0xff, 0xff,
    0xfc, 0x0, 0x0, 0x0, 0xff, 0xff, 0xfc, 0x0,
    0x0, 0x0, 0xff, 0xff, 0xfc, 0x0, 0x0, 0x0,
    0xff, 0xff, 0xfc, 0x0, 0x0, 0x0, 0xff, 0xff,
    0xfc, 0x0, 0x0, 0x0, 0xff, 0xff, 0xfc, 0x0,
    0x0, 0x0, 0xff, 0xff, 0xfc, 0x0, 0x0, 0x0,
    0xff, 0xff, 0xfc, 0x0, 0x0, 0x0, 0xff, 0xff,
    0xfc, 0x0, 0x0, 0x0, 0xff, 0xff, 0xfc, 0x0,
    0x0, 0x0, 0xff, 0xff, 0xfc, 0x0, 0x0, 0x0,
    0xff, 0xff, 0xfc, 0x0, 0x0, 0x0, 0xff, 0xff,
    0xfc, 0x0, 0x0, 0x0, 0xff, 0xff, 0xfc, 0x0,
    0x0, 0x0, 0xff, 0xff, 0xfc, 0x0, 0x0, 0x0,
    0xff, 0xff, 0xfc, 0x0, 0x0, 0x0, 0xff, 0xff,
    0xfc, 0x0, 0x0, 0x0,

    /* U+0073 "s" */
    0x0, 0x0, 0x0, 0x1, 0x55, 0x54, 0x0, 0x0,
    0x0, 0x0, 0x0, 0x1b, 0xff, 0xff, 0xff, 0xe4,
    0x0, 0x0, 0x0, 0xb, 0xff, 0xff, 0xff, 0xff,
    0xff, 0x80, 0x0, 0x2, 0xff, 0xff, 0xff, 0xff,
    0xff, 0xff, 0xe0, 0x0, 0x3f, 0xff, 0xff, 0xff,
    0xff, 0xff, 0xff, 0xc0, 0x3, 0xff, 0xff, 0xff,
    0xff, 0xff, 0xff, 0xfd, 0x0, 0x3f, 0xff, 0xff,
    0xff, 0xff, 0xff, 0xff, 0xf0, 0x1, 0xff, 0xff,
    0xff, 0xff, 0xff, 0xff, 0xff, 0x40, 0xf, 0xff,
    0xff, 0xff, 0xfa, 0xff, 0xff, 0xfc, 0x0, 0x7f,
    0xff, 0xff, 0x80, 0x0, 0x1, 0xbf, 0xe0, 0x2,
    0xff, 0xff, 0xf4, 0x0, 0x0, 0x0, 0x1f, 0x0,
    0xb, 0xff, 0xff, 0xc0, 0x0, 0x0, 0x0, 0x0,
    0x0, 0x2f, 0xff, 0xff, 0x0, 0x0, 0x0, 0x0,
    0x0, 0x0, 0xbf, 0xff, 0xfc, 0x0, 0x0, 0x0,
    0x0, 0x0, 0x2, 0xff, 0xff, 0xfe, 0x0, 0x0,
    0x0, 0x0, 0x0, 0x7, 0xff, 0xff, 0xff, 0xe5,
    0x0, 0x0, 0x0, 0x0, 0xf, 0xff, 0xff, 0xff,
    0xff, 0xfa, 0x40, 0x0, 0x0, 0x1f, 0xff, 0xff,
    0xff, 0xff, 0xff, 0xf4, 0x0, 0x0, 0x2f, 0xff,
    0xff, 0xff, 0xff, 0xff, 0xfe, 0x0, 0x0, 0x2f,
    0xff, 0xff, 0xff, 0xff, 0xff, 0xff, 0x40, 0x0,
    0x1f, 0xff, 0xff, 0xff, 0xff, 0xff, 0xff, 0x40,
    0x0, 0x7, 0xff, 0xff, 0xff, 0xff, 0xff, 0xff,
    0x0, 0x0, 0x0, 0x6f, 0xff, 0xff, 0xff, 0xff,
    0xfe, 0x0, 0x0, 0x0, 0x0, 0x6b, 0xff, 0xff,
    0xff, 0xfc, 0x0, 0x0, 0x0, 0x0, 0x0, 0x1f,
    0xff, 0xff, 0xf4, 0x0, 0x0, 0x0, 0x0, 0x0,
    0xb, 0xff, 0xff, 0xd0, 0x0, 0x0, 0x0, 0x0,
    0x0, 0xf, 0xff, 0xff, 0x40, 0x74, 0x0, 0x0,
    0x0, 0x0, 0x3f, 0xff, 0xfd, 0x3, 0xfe, 0x0,
    0x0, 0x0, 0x1, 0xff, 0xff, 0xf4, 0x1f, 0xff,
    0xe4, 0x0, 0x0, 0x2f, 0xff, 0xff, 0xc0, 0xbf,
    0xff, 0xff, 0xfa, 0xff, 0xff, 0xff, 0xff, 0x3,
    0xff, 0xff, 0xff, 0xff, 0xff, 0xff, 0xff, 0xf4,
    0x2f, 0xff, 0xff, 0xff, 0xff, 0xff, 0xff, 0xff,
    0x80, 0xff, 0xff, 0xff, 0xff, 0xff, 0xff, 0xff,
    0xfc, 0x7, 0xff, 0xff, 0xff, 0xff, 0xff, 0xff,
    0xff, 0x80, 0x2, 0xff, 0xff, 0xff, 0xff, 0xff,
    0xff, 0xf4, 0x0, 0x0, 0x7f, 0xff, 0xff, 0xff,
    0xff, 0xfe, 0x0, 0x0, 0x0, 0x6, 0xff, 0xff,
    0xff, 0xfe, 0x40, 0x0, 0x0, 0x0, 0x0, 0x5,
    0x59, 0x54, 0x0, 0x0, 0x0, 0x0,

    /* U+0074 "t" */
    0x0, 0xb, 0xff, 0xff, 0xd0, 0x0, 0x0, 0x0,
    0x0, 0xbf, 0xff, 0xfd, 0x0, 0x0, 0x0, 0x0,
    0xb, 0xff, 0xff, 0xd0, 0x0, 0x0, 0x0, 0x0,
    0xbf, 0xff, 0xfd, 0x0, 0x0, 0x0, 0x0, 0xb,
    0xff, 0xff, 0xd0, 0x0, 0x0, 0x0, 0x0, 0xbf,
    0xff, 0xfd, 0x0, 0x0, 0x0, 0x0, 0xb, 0xff,
    0xff, 0xd0, 0x0, 0x0, 0x0, 0x0, 0xbf, 0xff,
    0xfd, 0x0, 0x0, 0x0, 0x0, 0xb, 0xff, 0xff,
    0xd0, 0x0, 0x0, 0x7, 0xff, 0xff, 0xff, 0xff,
    0xff, 0xff, 0x80, 0x7f, 0xff, 0xff, 0xff, 0xff,
    0xff, 0xf8, 0x7, 0xff, 0xff, 0xff, 0xff, 0xff,
    0xff, 0x80, 0x7f, 0xff, 0xff, 0xff, 0xff, 0xff,
    0xf8, 0x7, 0xff, 0xff, 0xff, 0xff, 0xff, 0xff,
    0x80, 0x7f, 0xff, 0xff, 0xff, 0xff, 0xff, 0xf8,
    0x7, 0xff, 0xff, 0xff, 0xff, 0xff, 0xff, 0x80,
    0x7f, 0xff, 0xff, 0xff, 0xff, 0xff, 0xf8, 0x1,
    0x55, 0xff, 0xff, 0xfe, 0x55, 0x55, 0x0, 0x0,
    0xb, 0xff, 0xff, 0xd0, 0x0, 0x0, 0x0, 0x0,
    0xbf, 0xff, 0xfd, 0x0, 0x0, 0x0, 0x0, 0xb,
    0xff, 0xff, 0xd0, 0x0, 0x0, 0x0, 0x0, 0xbf,
    0xff, 0xfd, 0x0, 0x0, 0x0, 0x0, 0xb, 0xff,
    0xff, 0xd0, 0x0, 0x0, 0x0, 0x0, 0xbf, 0xff,
    0xfd, 0x0, 0x0, 0x0, 0x0, 0xb, 0xff, 0xff,
    0xd0, 0x0, 0x0, 0x0, 0x0, 0xbf, 0xff, 0xfd,
    0x0, 0x0, 0x0, 0x0, 0xb, 0xff, 0xff, 0xd0,
    0x0, 0x0, 0x0, 0x0, 0xbf, 0xff, 0xfd, 0x0,
    0x0, 0x0, 0x0, 0xb, 0xff, 0xff, 0xd0, 0x0,
    0x0, 0x0, 0x0, 0xbf, 0xff, 0xfd, 0x0, 0x0,
    0x0, 0x0, 0xb, 0xff, 0xff, 0xd0, 0x0, 0x0,
    0x0, 0x0, 0xbf, 0xff, 0xfd, 0x0, 0x0, 0x0,
    0x0, 0xb, 0xff, 0xff, 0xd0, 0x0, 0x0, 0x0,
    0x0, 0xbf, 0xff, 0xfd, 0x0, 0x0, 0x0, 0x0,
    0xb, 0xff, 0xff, 0xd0, 0x0, 0x0, 0x0, 0x0,
    0x7f, 0xff, 0xff, 0x0, 0x0, 0x0, 0x0, 0x7,
    0xff, 0xff, 0xf8, 0x0, 0x0, 0x0, 0x0, 0x3f,
    0xff, 0xff, 0xe4, 0x1b, 0xc0, 0x0, 0x3, 0xff,
    0xff, 0xff, 0xff, 0xfc, 0x0, 0x0, 0x1f, 0xff,
    0xff, 0xff, 0xff, 0xe0, 0x0, 0x0, 0xff, 0xff,
    0xff, 0xff, 0xff, 0x0, 0x0, 0x7, 0xff, 0xff,
    0xff, 0xff, 0xf4, 0x0, 0x0, 0x2f, 0xff, 0xff,
    0xff, 0xff, 0x80, 0x0, 0x0, 0x7f, 0xff, 0xff,
    0xff, 0xfc, 0x0, 0x0, 0x0, 0xff, 0xff, 0xff,
    0xff, 0x80, 0x0, 0x0, 0x1, 0xbf, 0xff, 0xff,
    0x80, 0x0, 0x0, 0x0, 0x0, 0x15, 0x55, 0x0,
    0x0,

    /* U+0075 "u" */
    0x3f, 0xff, 0xff, 0x0, 0x0, 0x0, 0x0, 0xff,
    0xff, 0xfc, 0xff, 0xff, 0xfc, 0x0, 0x0, 0x0,
    0x3, 0xff, 0xff, 0xf3, 0xff, 0xff, 0xf0, 0x0,
    0x0, 0x0, 0xf, 0xff, 0xff, 0xcf, 0xff, 0xff,
    0xc0, 0x0, 0x0, 0x0, 0x3f, 0xff, 0xff, 0x3f,
    0xff, 0xff, 0x0, 0x0, 0x0, 0x0, 0xff, 0xff,
    0xfc, 0xff, 0xff, 0xfc, 0x0, 0x0, 0x0, 0x3,
    0xff, 0xff, 0xf3, 0xff, 0xff, 0xf0, 0x0, 0x0,
    0x0, 0xf, 0xff, 0xff, 0xcf, 0xff, 0xff, 0xc0,
    0x0, 0x0, 0x0, 0x3f, 0xff, 0xff, 0x3f, 0xff,
    0xff, 0x0, 0x0, 0x0, 0x0, 0xff, 0xff, 0xfc,
    0xff, 0xff, 0xfc, 0x0, 0x0, 0x0, 0x3, 0xff,
    0xff, 0xf3, 0xff, 0xff, 0xf0, 0x0, 0x0, 0x0,
    0xf, 0xff, 0xff, 0xcf, 0xff, 0xff, 0xc0, 0x0,
    0x0, 0x0, 0x3f, 0xff, 0xff, 0x3f, 0xff, 0xff,
    0x0, 0x0, 0x0, 0x0, 0xff, 0xff, 0xfc, 0xff,
    0xff, 0xfc, 0x0, 0x0, 0x0, 0x3, 0xff, 0xff,
    0xf3, 0xff, 0xff, 0xf0, 0x0, 0x0, 0x0, 0xf,
    0xff, 0xff, 0xcf, 0xff, 0xff, 0xc0, 0x0, 0x0,
    0x0, 0x3f, 0xff, 0xff, 0x3f, 0xff, 0xff, 0x0,
    0x0, 0x0, 0x0, 0xff, 0xff, 0xfc, 0xff, 0xff,
    0xfc, 0x0, 0x0, 0x0, 0x3, 0xff, 0xff, 0xf3,
    0xff, 0xff, 0xf0, 0x0, 0x0, 0x0, 0xf, 0xff,
    0xff, 0xcf, 0xff, 0xff, 0xc0, 0x0, 0x0, 0x0,
    0x3f, 0xff, 0xff, 0x3f, 0xff, 0xff, 0x0, 0x0,
    0x0, 0x0, 0xff, 0xff, 0xfc, 0xff, 0xff, 0xfc,
    0x0, 0x0, 0x0, 0x7, 0xff, 0xff, 0xf3, 0xff,
    0xff, 0xf0, 0x0, 0x0, 0x0, 0x2f, 0xff, 0xff,
    0xcf, 0xff, 0xff, 0xd0, 0x0, 0x0, 0x0, 0xff,
    0xff, 0xff, 0x3f, 0xff, 0xff, 0xc0, 0x0, 0x0,
    0xb, 0xff, 0xff, 0xfc, 0xff, 0xff, 0xff, 0x40,
    0x0, 0x0, 0x7f, 0xff, 0xff, 0xf2, 0xff, 0xff,
    0xff, 0x40, 0x0, 0x7, 0xff, 0xff, 0xff, 0xc7,
    0xff, 0xff, 0xff, 0x90, 0x1, 0xff, 0xff, 0xff,
    0xff, 0xf, 0xff, 0xff, 0xff, 0xff, 0xff, 0xff,
    0xff, 0xff, 0xfc, 0x2f, 0xff, 0xff, 0xff, 0xff,
    0xff, 0xff, 0xff, 0xff, 0xf0, 0x3f, 0xff, 0xff,
    0xff, 0xff, 0xff, 0xff, 0xff, 0xff, 0xc0, 0x7f,
    0xff, 0xff, 0xff, 0xff, 0xff, 0xff, 0xff, 0xff,
    0x0, 0xbf, 0xff, 0xff, 0xff, 0xff, 0xff, 0xff,
    0xff, 0xfc, 0x0, 0xbf, 0xff, 0xff, 0xff, 0xff,
    0xf9, 0xff, 0xff, 0xf0, 0x0, 0x7f, 0xff, 0xff,
    0xff, 0xff, 0x87, 0xff, 0xff, 0xc0, 0x0, 0x2f,
    0xff, 0xff, 0xff, 0xf0, 0x1f, 0xff, 0xff, 0x0,
    0x0, 0xb, 0xff, 0xff, 0xf8, 0x0, 0x7f, 0xff,
    0xfc, 0x0, 0x0, 0x0, 0x15, 0x54, 0x0, 0x0,
    0x0, 0x0, 0x0,

    /* U+0076 "v" */
    0x7f, 0xff, 0xff, 0x0, 0x0, 0x0, 0x0, 0x0,
    0x7f, 0xff, 0xfc, 0x3f, 0xff, 0xff, 0x40, 0x0,
    0x0, 0x0, 0x0, 0xbf, 0xff, 0xfc, 0x1f, 0xff,
    0xff, 0x80, 0x0, 0x0, 0x0, 0x0, 0xff, 0xff,
    0xf4, 0xf, 0xff, 0xff, 0xc0, 0x0, 0x0, 0x0,
    0x2, 0xff, 0xff, 0xf0, 0xb, 0xff, 0xff, 0xe0,
    0x0, 0x0, 0x0, 0x3, 0xff, 0xff, 0xd0, 0x3,
    0xff, 0xff, 0xf0, 0x0, 0x0, 0x0, 0x7, 0xff,
    0xff, 0xc0, 0x3, 0xff, 0xff, 0xf4, 0x0, 0x0,
    0x0, 0xf, 0xff, 0xff, 0x80, 0x1, 0xff, 0xff,
    0xfc, 0x0, 0x0, 0x0, 0x1f, 0xff, 0xff, 0x0,
    0x0, 0xff, 0xff, 0xfc, 0x0, 0x0, 0x0, 0x2f,
    0xff, 0xff, 0x0, 0x0, 0xbf, 0xff, 0xfe, 0x0,
    0x0, 0x0, 0x3f, 0xff, 0xfd, 0x0, 0x0, 0x3f,
    0xff, 0xff, 0x0, 0x0, 0x0, 0xbf, 0xff, 0xfc,
    0x0, 0x0, 0x2f, 0xff, 0xff, 0x40, 0x0, 0x0,
    0xff, 0xff, 0xf4, 0x0, 0x0, 0xf, 0xff, 0xff,
    0xc0, 0x0, 0x1, 0xff, 0xff, 0xf0, 0x0, 0x0,
    0xf, 0xff, 0xff, 0xd0, 0x0, 0x3, 0xff, 0xff,
    0xe0, 0x0, 0x0, 0x7, 0xff, 0xff, 0xe0, 0x0,
    0x7, 0xff, 0xff, 0xc0, 0x0, 0x0, 0x3, 0xff,
    0xff, 0xf0, 0x0, 0xb, 0xff, 0xff, 0xc0, 0x0,
    0x0, 0x2, 0xff, 0xff, 0xf8, 0x0, 0xf, 0xff,
    0xff, 0x40, 0x0, 0x0, 0x0, 0xff, 0xff, 0xfc,
    0x0, 0x2f, 0xff, 0xff, 0x0, 0x0, 0x0, 0x0,
    0xbf, 0xff, 0xfd, 0x0, 0x3f, 0xff, 0xfd, 0x0,
    0x0, 0x0, 0x0, 0x3f, 0xff, 0xff, 0x0, 0x7f,
    0xff, 0xfc, 0x0, 0x0, 0x0, 0x0, 0x3f, 0xff,
    0xff, 0x0, 0xff, 0xff, 0xf8, 0x0, 0x0, 0x0,
    0x0, 0x1f, 0xff, 0xff, 0x81, 0xff, 0xff, 0xf0,
    0x0, 0x0, 0x0, 0x0, 0xf, 0xff, 0xff, 0xc2,
    0xff, 0xff, 0xf0, 0x0, 0x0, 0x0, 0x0, 0xb,
    0xff, 0xff, 0xd3, 0xff, 0xff, 0xd0, 0x0, 0x0,
    0x0, 0x0, 0x3, 0xff, 0xff, 0xfb, 0xff, 0xff,
    0xc0, 0x0, 0x0, 0x0, 0x0, 0x2, 0xff, 0xff,
    0xff, 0xff, 0xff, 0x40, 0x0, 0x0, 0x0, 0x0,
    0x0, 0xff, 0xff, 0xff, 0xff, 0xff, 0x0, 0x0,
    0x0, 0x0, 0x0, 0x0, 0xff, 0xff, 0xff, 0xff,
    0xfe, 0x0, 0x0, 0x0, 0x0, 0x0, 0x0, 0x7f,
    0xff, 0xff, 0xff, 0xfc, 0x0, 0x0, 0x0, 0x0,
    0x0, 0x0, 0x3f, 0xff, 0xff, 0xff, 0xfc, 0x0,
    0x0, 0x0, 0x0, 0x0, 0x0, 0x2f, 0xff, 0xff,
    0xff, 0xf4, 0x0, 0x0, 0x0, 0x0, 0x0, 0x0,
    0xf, 0xff, 0xff, 0xff, 0xf0, 0x0, 0x0, 0x0,
    0x0, 0x0, 0x0, 0xb, 0xff, 0xff, 0xff, 0xd0,
    0x0, 0x0, 0x0, 0x0, 0x0, 0x0, 0x3, 0xff,
    0xff, 0xff, 0xc0, 0x0, 0x0, 0x0, 0x0, 0x0,
    0x0, 0x3, 0xff, 0xff, 0xff, 0x80, 0x0, 0x0,
    0x0, 0x0, 0x0, 0x0, 0x1, 0xff, 0xff, 0xff,
    0x0, 0x0, 0x0, 0x0, 0x0, 0x0, 0x0, 0x0,
    0xff, 0xff, 0xfe, 0x0, 0x0, 0x0, 0x0,

    /* U+0077 "w" */
    0xff, 0xff, 0xf8, 0x0, 0x0, 0x0, 0x0, 0xbf,
    0xff, 0xf0, 0x0, 0x0, 0x0, 0x1, 0xff, 0xff,
    0xd7, 0xff, 0xff, 0xc0, 0x0, 0x0, 0x0, 0xf,
    0xff, 0xff, 0x40, 0x0, 0x0, 0x0, 0x2f, 0xff,
    0xfc, 0x3f, 0xff, 0xfc, 0x0, 0x0, 0x0, 0x1,
    0xff, 0xff, 0xf8, 0x0, 0x0, 0x0, 0x3, 0xff,
    0xff, 0x82, 0xff, 0xff, 0xe0, 0x0, 0x0, 0x0,
    0x3f, 0xff, 0xff, 0xc0, 0x0, 0x0, 0x0, 0x7f,
    0xff, 0xf0, 0x1f, 0xff, 0xff, 0x0, 0x0, 0x0,
    0x3, 0xff, 0xff, 0xfd, 0x0, 0x0, 0x0, 0xf,
    0xff, 0xff, 0x0, 0xff, 0xff, 0xf4, 0x0, 0x0,
    0x0, 0xbf, 0xff, 0xff, 0xe0, 0x0, 0x0, 0x0,
    0xff, 0xff, 0xd0, 0xb, 0xff, 0xff, 0x80, 0x0,
    0x0, 0xf, 0xff, 0xff, 0xff, 0x0, 0x0, 0x0,
    0x2f, 0xff, 0xfc, 0x0, 0x3f, 0xff, 0xfc, 0x0,
    0x0, 0x1, 0xff, 0xff, 0xff, 0xf4, 0x0, 0x0,
    0x3, 0xff, 0xff, 0xc0, 0x3, 0xff, 0xff, 0xd0,
    0x0, 0x0, 0x2f, 0xff, 0xff, 0xff, 0xc0, 0x0,
    0x0, 0x3f, 0xff, 0xf4, 0x0, 0x1f, 0xff, 0xfe,
    0x0, 0x0, 0x3, 0xff, 0xff, 0xff, 0xfc, 0x0,
    0x0, 0xb, 0xff, 0xff, 0x0, 0x0, 0xff, 0xff,
    0xf0, 0x0, 0x0, 0x7f, 0xff, 0xff, 0xff, 0xd0,
    0x0, 0x0, 0xff, 0xff, 0xe0, 0x0, 0xb, 0xff,
    0xff, 0x40, 0x0, 0xf, 0xff, 0xff, 0xff, 0xff,
    0x0, 0x0, 0x1f, 0xff, 0xfd, 0x0, 0x0, 0x7f,
    0xff, 0xfc, 0x0, 0x0, 0xff, 0xff, 0xff, 0xff,
    0xf0, 0x0, 0x2, 0xff, 0xff, 0xc0, 0x0, 0x3,
    0xff, 0xff, 0xc0, 0x0, 0x2f, 0xff, 0xff, 0xff,
    0xff, 0x80, 0x0, 0x3f, 0xff, 0xf8, 0x0, 0x0,
    0x2f, 0xff, 0xfd, 0x0, 0x3, 0xff, 0xff, 0xbf,
    0xff, 0xfc, 0x0, 0x7, 0xff, 0xff, 0x0, 0x0,
    0x0, 0xff, 0xff, 0xf0, 0x0, 0x3f, 0xff, 0xf6,
    0xff, 0xff, 0xd0, 0x0, 0xff, 0xff, 0xf0, 0x0,
    0x0, 0xf, 0xff, 0xff, 0x0, 0xb, 0xff, 0xff,
    0xf, 0xff, 0xfe, 0x0, 0xf, 0xff, 0xfd, 0x0,
    0x0, 0x0, 0xbf, 0xff, 0xf8, 0x0, 0xff, 0xff,
    0xe0, 0xff, 0xff, 0xf0, 0x2, 0xff, 0xff, 0xc0,
    0x0, 0x0, 0x3, 0xff, 0xff, 0xc0, 0x1f, 0xff,
    0xfc, 0x7, 0xff, 0xff, 0x40, 0x3f, 0xff, 0xf8,
    0x0, 0x0, 0x0, 0x3f, 0xff, 0xfd, 0x2, 0xff,
    0xff, 0xc0, 0x3f, 0xff, 0xf8, 0x7, 0xff, 0xff,
    0x40, 0x0, 0x0, 0x1, 0xff, 0xff, 0xe0, 0x3f,
    0xff, 0xf4, 0x3, 0xff, 0xff, 0xc0, 0xbf, 0xff,
    0xf0, 0x0, 0x0, 0x0, 0xf, 0xff, 0xff, 0x7,
    0xff, 0xff, 0x0, 0x1f, 0xff, 0xfd, 0xf, 0xff,
    0xfe, 0x0, 0x0, 0x0, 0x0, 0xbf, 0xff, 0xf4,
    0xff, 0xff, 0xe0, 0x0, 0xff, 0xff, 0xf1, 0xff,
    0xff, 0xc0, 0x0, 0x0, 0x0, 0x7, 0xff, 0xff,
    0x8f, 0xff, 0xfd, 0x0, 0xb, 0xff, 0xff, 0x2f,
    0xff, 0xfc, 0x0, 0x0, 0x0, 0x0, 0x3f, 0xff,
    0xfe, 0xff, 0xff, 0xc0, 0x0, 0x7f, 0xff, 0xfb,
    0xff, 0xff, 0x40, 0x0, 0x0, 0x0, 0x2, 0xff,
    0xff, 0xff, 0xff, 0xf8, 0x0, 0x3, 0xff, 0xff,
    0xff, 0xff, 0xf0, 0x0, 0x0, 0x0, 0x0, 0xf,
    0xff, 0xff, 0xff, 0xff, 0x0, 0x0, 0x2f, 0xff,
    0xff, 0xff, 0xff, 0x0, 0x0, 0x0, 0x0, 0x0,
    0xff, 0xff, 0xff, 0xff, 0xf0, 0x0, 0x0, 0xff,
    0xff, 0xff, 0xff, 0xd0, 0x0, 0x0, 0x0, 0x0,
    0x7, 0xff, 0xff, 0xff, 0xfd, 0x0, 0x0, 0xf,
    0xff, 0xff, 0xff, 0xfc, 0x0, 0x0, 0x0, 0x0,
    0x0, 0x3f, 0xff, 0xff, 0xff, 0xc0, 0x0, 0x0,
    0x7f, 0xff, 0xff, 0xff, 0x80, 0x0, 0x0, 0x0,
    0x0, 0x2, 0xff, 0xff, 0xff, 0xf8, 0x0, 0x0,
    0x3, 0xff, 0xff, 0xff, 0xf4, 0x0, 0x0, 0x0,
    0x0, 0x0, 0x1f, 0xff, 0xff, 0xff, 0x0, 0x0,
    0x0, 0x2f, 0xff, 0xff, 0xff, 0x0, 0x0, 0x0,
    0x0, 0x0, 0x0, 0xff, 0xff, 0xff, 0xf0, 0x0,
    0x0, 0x1, 0xff, 0xff, 0xff, 0xe0, 0x0, 0x0,
    0x0, 0x0, 0x0, 0xb, 0xff, 0xff, 0xfd, 0x0,
    0x0, 0x0, 0xf, 0xff, 0xff, 0xfc, 0x0, 0x0,
    0x0, 0x0, 0x0, 0x0, 0x7f, 0xff, 0xff, 0xc0,
    0x0, 0x0, 0x0, 0xbf, 0xff, 0xff, 0xc0, 0x0,
    0x0, 0x0, 0x0, 0x0, 0x3, 0xff, 0xff, 0xf8,
    0x0, 0x0, 0x0, 0x7, 0xff, 0xff, 0xf4, 0x0,
    0x0, 0x0, 0x0, 0x0, 0x0, 0x2f, 0xff, 0xff,
    0x40, 0x0, 0x0, 0x0, 0x3f, 0xff, 0xff, 0x0,
    0x0, 0x0, 0x0,

    /* U+0078 "x" */
    0x3f, 0xff, 0xff, 0xd0, 0x0, 0x0, 0x0, 0x3f,
    0xff, 0xff, 0x40, 0xff, 0xff, 0xff, 0x0, 0x0,
    0x0, 0xf, 0xff, 0xff, 0xe0, 0x7, 0xff, 0xff,
    0xfc, 0x0, 0x0, 0x2, 0xff, 0xff, 0xfc, 0x0,
    0x2f, 0xff, 0xff, 0xe0, 0x0, 0x0, 0x7f, 0xff,
    0xff, 0x0, 0x0, 0xff, 0xff, 0xff, 0x40, 0x0,
    0xf, 0xff, 0xff, 0xd0, 0x0, 0x3, 0xff, 0xff,
    0xfc, 0x0, 0x3, 0xff, 0xff, 0xf8, 0x0, 0x0,
    0x1f, 0xff, 0xff, 0xf0, 0x0, 0xff, 0xff, 0xff,
    0x0, 0x0, 0x0, 0xbf, 0xff, 0xff, 0x80, 0x2f,
    0xff, 0xff, 0xc0, 0x0, 0x0, 0x2, 0xff, 0xff,
    0xfd, 0x7, 0xff, 0xff, 0xf0, 0x0, 0x0, 0x0,
    0xf, 0xff, 0xff, 0xf0, 0xff, 0xff, 0xfd, 0x0,
    0x0, 0x0, 0x0, 0x3f, 0xff, 0xff, 0xbf, 0xff,
    0xff, 0x80, 0x0, 0x0, 0x0, 0x1, 0xff, 0xff,
    0xff, 0xff, 0xff, 0xf0, 0x0, 0x0, 0x0, 0x0,
    0xb, 0xff, 0xff, 0xff, 0xff, 0xfc, 0x0, 0x0,
    0x0, 0x0, 0x0, 0x3f, 0xff, 0xff, 0xff, 0xff,
    0x40, 0x0, 0x0, 0x0, 0x0, 0x0, 0xff, 0xff,
    0xff, 0xff, 0xe0, 0x0, 0x0, 0x0, 0x0, 0x0,
    0x7, 0xff, 0xff, 0xff, 0xfc, 0x0, 0x0, 0x0,
    0x0, 0x0, 0x0, 0x2f, 0xff, 0xff, 0xff, 0x0,
    0x0, 0x0, 0x0, 0x0, 0x0, 0x0, 0xff, 0xff,
    0xff, 0xd0, 0x0, 0x0, 0x0, 0x0, 0x0, 0x0,
    0x7, 0xff, 0xff, 0xfc, 0x0, 0x0, 0x0, 0x0,
    0x0, 0x0, 0x0, 0xff, 0xff, 0xff, 0xf0, 0x0,
    0x0, 0x0, 0x0, 0x0, 0x0, 0x3f, 0xff, 0xff,
    0xff, 0x80, 0x0, 0x0, 0x0, 0x0, 0x0, 0xb,
    0xff, 0xff, 0xff, 0xfd, 0x0, 0x0, 0x0, 0x0,
    0x0, 0x1, 0xff, 0xff, 0xff, 0xff, 0xf0, 0x0,
    0x0, 0x0, 0x0, 0x0, 0x7f, 0xff, 0xff, 0xff,
    0xff, 0xc0, 0x0, 0x0, 0x0, 0x0, 0xf, 0xff,
    0xff, 0xff, 0xff, 0xfe, 0x0, 0x0, 0x0, 0x0,
    0x3, 0xff, 0xff, 0xff, 0xff, 0xff, 0xf8, 0x0,
    0x0, 0x0, 0x0, 0xbf, 0xff, 0xff, 0x2f, 0xff,
    0xff, 0xd0, 0x0, 0x0, 0x0, 0x1f, 0xff, 0xff,
    0xd0, 0xff, 0xff, 0xff, 0x0, 0x0, 0x0, 0x3,
    0xff, 0xff, 0xf8, 0x3, 0xff, 0xff, 0xfc, 0x0,
    0x0, 0x0, 0xff, 0xff, 0xff, 0x0, 0x1f, 0xff,
    0xff, 0xe0, 0x0, 0x0, 0x2f, 0xff, 0xff, 0xc0,
    0x0, 0xbf, 0xff, 0xff, 0x40, 0x0, 0x7, 0xff,
    0xff, 0xf4, 0x0, 0x3, 0xff, 0xff, 0xfc, 0x0,
    0x0, 0xff, 0xff, 0xfe, 0x0, 0x0, 0x1f, 0xff,
    0xff, 0xf0, 0x0, 0x3f, 0xff, 0xff, 0xc0, 0x0,
    0x0, 0xbf, 0xff, 0xff, 0x80, 0xf, 0xff, 0xff,
    0xf0, 0x0, 0x0, 0x3, 0xff, 0xff, 0xfd, 0x2,
    0xff, 0xff, 0xfd, 0x0, 0x0, 0x0, 0xf, 0xff,
    0xff, 0xf0, 0x7f, 0xff, 0xff, 0x80, 0x0, 0x0,
    0x0, 0x7f, 0xff, 0xff, 0xc0,

    /* U+0079 "y" */
    0x7f, 0xff, 0xff, 0x0, 0x0, 0x0, 0x0, 0x0,
    0x7f, 0xff, 0xfc, 0x3f, 0xff, 0xff, 0x40, 0x0,
    0x0, 0x0, 0x0, 0xbf, 0xff, 0xfc, 0x1f, 0xff,
    0xff, 0xc0, 0x0, 0x0, 0x0, 0x0, 0xff, 0xff,
    0xf4, 0xf, 0xff, 0xff, 0xc0, 0x0, 0x0, 0x0,
    0x2, 0xff, 0xff, 0xf0, 0xb, 0xff, 0xff, 0xe0,
    0x0, 0x0, 0x0, 0x3, 0xff, 0xff, 0xd0, 0x3,
    0xff, 0xff, 0xf0, 0x0, 0x0, 0x0, 0x7, 0xff,
    0xff, 0xc0, 0x2, 0xff, 0xff, 0xf4, 0x0, 0x0,
    0x0, 0xf, 0xff, 0xff, 0x80, 0x1, 0xff, 0xff,
    0xfc, 0x0, 0x0, 0x0, 0x1f, 0xff, 0xff, 0x0,
    0x0, 0xff, 0xff, 0xfd, 0x0, 0x0, 0x0, 0x2f,
    0xff, 0xfe, 0x0, 0x0, 0x7f, 0xff, 0xff, 0x0,
    0x0, 0x0, 0x3f, 0xff, 0xfd, 0x0, 0x0, 0x3f,
    0xff, 0xff, 0x0, 0x0, 0x0, 0xbf, 0xff, 0xfc,
    0x0, 0x0, 0x2f, 0xff, 0xff, 0x80, 0x0, 0x0,
    0xff, 0xff, 0xf4, 0x0, 0x0, 0xf, 0xff, 0xff,
    0xc0, 0x0, 0x1, 0xff, 0xff, 0xf0, 0x0, 0x0,
    0xb, 0xff, 0xff, 0xd0, 0x0, 0x3, 0xff, 0xff,
    0xe0, 0x0, 0x0, 0x3, 0xff, 0xff, 0xf0, 0x0,
    0x7, 0xff, 0xff, 0xc0, 0x0, 0x0, 0x2, 0xff,
    0xff, 0xf4, 0x0, 0xb, 0xff, 0xff, 0x80, 0x0,
    0x0, 0x1, 0xff, 0xff, 0xf8, 0x0, 0xf, 0xff,
    0xff, 0x0, 0x0, 0x0, 0x0, 0xff, 0xff, 0xfc,
    0x0, 0x2f, 0xff, 0xff, 0x0, 0x0, 0x0, 0x0,
    0x7f, 0xff, 0xfe, 0x0, 0x3f, 0xff, 0xfd, 0x0,
    0x0, 0x0, 0x0, 0x3f, 0xff, 0xff, 0x0, 0x7f,
    0xff, 0xfc, 0x0, 0x0, 0x0, 0x0, 0x2f, 0xff,
    0xff, 0x40, 0xff, 0xff, 0xf4, 0x0, 0x0, 0x0,
    0x0, 0xf, 0xff, 0xff, 0xc1, 0xff, 0xff, 0xf0,
    0x0, 0x0, 0x0, 0x0, 0xb, 0xff, 0xff, 0xd2,
    0xff, 0xff, 0xe0, 0x0, 0x0, 0x0, 0x0, 0x3,
    0xff, 0xff, 0xe3, 0xff, 0xff, 0xc0, 0x0, 0x0,
    0x0, 0x0, 0x3, 0xff, 0xff, 0xfb, 0xff, 0xff,
    0x80, 0x0, 0x0, 0x0, 0x0, 0x1, 0xff, 0xff,
    0xff, 0xff, 0xff, 0x40, 0x0, 0x0, 0x0, 0x0,
    0x0, 0xff, 0xff, 0xff, 0xff, 0xff, 0x0, 0x0,
    0x0, 0x0, 0x0, 0x0, 0x7f, 0xff, 0xff, 0xff,
    0xfd, 0x0, 0x0, 0x0, 0x0, 0x0, 0x0, 0x3f,
    0xff, 0xff, 0xff, 0xfc, 0x0, 0x0, 0x0, 0x0,
    0x0, 0x0, 0x2f, 0xff, 0xff, 0xff, 0xf8, 0x0,
    0x0, 0x0, 0x0, 0x0, 0x0, 0xf, 0xff, 0xff,
    0xff, 0xf0, 0x0, 0x0, 0x0, 0x0, 0x0, 0x0,
    0xb, 0xff, 0xff, 0xff, 0xe0, 0x0, 0x0, 0x0,
    0x0, 0x0, 0x0, 0x7, 0xff, 0xff, 0xff, 0xc0,
    0x0, 0x0, 0x0, 0x0, 0x0, 0x0, 0x3, 0xff,
    0xff, 0xff, 0xc0, 0x0, 0x0, 0x0, 0x0, 0x0,
    0x0, 0x1, 0xff, 0xff, 0xff, 0x40, 0x0, 0x0,
    0x0, 0x0, 0x0, 0x0, 0x0, 0xff, 0xff, 0xff,
    0x0, 0x0, 0x0, 0x0, 0x0, 0x0, 0x0, 0x0,
    0xbf, 0xff, 0xfd, 0x0, 0x0, 0x0, 0x0, 0x0,
    0x0, 0x0, 0x0, 0xbf, 0xff, 0xfc, 0x0, 0x0,
    0x0, 0x0, 0x0, 0x0, 0x0, 0x0, 0xff, 0xff,
    0xf8, 0x0, 0x0, 0x0, 0x0, 0x0, 0x40, 0x0,
    0x2, 0xff, 0xff, 0xf0, 0x0, 0x0, 0x0, 0x0,
    0x1, 0xe0, 0x0, 0xb, 0xff, 0xff, 0xe0, 0x0,
    0x0, 0x0, 0x0, 0x3, 0xff, 0x95, 0xbf, 0xff,
    0xff, 0xc0, 0x0, 0x0, 0x0, 0x0, 0x7, 0xff,
    0xff, 0xff, 0xff, 0xff, 0x80, 0x0, 0x0, 0x0,
    0x0, 0xf, 0xff, 0xff, 0xff, 0xff, 0xff, 0x0,
    0x0, 0x0, 0x0, 0x0, 0x1f, 0xff, 0xff, 0xff,
    0xff, 0xfd, 0x0, 0x0, 0x0, 0x0, 0x0, 0x3f,
    0xff, 0xff, 0xff, 0xff, 0xf8, 0x0, 0x0, 0x0,
    0x0, 0x0, 0x7f, 0xff, 0xff, 0xff, 0xff, 0xe0,
    0x0, 0x0, 0x0, 0x0, 0x0, 0x7f, 0xff, 0xff,
    0xff, 0xff, 0x80, 0x0, 0x0, 0x0, 0x0, 0x0,
    0xb, 0xff, 0xff, 0xff, 0xfd, 0x0, 0x0, 0x0,
    0x0, 0x0, 0x0, 0x0, 0x6f, 0xff, 0xff, 0x90,
    0x0, 0x0, 0x0, 0x0, 0x0, 0x0, 0x0, 0x0,
    0x55, 0x50, 0x0, 0x0, 0x0, 0x0, 0x0, 0x0,
    0x0,

    /* U+007A "z" */
    0x3f, 0xff, 0xff, 0xff, 0xff, 0xff, 0xff, 0xff,
    0xd0, 0xff, 0xff, 0xff, 0xff, 0xff, 0xff, 0xff,
    0xff, 0x43, 0xff, 0xff, 0xff, 0xff, 0xff, 0xff,
    0xff, 0xfd, 0xf, 0xff, 0xff, 0xff, 0xff, 0xff,
    0xff, 0xff, 0xf4, 0x3f, 0xff, 0xff, 0xff, 0xff,
    0xff, 0xff, 0xff, 0xd0, 0xff, 0xff, 0xff, 0xff,
    0xff, 0xff, 0xff, 0xff, 0x43, 0xff, 0xff, 0xff,
    0xff, 0xff, 0xff, 0xff, 0xfd, 0xf, 0xff, 0xff,
    0xff, 0xff, 0xff, 0xff, 0xff, 0xe0, 0x15, 0x55,
    0x55, 0x55, 0x57, 0xff, 0xff, 0xfe, 0x0, 0x0,
    0x0, 0x0, 0x0, 0x1f, 0xff, 0xff, 0xf0, 0x0,
    0x0, 0x0, 0x0, 0x1, 0xff, 0xff, 0xff, 0x0,
    0x0, 0x0, 0x0, 0x0, 0xf, 0xff, 0xff, 0xf0,
    0x0, 0x0, 0x0, 0x0, 0x0, 0xff, 0xff, 0xff,
    0x40, 0x0, 0x0, 0x0, 0x0, 0xf, 0xff, 0xff,
    0xf4, 0x0, 0x0, 0x0, 0x0, 0x0, 0xbf, 0xff,
    0xff, 0x80, 0x0, 0x0, 0x0, 0x0, 0xb, 0xff,
    0xff, 0xf8, 0x0, 0x0, 0x0, 0x0, 0x0, 0x7f,
    0xff, 0xff, 0xc0, 0x0, 0x0, 0x0, 0x0, 0x7,
    0xff, 0xff, 0xfc, 0x0, 0x0, 0x0, 0x0, 0x0,
    0x3f, 0xff, 0xff, 0xc0, 0x0, 0x0, 0x0, 0x0,
    0x3, 0xff, 0xff, 0xfc, 0x0, 0x0, 0x0, 0x0,
    0x0, 0x3f, 0xff, 0xff, 0xd0, 0x0, 0x0, 0x0,
    0x0, 0x3, 0xff, 0xff, 0xfd, 0x0, 0x0, 0x0,
    0x0, 0x0, 0x2f, 0xff, 0xff, 0xe0, 0x0, 0x0,
    0x0, 0x0, 0x2, 0xff, 0xff, 0xfe, 0x0, 0x0,
    0x0, 0x0, 0x0, 0x1f, 0xff, 0xff, 0xf0, 0x0,
    0x0, 0x0, 0x0, 0x1, 0xff, 0xff, 0xff, 0x0,
    0x0, 0x0, 0x0, 0x0, 0xf, 0xff, 0xff, 0xf0,
    0x0, 0x0, 0x0, 0x0, 0x0, 0xff, 0xff, 0xff,
    0x40, 0x0, 0x0, 0x0, 0x0, 0xf, 0xff, 0xff,
    0xf9, 0x55, 0x55, 0x55, 0x55, 0x50, 0xbf, 0xff,
    0xff, 0xff, 0xff, 0xff, 0xff, 0xff, 0xc7, 0xff,
    0xff, 0xff, 0xff, 0xff, 0xff, 0xff, 0xff, 0x2f,
    0xff, 0xff, 0xff, 0xff, 0xff, 0xff, 0xff, 0xfc,
    0xbf, 0xff, 0xff, 0xff, 0xff, 0xff, 0xff, 0xff,
    0xf2, 0xff, 0xff, 0xff, 0xff, 0xff, 0xff, 0xff,
    0xff, 0xcb, 0xff, 0xff, 0xff, 0xff, 0xff, 0xff,
    0xff, 0xff, 0x2f, 0xff, 0xff, 0xff, 0xff, 0xff,
    0xff, 0xff, 0xfc, 0xbf, 0xff, 0xff, 0xff, 0xff,
    0xff, 0xff, 0xff, 0xf0,

    /* U+007B "{" */
    0x0, 0x0, 0x0, 0x6, 0xff, 0xfd, 0x0, 0x0,
    0x1, 0xff, 0xff, 0xfd, 0x0, 0x0, 0xb, 0xff,
    0xff, 0xfd, 0x0, 0x0, 0x3f, 0xff, 0xff, 0xfd,
    0x0, 0x0, 0xff, 0xff, 0xff, 0xfd, 0x0, 0x1,
    0xff, 0xff, 0xff, 0xfd, 0x0, 0x3, 0xff, 0xff,
    0xff, 0xfd, 0x0, 0x7, 0xff, 0xff, 0xff, 0xfd,
    0x0, 0xb, 0xff, 0xff, 0xff, 0xa4, 0x0, 0xf,
    0xff, 0xff, 0xf8, 0x0, 0x0, 0xf, 0xff, 0xff,
    0xe0, 0x0, 0x0, 0xf, 0xff, 0xff, 0xd0, 0x0,
    0x0, 0xf, 0xff, 0xff, 0xc0, 0x0, 0x0, 0xf,
    0xff, 0xff, 0xc0, 0x0, 0x0, 0xf, 0xff, 0xff,
    0xc0, 0x0, 0x0, 0xf, 0xff, 0xff, 0xc0, 0x0,
    0x0, 0xf, 0xff, 0xff, 0xc0, 0x0, 0x0, 0xf,
    0xff, 0xff, 0xc0, 0x0, 0x0, 0xf, 0xff, 0xff,
    0xc0, 0x0, 0x0, 0xf, 0xff, 0xff, 0xc0, 0x0,
    0x0, 0xf, 0xff, 0xff, 0xc0, 0x0, 0x0, 0xf,
    0xff, 0xff, 0xc0, 0x0, 0x0, 0xf, 0xff, 0xff,
    0xc0, 0x0, 0x0, 0xf, 0xff, 0xff, 0xc0, 0x0,
    0x0, 0xf, 0xff, 0xff, 0xc0, 0x0, 0x0, 0xf,
    0xff, 0xff, 0xc0, 0x0, 0x0, 0x1f, 0xff, 0xff,
    0xc0, 0x0, 0x0, 0x7f, 0xff, 0xff, 0x80, 0x0,
    0x7f, 0xff, 0xff, 0xff, 0x40, 0x0, 0x7f, 0xff,
    0xff, 0xff, 0x0, 0x0, 0x7f, 0xff, 0xff, 0xfd,
    0x0, 0x0, 0x7f, 0xff, 0xff, 0xe0, 0x0, 0x0,
    0x7f, 0xff, 0xff, 0xd0, 0x0, 0x0, 0x7f, 0xff,
    0xff, 0xf8, 0x0, 0x0, 0x7f, 0xff, 0xff, 0xfe,
    0x0, 0x0, 0x7f, 0xff, 0xff, 0xff, 0x0, 0x0,
    0x16, 0xff, 0xff, 0xff, 0x80, 0x0, 0x0, 0x2f,
    0xff, 0xff, 0xc0, 0x0, 0x0, 0xf, 0xff, 0xff,
    0xc0, 0x0, 0x0, 0xf, 0xff, 0xff, 0xc0, 0x0,
    0x0, 0xf, 0xff, 0xff, 0xc0, 0x0, 0x0, 0xf,
    0xff, 0xff, 0xc0, 0x0, 0x0, 0xf, 0xff, 0xff,
    0xc0, 0x0, 0x0, 0xf, 0xff, 0xff, 0xc0, 0x0,
    0x0, 0xf, 0xff, 0xff, 0xc0, 0x0, 0x0, 0xf,
    0xff, 0xff, 0xc0, 0x0, 0x0, 0xf, 0xff, 0xff,
    0xc0, 0x0, 0x0, 0xf, 0xff, 0xff, 0xc0, 0x0,
    0x0, 0xf, 0xff, 0xff, 0xc0, 0x0, 0x0, 0xf,
    0xff, 0xff, 0xc0, 0x0, 0x0, 0xf, 0xff, 0xff,
    0xc0, 0x0, 0x0, 0xf, 0xff, 0xff, 0xc0, 0x0,
    0x0, 0xf, 0xff, 0xff, 0xc0, 0x0, 0x0, 0xf,
    0xff, 0xff, 0xd0, 0x0, 0x0, 0xf, 0xff, 0xff,
    0xe0, 0x0, 0x0, 0xb, 0xff, 0xff, 0xf8, 0x0,
    0x0, 0xb, 0xff, 0xff, 0xff, 0xa4, 0x0, 0x3,
    0xff, 0xff, 0xff, 0xfd, 0x0, 0x3, 0xff, 0xff,
    0xff, 0xfd, 0x0, 0x1, 0xff, 0xff, 0xff, 0xfd,
    0x0, 0x0, 0xbf, 0xff, 0xff, 0xfd, 0x0, 0x0,
    0x3f, 0xff, 0xff, 0xfd, 0x0, 0x0, 0xb, 0xff,
    0xff, 0xfd, 0x0, 0x0, 0x1, 0xff, 0xff, 0xfd,
    0x0, 0x0, 0x0, 0x6, 0xff, 0xfd,

    /* U+007C "|" */
    0x0, 0x0, 0x0, 0xff, 0xff, 0xf3, 0xff, 0xff,
    0xcf, 0xff, 0xff, 0x3f, 0xff, 0xfc, 0xff, 0xff,
    0xf3, 0xff, 0xff, 0xcf, 0xff, 0xff, 0x3f, 0xff,
    0xfc, 0xff, 0xff, 0xf3, 0xff, 0xff, 0xcf, 0xff,
    0xff, 0x3f, 0xff, 0xfc, 0xff, 0xff, 0xf3, 0xff,
    0xff, 0xcf, 0xff, 0xff, 0x3f, 0xff, 0xfc, 0xff,
    0xff, 0xf3, 0xff, 0xff, 0xcf, 0xff, 0xff, 0x3f,
    0xff, 0xfc, 0xff, 0xff, 0xf3, 0xff, 0xff, 0xcf,
    0xff, 0xff, 0x3f, 0xff, 0xfc, 0xff, 0xff, 0xf3,
    0xff, 0xff, 0xcf, 0xff, 0xff, 0x3f, 0xff, 0xfc,
    0xff, 0xff, 0xf3, 0xff, 0xff, 0xcf, 0xff, 0xff,
    0x3f, 0xff, 0xfc, 0xff, 0xff, 0xf3, 0xff, 0xff,
    0xcf, 0xff, 0xff, 0x3f, 0xff, 0xfc, 0xff, 0xff,
    0xf3, 0xff, 0xff, 0xcf, 0xff, 0xff, 0x3f, 0xff,
    0xfc, 0xff, 0xff, 0xf3, 0xff, 0xff, 0xcf, 0xff,
    0xff, 0x3f, 0xff, 0xfc, 0xff, 0xff, 0xf3, 0xff,
    0xff, 0xcf, 0xff, 0xff, 0x3f, 0xff, 0xfc, 0xff,
    0xff, 0xf3, 0xff, 0xff, 0xcf, 0xff, 0xff, 0x3f,
    0xff, 0xfc, 0xff, 0xff, 0xf3, 0xff, 0xff, 0xcf,
    0xff, 0xff, 0x3f, 0xff, 0xfc, 0xff, 0xff, 0xf3,
    0xff, 0xff, 0xcf, 0xff, 0xff, 0x3f, 0xff, 0xfc,
    0xff, 0xff, 0xf3, 0xff, 0xff, 0xcf, 0xff, 0xff,
    0x3f, 0xff, 0xfc, 0xff, 0xff, 0xf0,

    /* U+007D "}" */
    0xff, 0xfe, 0x90, 0x0, 0x0, 0x3, 0xff, 0xff,
    0xf8, 0x0, 0x0, 0xf, 0xff, 0xff, 0xfd, 0x0,
    0x0, 0x3f, 0xff, 0xff, 0xfd, 0x0, 0x0, 0xff,
    0xff, 0xff, 0xfc, 0x0, 0x3, 0xff, 0xff, 0xff,
    0xfc, 0x0, 0xf, 0xff, 0xff, 0xff, 0xf4, 0x0,
    0x3f, 0xff, 0xff, 0xff, 0xe0, 0x0, 0x5b, 0xff,
    0xff, 0xff, 0xc0, 0x0, 0x1, 0xff, 0xff, 0xff,
    0x0, 0x0, 0x1, 0xff, 0xff, 0xfd, 0x0, 0x0,
    0x3, 0xff, 0xff, 0xf4, 0x0, 0x0, 0xb, 0xff,
    0xff, 0xd0, 0x0, 0x0, 0x2f, 0xff, 0xff, 0x40,
    0x0, 0x0, 0xbf, 0xff, 0xfd, 0x0, 0x0, 0x2,
    0xff, 0xff, 0xf4, 0x0, 0x0, 0xb, 0xff, 0xff,
    0xd0, 0x0, 0x0, 0x2f, 0xff, 0xff, 0x40, 0x0,
    0x0, 0xbf, 0xff, 0xfd, 0x0, 0x0, 0x2, 0xff,
    0xff, 0xf4, 0x0, 0x0, 0xb, 0xff, 0xff, 0xd0,
    0x0, 0x0, 0x2f, 0xff, 0xff, 0x40, 0x0, 0x0,
    0xbf, 0xff, 0xfd, 0x0, 0x0, 0x2, 0xff, 0xff,
    0xf4, 0x0, 0x0, 0xb, 0xff, 0xff, 0xd0, 0x0,
    0x0, 0x2f, 0xff, 0xff, 0x40, 0x0, 0x0, 0x7f,
    0xff, 0xfe, 0x0, 0x0, 0x1, 0xff, 0xff, 0xfe,
    0x0, 0x0, 0x3, 0xff, 0xff, 0xff, 0xf8, 0x0,
    0xb, 0xff, 0xff, 0xff, 0xe0, 0x0, 0xf, 0xff,
    0xff, 0xff, 0x80, 0x0, 0xb, 0xff, 0xff, 0xfe,
    0x0, 0x0, 0xb, 0xff, 0xff, 0xf8, 0x0, 0x1,
    0xff, 0xff, 0xff, 0xe0, 0x0, 0xf, 0xff, 0xff,
    0xff, 0x80, 0x0, 0xff, 0xff, 0xff, 0xfe, 0x0,
    0x3, 0xff, 0xff, 0xfe, 0x54, 0x0, 0x1f, 0xff,
    0xff, 0xc0, 0x0, 0x0, 0xbf, 0xff, 0xfe, 0x0,
    0x0, 0x2, 0xff, 0xff, 0xf4, 0x0, 0x0, 0xb,
    0xff, 0xff, 0xd0, 0x0, 0x0, 0x2f, 0xff, 0xff,
    0x40, 0x0, 0x0, 0xbf, 0xff, 0xfd, 0x0, 0x0,
    0x2, 0xff, 0xff, 0xf4, 0x0, 0x0, 0xb, 0xff,
    0xff, 0xd0, 0x0, 0x0, 0x2f, 0xff, 0xff, 0x40,
    0x0, 0x0, 0xbf, 0xff, 0xfd, 0x0, 0x0, 0x2,
    0xff, 0xff, 0xf4, 0x0, 0x0, 0xb, 0xff, 0xff,
    0xd0, 0x0, 0x0, 0x2f, 0xff, 0xff, 0x40, 0x0,
    0x0, 0xbf, 0xff, 0xfd, 0x0, 0x0, 0x2, 0xff,
    0xff, 0xf4, 0x0, 0x0, 0xb, 0xff, 0xff, 0xd0,
    0x0, 0x0, 0x3f, 0xff, 0xff, 0x40, 0x0, 0x1,
    0xff, 0xff, 0xfc, 0x0, 0x0, 0x1f, 0xff, 0xff,
    0xf0, 0x0, 0x5b, 0xff, 0xff, 0xff, 0xc0, 0x3,
    0xff, 0xff, 0xff, 0xfe, 0x0, 0xf, 0xff, 0xff,
    0xff, 0xf0, 0x0, 0x3f, 0xff, 0xff, 0xff, 0x80,
    0x0, 0xff, 0xff, 0xff, 0xfc, 0x0, 0x3, 0xff,
    0xff, 0xff, 0xd0, 0x0, 0xf, 0xff, 0xff, 0xfc,
    0x0, 0x0, 0x3f, 0xff, 0xff, 0x80, 0x0, 0x0,
    0xff, 0xfe, 0x90, 0x0, 0x0, 0x0,

    /* U+007E "~" */
    0x0, 0x1, 0xaf, 0xa4, 0x0, 0x0, 0x0, 0x0,
    0x0, 0x0, 0x1f, 0xff, 0xff, 0x40, 0x0, 0x0,
    0x7f, 0xfd, 0x0, 0x7f, 0xff, 0xff, 0xe0, 0x0,
    0x0, 0xbf, 0xfd, 0x1, 0xff, 0xff, 0xff, 0xfd,
    0x0, 0x0, 0xff, 0xfd, 0x3, 0xff, 0xff, 0xff,
    0xff, 0x80, 0x1, 0xff, 0xfc, 0xf, 0xff, 0xff,
    0xff, 0xff, 0xf4, 0x7, 0xff, 0xfc, 0x1f, 0xff,
    0xff, 0xff, 0xff, 0xff, 0xff, 0xff, 0xf8, 0x2f,
    0xff, 0xff, 0xff, 0xff, 0xff, 0xff, 0xff, 0xf4,
    0x3f, 0xff, 0xe0, 0x1f, 0xff, 0xff, 0xff, 0xff,
    0xf0, 0x3f, 0xff, 0x80, 0x2, 0xff, 0xff, 0xff,
    0xff, 0xd0, 0x7f, 0xff, 0x0, 0x0, 0xbf, 0xff,
    0xff, 0xff, 0x80, 0x7f, 0xfe, 0x0, 0x0, 0x1f,
    0xff, 0xff, 0xfe, 0x0, 0x7f, 0xfd, 0x0, 0x0,
    0x2, 0xff, 0xff, 0xf4, 0x0, 0x15, 0x54, 0x0,
    0x0, 0x0, 0x1b, 0xfe, 0x40, 0x0
};


/*---------------------
 *  GLYPH DESCRIPTION
 *--------------------*/

static const lv_font_fmt_txt_glyph_dsc_t glyph_dsc[] = {
    {.bitmap_index = 0, .adv_w = 0, .box_w = 0, .box_h = 0, .ofs_x = 0, .ofs_y = 0} /* id = 0 reserved */,
    {.bitmap_index = 0, .adv_w = 317, .box_w = 0, .box_h = 0, .ofs_x = 0, .ofs_y = 0},
    {.bitmap_index = 0, .adv_w = 324, .box_w = 14, .box_h = 50, .ofs_x = 3, .ofs_y = -1},
    {.bitmap_index = 175, .adv_w = 489, .box_w = 25, .box_h = 20, .ofs_x = 3, .ofs_y = 29},
    {.bitmap_index = 300, .adv_w = 806, .box_w = 48, .box_h = 49, .ofs_x = 1, .ofs_y = 0},
    {.bitmap_index = 888, .adv_w = 715, .box_w = 42, .box_h = 66, .ofs_x = 1, .ofs_y = -8},
    {.bitmap_index = 1581, .adv_w = 982, .box_w = 59, .box_h = 50, .ofs_x = 1, .ofs_y = -1},
    {.bitmap_index = 2319, .adv_w = 815, .box_w = 48, .box_h = 51, .ofs_x = 2, .ofs_y = -1},
    {.bitmap_index = 2931, .adv_w = 258, .box_w = 10, .box_h = 20, .ofs_x = 3, .ofs_y = 29},
    {.bitmap_index = 2981, .adv_w = 400, .box_w = 20, .box_h = 66, .ofs_x = 5, .ofs_y = -13},
    {.bitmap_index = 3311, .adv_w = 401, .box_w = 20, .box_h = 66, .ofs_x = 0, .ofs_y = -13},
    {.bitmap_index = 3641, .adv_w = 486, .box_w = 30, .box_h = 28, .ofs_x = 0, .ofs_y = 24},
    {.bitmap_index = 3851, .adv_w = 671, .box_w = 34, .box_h = 33, .ofs_x = 4, .ofs_y = 8},
    {.bitmap_index = 4132, .adv_w = 293, .box_w = 14, .box_h = 25, .ofs_x = 2, .ofs_y = -11},
    {.bitmap_index = 4220, .adv_w = 432, .box_w = 21, .box_h = 9, .ofs_x = 3, .ofs_y = 15},
    {.bitmap_index = 4268, .adv_w = 293, .box_w = 14, .box_h = 15, .ofs_x = 2, .ofs_y = -1},
    {.bitmap_index = 4321, .adv_w = 439, .box_w = 34, .box_h = 66, .ofs_x = -3, .ofs_y = -7},
    {.bitmap_index = 4882, .adv_w = 760, .box_w = 43, .box_h = 51, .ofs_x = 2, .ofs_y = -1},
    {.bitmap_index = 5431, .adv_w = 439, .box_w = 22, .box_h = 49, .ofs_x = 0, .ofs_y = 0},
    {.bitmap_index = 5701, .adv_w = 661, .box_w = 40, .box_h = 50, .ofs_x = 0, .ofs_y = 0},
    {.bitmap_index = 6201, .adv_w = 663, .box_w = 40, .box_h = 51, .ofs_x = -1, .ofs_y = -1},
    {.bitmap_index = 6711, .adv_w = 772, .box_w = 46, .box_h = 49, .ofs_x = 2, .ofs_y = 0},
    {.bitmap_index = 7275, .adv_w = 666, .box_w = 40, .box_h = 51, .ofs_x = 0, .ofs_y = -1},
    {.bitmap_index = 7785, .adv_w = 713, .box_w = 42, .box_h = 51, .ofs_x = 2, .ofs_y = -1},
    {.bitmap_index = 8321, .adv_w = 694, .box_w = 41, .box_h = 49, .ofs_x = 1, .ofs_y = 0},
    {.bitmap_index = 8824, .adv_w = 739, .box_w = 42, .box_h = 51, .ofs_x = 2, .ofs_y = -1},
    {.bitmap_index = 9360, .adv_w = 713, .box_w = 41, .box_h = 51, .ofs_x = 1, .ofs_y = -1},
    {.bitmap_index = 9883, .adv_w = 293, .box_w = 14, .box_h = 39, .ofs_x = 2, .ofs_y = -1},
    {.bitmap_index = 10020, .adv_w = 293, .box_w = 14, .box_h = 49, .ofs_x = 2, .ofs_y = -11},
    {.bitmap_index = 10192, .adv_w = 671, .box_w = 34, .box_h = 35, .ofs_x = 4, .ofs_y = 7},
    {.bitmap_index = 10490, .adv_w = 671, .box_w = 34, .box_h = 26, .ofs_x = 4, .ofs_y = 11},
    {.bitmap_index = 10711, .adv_w = 671, .box_w = 34, .box_h = 35, .ofs_x = 4, .ofs_y = 7},
    {.bitmap_index = 11009, .adv_w = 660, .box_w = 39, .box_h = 51, .ofs_x = -1, .ofs_y = -1},
    {.bitmap_index = 11507, .adv_w = 1159, .box_w = 68, .box_h = 64, .ofs_x = 2, .ofs_y = -14},
    {.bitmap_index = 12595, .adv_w = 858, .box_w = 56, .box_h = 49, .ofs_x = -1, .ofs_y = 0},
    {.bitmap_index = 13281, .adv_w = 857, .box_w = 46, .box_h = 49, .ofs_x = 5, .ofs_y = 0},
    {.bitmap_index = 13845, .adv_w = 811, .box_w = 48, .box_h = 51, .ofs_x = 2, .ofs_y = -1},
    {.bitmap_index = 14457, .adv_w = 925, .box_w = 51, .box_h = 49, .ofs_x = 5, .ofs_y = 0},
    {.bitmap_index = 15082, .adv_w = 752, .box_w = 39, .box_h = 49, .ofs_x = 5, .ofs_y = 0},
    {.bitmap_index = 15560, .adv_w = 716, .box_w = 38, .box_h = 49, .ofs_x = 5, .ofs_y = 0},
    {.bitmap_index = 16026, .adv_w = 864, .box_w = 49, .box_h = 51, .ofs_x = 2, .ofs_y = -1},
    {.bitmap_index = 16651, .adv_w = 905, .box_w = 46, .box_h = 49, .ofs_x = 5, .ofs_y = 0},
    {.bitmap_index = 17215, .adv_w = 367, .box_w = 13, .box_h = 49, .ofs_x = 5, .ofs_y = 0},
    {.bitmap_index = 17375, .adv_w = 606, .box_w = 35, .box_h = 51, .ofs_x = -2, .ofs_y = -1},
    {.bitmap_index = 17822, .adv_w = 829, .box_w = 48, .box_h = 49, .ofs_x = 5, .ofs_y = 0},
    {.bitmap_index = 18410, .adv_w = 676, .box_w = 37, .box_h = 49, .ofs_x = 5, .ofs_y = 0},
    {.bitmap_index = 18864, .adv_w = 1070, .box_w = 57, .box_h = 49, .ofs_x = 5, .ofs_y = 0},
    {.bitmap_index = 19563, .adv_w = 905, .box_w = 46, .box_h = 49, .ofs_x = 5, .ofs_y = 0},
    {.bitmap_index = 20127, .adv_w = 945, .box_w = 55, .box_h = 51, .ofs_x = 2, .ofs_y = -1},
    {.bitmap_index = 20829, .adv_w = 820, .box_w = 44, .box_h = 49, .ofs_x = 5, .ofs_y = 0},
    {.bitmap_index = 21368, .adv_w = 945, .box_w = 57, .box_h = 61, .ofs_x = 2, .ofs_y = -11},
    {.bitmap_index = 22238, .adv_w = 823, .box_w = 45, .box_h = 49, .ofs_x = 5, .ofs_y = 0},
    {.bitmap_index = 22790, .adv_w = 715, .box_w = 42, .box_h = 51, .ofs_x = 1, .ofs_y = -1},
    {.bitmap_index = 23326, .adv_w = 692, .box_w = 43, .box_h = 49, .ofs_x = 0, .ofs_y = 0},
    {.bitmap_index = 23853, .adv_w = 883, .box_w = 45, .box_h = 50, .ofs_x = 5, .ofs_y = -1},
    {.bitmap_index = 24416, .adv_w = 836, .box_w = 54, .box_h = 49, .ofs_x = -1, .ofs_y = 0},
    {.bitmap_index = 25078, .adv_w = 1303, .box_w = 79, .box_h = 49, .ofs_x = 1, .ofs_y = 0},
    {.bitmap_index = 26046, .adv_w = 800, .box_w = 50, .box_h = 49, .ofs_x = 0, .ofs_y = 0},
    {.bitmap_index = 26659, .adv_w = 757, .box_w = 50, .box_h = 49, .ofs_x = -1, .ofs_y = 0},
    {.bitmap_index = 27272, .adv_w = 752, .box_w = 44, .box_h = 49, .ofs_x = 2, .ofs_y = 0},
    {.bitmap_index = 27811, .adv_w = 412, .box_w = 20, .box_h = 65, .ofs_x = 5, .ofs_y = -13},
    {.bitmap_index = 28136, .adv_w = 439, .box_w = 34, .box_h = 66, .ofs_x = -4, .ofs_y = -7},
    {.bitmap_index = 28697, .adv_w = 412, .box_w = 19, .box_h = 65, .ofs_x = 1, .ofs_y = -13},
    {.bitmap_index = 29006, .adv_w = 672, .box_w = 36, .box_h = 29, .ofs_x = 3, .ofs_y = 10},
    {.bitmap_index = 29267, .adv_w = 560, .box_w = 35, .box_h = 7, .ofs_x = 0, .ofs_y = -6},
    {.bitmap_index = 29329, .adv_w = 672, .box_w = 22, .box_h = 10, .ofs_x = 6, .ofs_y = 42},
    {.bitmap_index = 29384, .adv_w = 691, .box_w = 37, .box_h = 39, .ofs_x = 2, .ofs_y = -1},
    {.bitmap_index = 29745, .adv_w = 773, .box_w = 42, .box_h = 53, .ofs_x = 5, .ofs_y = -1},
    {.bitmap_index = 30302, .adv_w = 662, .box_w = 39, .box_h = 39, .ofs_x = 2, .ofs_y = -1},
    {.bitmap_index = 30683, .adv_w = 775, .box_w = 42, .box_h = 53, .ofs_x = 2, .ofs_y = -1},
    {.bitmap_index = 31240, .adv_w = 707, .box_w = 40, .box_h = 39, .ofs_x = 2, .ofs_y = -1},
    {.bitmap_index = 31630, .adv_w = 433, .box_w = 30, .box_h = 52, .ofs_x = 0, .ofs_y = 0},
    {.bitmap_index = 32020, .adv_w = 784, .box_w = 42, .box_h = 52, .ofs_x = 2, .ofs_y = -14},
    {.bitmap_index = 32566, .adv_w = 774, .box_w = 39, .box_h = 52, .ofs_x = 5, .ofs_y = 0},
    {.bitmap_index = 33073, .adv_w = 337, .box_w = 15, .box_h = 55, .ofs_x = 3, .ofs_y = 0},
    {.bitmap_index = 33280, .adv_w = 344, .box_w = 25, .box_h = 70, .ofs_x = -7, .ofs_y = -14},
    {.bitmap_index = 33718, .adv_w = 734, .box_w = 42, .box_h = 52, .ofs_x = 5, .ofs_y = 0},
    {.bitmap_index = 34264, .adv_w = 337, .box_w = 11, .box_h = 52, .ofs_x = 5, .ofs_y = 0},
    {.bitmap_index = 34407, .adv_w = 1175, .box_w = 64, .box_h = 38, .ofs_x = 5, .ofs_y = 0},
    {.bitmap_index = 35015, .adv_w = 774, .box_w = 39, .box_h = 38, .ofs_x = 5, .ofs_y = 0},
    {.bitmap_index = 35386, .adv_w = 734, .box_w = 42, .box_h = 39, .ofs_x = 2, .ofs_y = -1},
    {.bitmap_index = 35796, .adv_w = 773, .box_w = 42, .box_h = 51, .ofs_x = 5, .ofs_y = -13},
    {.bitmap_index = 36332, .adv_w = 773, .box_w = 42, .box_h = 51, .ofs_x = 2, .ofs_y = -13},
    {.bitmap_index = 36868, .adv_w = 483, .box_w = 24, .box_h = 38, .ofs_x = 5, .ofs_y = 0},
    {.bitmap_index = 37096, .adv_w = 595, .box_w = 35, .box_h = 39, .ofs_x = 1, .ofs_y = -1},
    {.bitmap_index = 37438, .adv_w = 487, .box_w = 30, .box_h = 47, .ofs_x = 0, .ofs_y = -1},
    {.bitmap_index = 37791, .adv_w = 769, .box_w = 39, .box_h = 38, .ofs_x = 4, .ofs_y = -1},
    {.bitmap_index = 38162, .adv_w = 670, .box_w = 44, .box_h = 37, .ofs_x = -1, .ofs_y = 0},
    {.bitmap_index = 38569, .adv_w = 1049, .box_w = 66, .box_h = 37, .ofs_x = 0, .ofs_y = 0},
    {.bitmap_index = 39180, .adv_w = 666, .box_w = 42, .box_h = 37, .ofs_x = 0, .ofs_y = 0},
    {.bitmap_index = 39569, .adv_w = 670, .box_w = 44, .box_h = 51, .ofs_x = -1, .ofs_y = -14},
    {.bitmap_index = 40130, .adv_w = 608, .box_w = 35, .box_h = 37, .ofs_x = 2, .ofs_y = 0},
    {.bitmap_index = 40454, .adv_w = 438, .box_w = 24, .box_h = 65, .ofs_x = 3, .ofs_y = -13},
    {.bitmap_index = 40844, .adv_w = 346, .box_w = 11, .box_h = 66, .ofs_x = 5, .ofs_y = -13},
    {.bitmap_index = 41026, .adv_w = 438, .box_w = 23, .box_h = 65, .ofs_x = 1, .ofs_y = -13},
    {.bitmap_index = 41400, .adv_w = 671, .box_w = 36, .box_h = 14, .ofs_x = 3, .ofs_y = 17}
};

/*---------------------
 *  CHARACTER MAPPING
 *--------------------*/



/*Collect the unicode lists and glyph_id offsets*/
static const lv_font_fmt_txt_cmap_t cmaps[] =
{
    {
        .range_start = 32, .range_length = 95, .glyph_id_start = 1,
        .unicode_list = NULL, .glyph_id_ofs_list = NULL, .list_length = 0, .type = LV_FONT_FMT_TXT_CMAP_FORMAT0_TINY
    }
};



/*--------------------
 *  ALL CUSTOM DATA
 *--------------------*/

#if LVGL_VERSION_MAJOR == 8
/*Store all the custom data of the font*/
static  lv_font_fmt_txt_glyph_cache_t cache;
#endif

#if LVGL_VERSION_MAJOR >= 8
static const lv_font_fmt_txt_dsc_t font_dsc = {
#else
static lv_font_fmt_txt_dsc_t font_dsc = {
#endif
    .glyph_bitmap = glyph_bitmap,
    .glyph_dsc = glyph_dsc,
    .cmaps = cmaps,
    .kern_dsc = NULL,
    .kern_scale = 0,
    .cmap_num = 1,
    .bpp = 2,
    .kern_classes = 0,
    .bitmap_format = 0,
#if LVGL_VERSION_MAJOR == 8
    .cache = &cache
#endif

};



/*-----------------
 *  PUBLIC FONT
 *----------------*/

/*Initialize a public general font descriptor*/
#if LVGL_VERSION_MAJOR >= 8
const lv_font_t lv_font_MontserratBold_70 = {
#else
lv_font_t lv_font_MontserratBold_70 = {
#endif
    .get_glyph_dsc = lv_font_get_glyph_dsc_fmt_txt,    /*Function pointer to get glyph's data*/
    .get_glyph_bitmap = lv_font_get_bitmap_fmt_txt,    /*Function pointer to get glyph's bitmap*/
    .line_height = 73,          /*The maximum line height required by the font*/
    .base_line = 14,             /*Baseline measured from the bottom of the line*/
#if !(LVGL_VERSION_MAJOR == 6 && LVGL_VERSION_MINOR == 0)
    .subpx = LV_FONT_SUBPX_NONE,
#endif
#if LV_VERSION_CHECK(7, 4, 0) || LVGL_VERSION_MAJOR >= 8
    .underline_position = -7,
    .underline_thickness = 4,
#endif
    .dsc = &font_dsc,          /*The custom font data. Will be accessed by `get_glyph_bitmap/dsc` */
#if LV_VERSION_CHECK(8, 2, 0) || LVGL_VERSION_MAJOR >= 9
    .fallback = NULL,
#endif
    .user_data = NULL,
};



#endif /*#if LV_FONT_MONTSERRATBOLD_70*/
