/*******************************************************************************
 * Size: 50 px
 * Bpp: 2
 * Opts: --bpp 2 --size 50 --no-compress --stride 1 --align 1 --font Roboto-Bold.ttf --range 32-126 --format lvgl -o lv_font_RobotoBold_50.c
 ******************************************************************************/

#ifdef __has_include
    #if __has_include("lvgl.h")
        #ifndef LV_LVGL_H_INCLUDE_SIMPLE
            #define LV_LVGL_H_INCLUDE_SIMPLE
        #endif
    #endif
#endif

#ifdef LV_LVGL_H_INCLUDE_SIMPLE
    #include "lvgl.h"
#else
    #include "lvgl/lvgl.h"
#endif



#ifndef LV_FONT_ROBOTOBOLD_50
#define LV_FONT_ROBOTOBOLD_50 1
#endif

#if LV_FONT_ROBOTOBOLD_50

/*-----------------
 *    BITMAPS
 *----------------*/

/*Store the image of the glyphs*/
static LV_ATTRIBUTE_LARGE_CONST const uint8_t glyph_bitmap[] = {
    /* U+0020 " " */

    /* U+0021 "!" */
    0x3f, 0xff, 0x8f, 0xff, 0xe2, 0xff, 0xf8, 0xbf,
    0xfe, 0x2f, 0xff, 0x8b, 0xff, 0xd2, 0xff, 0xf4,
    0xbf, 0xfd, 0x2f, 0xff, 0x4b, 0xff, 0xd1, 0xff,
    0xf4, 0x7f, 0xfd, 0x1f, 0xff, 0x47, 0xff, 0xc1,
    0xff, 0xf0, 0x7f, 0xfc, 0x1f, 0xff, 0x3, 0xff,
    0xc0, 0xff, 0xf0, 0x3f, 0xfc, 0xf, 0xff, 0x3,
    0xff, 0xc0, 0xff, 0xf0, 0x3f, 0xfc, 0xf, 0xfe,
    0x0, 0x0, 0x0, 0x0, 0x0, 0x0, 0x0, 0x0,
    0x40, 0x2, 0xff, 0x42, 0xff, 0xf4, 0xff, 0xff,
    0x3f, 0xff, 0xcf, 0xff, 0xe1, 0xff, 0xf0, 0x1f,
    0xe0,

    /* U+0022 "\"" */
    0x7f, 0xd0, 0xbf, 0xd7, 0xfd, 0xb, 0xfd, 0x7f,
    0xd0, 0xbf, 0xd7, 0xfd, 0xb, 0xfd, 0x7f, 0xd0,
    0xbf, 0xd7, 0xfc, 0xb, 0xfc, 0x7f, 0xc0, 0xbf,
    0xc7, 0xfc, 0xb, 0xfc, 0x7f, 0xc0, 0xbf, 0xc7,
    0xfc, 0xb, 0xfc, 0x7f, 0x80, 0xbf, 0x87, 0xf8,
    0xb, 0xf8, 0x7f, 0x80, 0xbf, 0x41, 0x50, 0x1,
    0x50,

    /* U+0023 "#" */
    0x0, 0x0, 0xb, 0xfc, 0x1, 0xff, 0x0, 0x0,
    0x0, 0xf, 0xf8, 0x2, 0xff, 0x0, 0x0, 0x0,
    0xf, 0xf4, 0x3, 0xfe, 0x0, 0x0, 0x0, 0xf,
    0xf4, 0x3, 0xfd, 0x0, 0x0, 0x0, 0x1f, 0xf0,
    0x3, 0xfd, 0x0, 0x0, 0x0, 0x1f, 0xf0, 0x7,
    0xfc, 0x0, 0x0, 0x0, 0x2f, 0xf0, 0xb, 0xfc,
    0x0, 0x0, 0x0, 0x3f, 0xe0, 0xb, 0xfc, 0x0,
    0x0, 0x0, 0x3f, 0xd0, 0xf, 0xf8, 0x0, 0x0,
    0x0, 0x3f, 0xc0, 0xf, 0xf4, 0x0, 0x0, 0x0,
    0x7f, 0xc0, 0x1f, 0xf4, 0x0, 0xb, 0xff, 0xff,
    0xff, 0xff, 0xff, 0xfe, 0xb, 0xff, 0xff, 0xff,
    0xff, 0xff, 0xfe, 0xb, 0xff, 0xff, 0xff, 0xff,
    0xff, 0xfe, 0xb, 0xff, 0xff, 0xff, 0xff, 0xff,
    0xfe, 0x0, 0x0, 0xff, 0x0, 0x3f, 0xd0, 0x0,
    0x0, 0x1, 0xff, 0x0, 0x3f, 0xc0, 0x0, 0x0,
    0x2, 0xff, 0x0, 0x7f, 0xc0, 0x0, 0x0, 0x2,
    0xfe, 0x0, 0xbf, 0xc0, 0x0, 0x0, 0x3, 0xfe,
    0x0, 0xbf, 0x80, 0x0, 0x0, 0x3, 0xfd, 0x0,
    0xff, 0x80, 0x0, 0x0, 0x7, 0xfd, 0x0, 0xff,
    0x40, 0x0, 0xbf, 0xff, 0xff, 0xff, 0xff, 0xff,
    0xf0, 0xbf, 0xff, 0xff, 0xff, 0xff, 0xff, 0xf0,
    0xbf, 0xff, 0xff, 0xff, 0xff, 0xff, 0xf0, 0xbf,
    0xff, 0xff, 0xff, 0xff, 0xff, 0xf0, 0x0, 0xf,
    0xf4, 0x3, 0xfd, 0x0, 0x0, 0x0, 0x1f, 0xf0,
    0x3, 0xfd, 0x0, 0x0, 0x0, 0x1f, 0xf0, 0x7,
    0xfc, 0x0, 0x0, 0x0, 0x2f, 0xf0, 0x7, 0xfc,
    0x0, 0x0, 0x0, 0x3f, 0xe0, 0xb, 0xfc, 0x0,
    0x0, 0x0, 0x3f, 0xd0, 0xf, 0xf8, 0x0, 0x0,
    0x0, 0x3f, 0xd0, 0xf, 0xf4, 0x0, 0x0, 0x0,
    0x7f, 0xc0, 0xf, 0xf4, 0x0, 0x0, 0x0, 0x7f,
    0xc0, 0x1f, 0xf0, 0x0, 0x0, 0x0, 0xbf, 0xc0,
    0x2f, 0xf0, 0x0, 0x0,

    /* U+0024 "$" */
    0x0, 0x0, 0x2, 0xfc, 0x0, 0x0, 0x0, 0x0,
    0x0, 0xbf, 0x0, 0x0, 0x0, 0x0, 0x0, 0x2f,
    0xc0, 0x0, 0x0, 0x0, 0x0, 0xb, 0xf0, 0x0,
    0x0, 0x0, 0x0, 0x2, 0xfc, 0x0, 0x0, 0x0,
    0x0, 0x0, 0xbf, 0x0, 0x0, 0x0, 0x0, 0x6,
    0xff, 0xf9, 0x0, 0x0, 0x0, 0x2f, 0xff, 0xff,
    0xf4, 0x0, 0x0, 0x3f, 0xff, 0xff, 0xff, 0x80,
    0x0, 0x3f, 0xff, 0xff, 0xff, 0xf8, 0x0, 0x3f,
    0xff, 0xff, 0xff, 0xff, 0x40, 0x2f, 0xff, 0xf9,
    0x6f, 0xff, 0xf0, 0xf, 0xff, 0xf0, 0x1, 0xff,
    0xfe, 0x3, 0xff, 0xf0, 0x0, 0x2f, 0xff, 0xc1,
    0xff, 0xfc, 0x0, 0x3, 0xff, 0xf0, 0x7f, 0xfe,
    0x0, 0x0, 0xff, 0xfd, 0x1f, 0xff, 0x80, 0x0,
    0x2f, 0xff, 0x47, 0xff, 0xf0, 0x0, 0x1, 0x55,
    0x40, 0xff, 0xfd, 0x0, 0x0, 0x0, 0x0, 0x3f,
    0xff, 0xe0, 0x0, 0x0, 0x0, 0x7, 0xff, 0xff,
    0x40, 0x0, 0x0, 0x0, 0xbf, 0xff, 0xfe, 0x0,
    0x0, 0x0, 0xb, 0xff, 0xff, 0xf8, 0x0, 0x0,
    0x0, 0xbf, 0xff, 0xff, 0xe0, 0x0, 0x0, 0x2,
    0xff, 0xff, 0xff, 0x40, 0x0, 0x0, 0xb, 0xff,
    0xff, 0xf8, 0x0, 0x0, 0x0, 0x2f, 0xff, 0xff,
    0x80, 0x0, 0x0, 0x0, 0x7f, 0xff, 0xf0, 0x0,
    0x0, 0x0, 0x1, 0xff, 0xfe, 0x0, 0x0, 0x0,
    0x0, 0x1f, 0xff, 0xc5, 0x55, 0x40, 0x0, 0x3,
    0xff, 0xf2, 0xff, 0xf4, 0x0, 0x0, 0xbf, 0xfd,
    0xbf, 0xfd, 0x0, 0x0, 0x2f, 0xff, 0x5f, 0xff,
    0xc0, 0x0, 0xf, 0xff, 0xd3, 0xff, 0xf4, 0x0,
    0x3, 0xff, 0xf0, 0xff, 0xff, 0x40, 0x3, 0xff,
    0xfc, 0x1f, 0xff, 0xfe, 0x5b, 0xff, 0xfd, 0x2,
    0xff, 0xff, 0xff, 0xff, 0xff, 0x0, 0x3f, 0xff,
    0xff, 0xff, 0xff, 0x0, 0x2, 0xff, 0xff, 0xff,
    0xff, 0x0, 0x0, 0x1f, 0xff, 0xff, 0xfe, 0x0,
    0x0, 0x0, 0x1b, 0xff, 0xe4, 0x0, 0x0, 0x0,
    0x0, 0x3f, 0x80, 0x0, 0x0, 0x0, 0x0, 0xf,
    0xe0, 0x0, 0x0, 0x0, 0x0, 0x3, 0xf8, 0x0,
    0x0, 0x0, 0x0, 0x0, 0xfe, 0x0, 0x0, 0x0,
    0x0, 0x0, 0x2a, 0x40, 0x0, 0x0,

    /* U+0025 "%" */
    0x0, 0x6f, 0xf9, 0x0, 0x0, 0x0, 0x0, 0x0,
    0x0, 0xff, 0xff, 0xf0, 0x0, 0x0, 0x0, 0x0,
    0x0, 0xff, 0xff, 0xff, 0x0, 0x0, 0x0, 0x0,
    0x0, 0xbf, 0xff, 0xff, 0xf0, 0x0, 0x0, 0x0,
    0x0, 0x3f, 0xf4, 0x1f, 0xfd, 0x0, 0x3, 0x80,
    0x0, 0x1f, 0xf4, 0x1, 0xff, 0x80, 0x2, 0xfd,
    0x0, 0xb, 0xfc, 0x0, 0x3f, 0xe0, 0x1, 0xff,
    0x0, 0x2, 0xff, 0x0, 0xf, 0xfc, 0x0, 0xff,
    0x80, 0x0, 0xbf, 0xc0, 0x3, 0xff, 0x0, 0xbf,
    0xc0, 0x0, 0x2f, 0xf0, 0x0, 0xff, 0x80, 0x7f,
    0xd0, 0x0, 0x7, 0xfd, 0x0, 0x7f, 0xe0, 0x3f,
    0xe0, 0x0, 0x0, 0xff, 0xd0, 0x7f, 0xf4, 0x2f,
    0xf0, 0x0, 0x0, 0x2f, 0xff, 0xff, 0xfc, 0xf,
    0xf4, 0x0, 0x0, 0x3, 0xff, 0xff, 0xfc, 0xf,
    0xfc, 0x0, 0x0, 0x0, 0x3f, 0xff, 0xfc, 0x7,
    0xfc, 0x0, 0x0, 0x0, 0x1, 0xbf, 0xe4, 0x3,
    0xfd, 0x0, 0x0, 0x0, 0x0, 0x0, 0x0, 0x2,
    0xff, 0x0, 0x0, 0x0, 0x0, 0x0, 0x0, 0x1,
    0xff, 0x0, 0x0, 0x0, 0x0, 0x0, 0x0, 0x0,
    0xff, 0x80, 0x0, 0x0, 0x0, 0x0, 0x0, 0x0,
    0xbf, 0xc0, 0x6f, 0xf9, 0x0, 0x0, 0x0, 0x0,
    0x7f, 0xd0, 0xbf, 0xff, 0xf0, 0x0, 0x0, 0x0,
    0x3f, 0xe0, 0xff, 0xff, 0xff, 0x0, 0x0, 0x0,
    0x2f, 0xf0, 0xbf, 0xff, 0xff, 0xe0, 0x0, 0x0,
    0xf, 0xf4, 0x3f, 0xf4, 0x1f, 0xfc, 0x0, 0x0,
    0xf, 0xf8, 0x1f, 0xf8, 0x1, 0xff, 0x80, 0x0,
    0x7, 0xfc, 0xb, 0xfc, 0x0, 0x3f, 0xe0, 0x0,
    0x3, 0xfd, 0x2, 0xff, 0x0, 0xf, 0xfc, 0x0,
    0x3, 0xff, 0x0, 0xbf, 0xc0, 0x3, 0xff, 0x0,
    0x1, 0xff, 0x0, 0x2f, 0xf0, 0x0, 0xff, 0xc0,
    0x0, 0xff, 0x80, 0xb, 0xfc, 0x0, 0x3f, 0xe0,
    0x0, 0xbf, 0xc0, 0x1, 0xff, 0x80, 0x1f, 0xf8,
    0x0, 0xf, 0xd0, 0x0, 0x3f, 0xf4, 0xf, 0xfd,
    0x0, 0x0, 0x60, 0x0, 0xb, 0xff, 0xff, 0xff,
    0x0, 0x0, 0x0, 0x0, 0x0, 0xff, 0xff, 0xff,
    0x0, 0x0, 0x0, 0x0, 0x0, 0xb, 0xff, 0xff,
    0x0, 0x0, 0x0, 0x0, 0x0, 0x0, 0x6f, 0xf9,
    0x0,

    /* U+0026 "&" */
    0x0, 0x0, 0x1b, 0xff, 0x80, 0x0, 0x0, 0x0,
    0x0, 0x1, 0xff, 0xff, 0xf8, 0x0, 0x0, 0x0,
    0x0, 0x7, 0xff, 0xff, 0xff, 0x0, 0x0, 0x0,
    0x0, 0x1f, 0xff, 0xff, 0xff, 0xc0, 0x0, 0x0,
    0x0, 0x3f, 0xff, 0xff, 0xff, 0xe0, 0x0, 0x0,
    0x0, 0xbf, 0xff, 0xab, 0xff, 0xf0, 0x0, 0x0,
    0x0, 0xff, 0xfc, 0x0, 0xff, 0xf4, 0x0, 0x0,
    0x0, 0xff, 0xf4, 0x0, 0xbf, 0xf4, 0x0, 0x0,
    0x0, 0xff, 0xf0, 0x0, 0x7f, 0xf4, 0x0, 0x0,
    0x0, 0xff, 0xf0, 0x0, 0x7f, 0xf4, 0x0, 0x0,
    0x0, 0xff, 0xf4, 0x0, 0xff, 0xf0, 0x0, 0x0,
    0x0, 0xff, 0xf8, 0x2, 0xff, 0xe0, 0x0, 0x0,
    0x0, 0xbf, 0xfd, 0xb, 0xff, 0xc0, 0x0, 0x0,
    0x0, 0x3f, 0xff, 0x7f, 0xff, 0x40, 0x0, 0x0,
    0x0, 0x2f, 0xff, 0xff, 0xfd, 0x0, 0x0, 0x0,
    0x0, 0xf, 0xff, 0xff, 0xf0, 0x0, 0x0, 0x0,
    0x0, 0x7, 0xff, 0xff, 0x80, 0x0, 0x0, 0x0,
    0x0, 0xb, 0xff, 0xfe, 0x0, 0x0, 0x0, 0x0,
    0x0, 0x3f, 0xff, 0xff, 0x0, 0x1, 0x55, 0x40,
    0x0, 0xff, 0xff, 0xff, 0xc0, 0x3, 0xff, 0xc0,
    0x3, 0xff, 0xff, 0xff, 0xf0, 0x3, 0xff, 0xc0,
    0xf, 0xff, 0xe7, 0xff, 0xf8, 0x3, 0xff, 0xc0,
    0x1f, 0xff, 0xc1, 0xff, 0xfe, 0x7, 0xff, 0xc0,
    0x3f, 0xff, 0x0, 0xbf, 0xff, 0x4f, 0xff, 0x80,
    0x3f, 0xff, 0x0, 0x2f, 0xff, 0xef, 0xff, 0x40,
    0x3f, 0xff, 0x0, 0xf, 0xff, 0xff, 0xff, 0x0,
    0x7f, 0xff, 0x0, 0x3, 0xff, 0xff, 0xfe, 0x0,
    0x3f, 0xff, 0x0, 0x0, 0xff, 0xff, 0xfc, 0x0,
    0x3f, 0xff, 0x80, 0x0, 0x7f, 0xff, 0xf8, 0x0,
    0x2f, 0xff, 0xe0, 0x0, 0x7f, 0xff, 0xf0, 0x0,
    0x1f, 0xff, 0xfe, 0xab, 0xff, 0xff, 0xf8, 0x0,
    0xb, 0xff, 0xff, 0xff, 0xff, 0xff, 0xfd, 0x0,
    0x3, 0xff, 0xff, 0xff, 0xff, 0xff, 0xff, 0x40,
    0x0, 0xbf, 0xff, 0xff, 0xff, 0xff, 0xff, 0xc0,
    0x0, 0x1f, 0xff, 0xff, 0xfd, 0xf, 0xff, 0xf0,
    0x0, 0x1, 0xbf, 0xfe, 0x80, 0x3, 0xff, 0xfc,

    /* U+0027 "'" */
    0x7f, 0xe7, 0xfe, 0x7f, 0xe7, 0xfe, 0x7f, 0xe7,
    0xfe, 0x7f, 0xd7, 0xfd, 0x7f, 0xd7, 0xfd, 0x7f,
    0xc7, 0xfc, 0x7f, 0xc1, 0x54,

    /* U+0028 "(" */
    0x0, 0x0, 0x1, 0x0, 0x0, 0x0, 0xb8, 0x0,
    0x0, 0x3f, 0xc0, 0x0, 0xf, 0xfd, 0x0, 0x3,
    0xff, 0xc0, 0x0, 0xff, 0xf0, 0x0, 0x2f, 0xfc,
    0x0, 0x7, 0xff, 0x40, 0x0, 0xff, 0xe0, 0x0,
    0x1f, 0xfc, 0x0, 0x3, 0xff, 0x80, 0x0, 0x7f,
    0xf4, 0x0, 0xb, 0xff, 0x0, 0x0, 0xff, 0xe0,
    0x0, 0x1f, 0xfd, 0x0, 0x2, 0xff, 0xc0, 0x0,
    0x3f, 0xfc, 0x0, 0x3, 0xff, 0x80, 0x0, 0x7f,
    0xf4, 0x0, 0xb, 0xff, 0x40, 0x0, 0xbf, 0xf0,
    0x0, 0xf, 0xff, 0x0, 0x0, 0xff, 0xf0, 0x0,
    0xf, 0xff, 0x0, 0x0, 0xff, 0xf0, 0x0, 0xf,
    0xff, 0x0, 0x0, 0xff, 0xf0, 0x0, 0xf, 0xff,
    0x0, 0x0, 0xff, 0xf0, 0x0, 0xf, 0xff, 0x0,
    0x0, 0xbf, 0xf0, 0x0, 0xb, 0xff, 0x0, 0x0,
    0x7f, 0xf4, 0x0, 0x7, 0xff, 0x80, 0x0, 0x3f,
    0xf8, 0x0, 0x3, 0xff, 0xc0, 0x0, 0x2f, 0xfc,
    0x0, 0x1, 0xff, 0xd0, 0x0, 0xf, 0xfe, 0x0,
    0x0, 0xbf, 0xf0, 0x0, 0x3, 0xff, 0x40, 0x0,
    0x2f, 0xfc, 0x0, 0x0, 0xff, 0xd0, 0x0, 0xb,
    0xff, 0x0, 0x0, 0x3f, 0xf8, 0x0, 0x1, 0xff,
    0xd0, 0x0, 0xb, 0xff, 0x40, 0x0, 0x2f, 0xfd,
    0x0, 0x0, 0xbf, 0xc0, 0x0, 0x2, 0xfc, 0x0,
    0x0, 0x7, 0x40, 0x0, 0x0, 0x0,

    /* U+0029 ")" */
    0x4, 0x0, 0x0, 0x0, 0x3d, 0x0, 0x0, 0x1,
    0xfe, 0x0, 0x0, 0xf, 0xfe, 0x0, 0x0, 0x1f,
    0xfe, 0x0, 0x0, 0x1f, 0xfd, 0x0, 0x0, 0x2f,
    0xfd, 0x0, 0x0, 0x3f, 0xfc, 0x0, 0x0, 0x7f,
    0xf8, 0x0, 0x0, 0xbf, 0xf0, 0x0, 0x1, 0xff,
    0xe0, 0x0, 0x3, 0xff, 0xc0, 0x0, 0x7, 0xff,
    0x40, 0x0, 0xf, 0xff, 0x0, 0x0, 0x3f, 0xfc,
    0x0, 0x0, 0xbf, 0xf4, 0x0, 0x1, 0xff, 0xe0,
    0x0, 0x3, 0xff, 0xc0, 0x0, 0xf, 0xff, 0x0,
    0x0, 0x3f, 0xfd, 0x0, 0x0, 0xbf, 0xf8, 0x0,
    0x2, 0xff, 0xe0, 0x0, 0xb, 0xff, 0x80, 0x0,
    0x2f, 0xff, 0x0, 0x0, 0xbf, 0xfc, 0x0, 0x1,
    0xff, 0xf0, 0x0, 0x7, 0xff, 0xc0, 0x0, 0x2f,
    0xff, 0x0, 0x0, 0xbf, 0xf8, 0x0, 0x2, 0xff,
    0xe0, 0x0, 0xb, 0xff, 0x80, 0x0, 0x3f, 0xfd,
    0x0, 0x0, 0xff, 0xf4, 0x0, 0x3, 0xff, 0xc0,
    0x0, 0xf, 0xff, 0x0, 0x0, 0x7f, 0xf8, 0x0,
    0x2, 0xff, 0xd0, 0x0, 0xf, 0xff, 0x0, 0x0,
    0x3f, 0xf8, 0x0, 0x2, 0xff, 0xd0, 0x0, 0xf,
    0xff, 0x0, 0x0, 0x7f, 0xf4, 0x0, 0x3, 0xff,
    0xc0, 0x0, 0x2f, 0xfd, 0x0, 0x0, 0xff, 0xe0,
    0x0, 0xf, 0xff, 0x0, 0x0, 0xff, 0xf0, 0x0,
    0xf, 0xff, 0x40, 0x0, 0x2f, 0xf4, 0x0, 0x0,
    0x7f, 0x0, 0x0, 0x0, 0xe0, 0x0, 0x0, 0x0,
    0x0, 0x0, 0x0,

    /* U+002A "*" */
    0x0, 0x0, 0x2f, 0xf0, 0x0, 0x0, 0x0, 0x0,
    0xbf, 0xc0, 0x0, 0x0, 0x0, 0x2, 0xff, 0x0,
    0x0, 0x0, 0x0, 0xb, 0xfc, 0x0, 0x0, 0x0,
    0x0, 0x1f, 0xe0, 0x0, 0x0, 0x10, 0x0, 0x7f,
    0x80, 0x0, 0x0, 0xf8, 0x1, 0xfe, 0x0, 0x6c,
    0xb, 0xfe, 0x47, 0xf8, 0x1f, 0xf8, 0x3f, 0xff,
    0xef, 0xeb, 0xff, 0xf0, 0xff, 0xff, 0xff, 0xff,
    0xff, 0xc0, 0x6f, 0xff, 0xff, 0xff, 0xf9, 0x0,
    0x1, 0xff, 0xff, 0xf4, 0x0, 0x0, 0x0, 0xff,
    0xfc, 0x0, 0x0, 0x0, 0xb, 0xff, 0xf4, 0x0,
    0x0, 0x0, 0xbf, 0xff, 0xf4, 0x0, 0x0, 0x7,
    0xfe, 0x3f, 0xf0, 0x0, 0x0, 0x3f, 0xf0, 0x7f,
    0xf0, 0x0, 0x3, 0xff, 0x40, 0xbf, 0xe0, 0x0,
    0x2f, 0xf8, 0x0, 0xff, 0xd0, 0x0, 0x2f, 0xc0,
    0x1, 0xfe, 0x0, 0x0, 0x1d, 0x0, 0x3, 0xd0,
    0x0, 0x0, 0x0, 0x0, 0x0, 0x0, 0x0,

    /* U+002B "+" */
    0x0, 0x0, 0x3f, 0xff, 0x0, 0x0, 0x0, 0x0,
    0xf, 0xff, 0xc0, 0x0, 0x0, 0x0, 0x3, 0xff,
    0xf0, 0x0, 0x0, 0x0, 0x0, 0xff, 0xfc, 0x0,
    0x0, 0x0, 0x0, 0x3f, 0xff, 0x0, 0x0, 0x0,
    0x0, 0xf, 0xff, 0xc0, 0x0, 0x0, 0x0, 0x3,
    0xff, 0xf0, 0x0, 0x0, 0x0, 0x0, 0xff, 0xfc,
    0x0, 0x0, 0x0, 0x0, 0x3f, 0xff, 0x0, 0x0,
    0x0, 0x0, 0xf, 0xff, 0xc0, 0x0, 0xb, 0xff,
    0xff, 0xff, 0xff, 0xff, 0xfa, 0xff, 0xff, 0xff,
    0xff, 0xff, 0xfe, 0xbf, 0xff, 0xff, 0xff, 0xff,
    0xff, 0xaf, 0xff, 0xff, 0xff, 0xff, 0xff, 0xeb,
    0xff, 0xff, 0xff, 0xff, 0xff, 0xfa, 0xff, 0xff,
    0xff, 0xff, 0xff, 0xfe, 0x0, 0x0, 0x3f, 0xff,
    0x0, 0x0, 0x0, 0x0, 0xf, 0xff, 0xc0, 0x0,
    0x0, 0x0, 0x3, 0xff, 0xf0, 0x0, 0x0, 0x0,
    0x0, 0xff, 0xfc, 0x0, 0x0, 0x0, 0x0, 0x3f,
    0xff, 0x0, 0x0, 0x0, 0x0, 0xf, 0xff, 0xc0,
    0x0, 0x0, 0x0, 0x3, 0xff, 0xf0, 0x0, 0x0,
    0x0, 0x0, 0xff, 0xfc, 0x0, 0x0, 0x0, 0x0,
    0x3f, 0xff, 0x0, 0x0, 0x0, 0x0, 0xf, 0xff,
    0xc0, 0x0, 0x0,

    /* U+002C "," */
    0x2, 0xff, 0xd0, 0x2f, 0xfd, 0x2, 0xff, 0xd0,
    0x2f, 0xfd, 0x2, 0xff, 0xd0, 0x2f, 0xfd, 0x2,
    0xff, 0xc0, 0x3f, 0xfc, 0x3, 0xff, 0x80, 0x7f,
    0xf4, 0xf, 0xff, 0x1, 0xff, 0xd0, 0x3f, 0xf8,
    0x0, 0xbf, 0x0, 0x0, 0x80, 0x0,

    /* U+002D "-" */
    0x2a, 0xaa, 0xaa, 0xa4, 0xff, 0xff, 0xff, 0xe3,
    0xff, 0xff, 0xff, 0x8f, 0xff, 0xff, 0xfe, 0x3f,
    0xff, 0xff, 0xf8, 0xff, 0xff, 0xff, 0xe0,

    /* U+002E "." */
    0x1, 0x40, 0xb, 0xfe, 0x7, 0xff, 0xe3, 0xff,
    0xfc, 0xff, 0xff, 0x2f, 0xff, 0xc3, 0xff, 0xd0,
    0x2f, 0xd0,

    /* U+002F "/" */
    0x0, 0x0, 0x0, 0x1f, 0xfc, 0x0, 0x0, 0x0,
    0xff, 0xd0, 0x0, 0x0, 0x3, 0xff, 0x0, 0x0,
    0x0, 0x1f, 0xf8, 0x0, 0x0, 0x0, 0xff, 0xd0,
    0x0, 0x0, 0x3, 0xff, 0x0, 0x0, 0x0, 0x2f,
    0xf8, 0x0, 0x0, 0x0, 0xff, 0xd0, 0x0, 0x0,
    0x3, 0xff, 0x0, 0x0, 0x0, 0x2f, 0xf8, 0x0,
    0x0, 0x0, 0xff, 0xd0, 0x0, 0x0, 0x3, 0xff,
    0x0, 0x0, 0x0, 0x2f, 0xf8, 0x0, 0x0, 0x0,
    0xff, 0xd0, 0x0, 0x0, 0x3, 0xff, 0x0, 0x0,
    0x0, 0x2f, 0xf8, 0x0, 0x0, 0x0, 0xff, 0xd0,
    0x0, 0x0, 0x3, 0xff, 0x0, 0x0, 0x0, 0x2f,
    0xf8, 0x0, 0x0, 0x0, 0xff, 0xd0, 0x0, 0x0,
    0x3, 0xff, 0x0, 0x0, 0x0, 0x2f, 0xf8, 0x0,
    0x0, 0x0, 0xff, 0xd0, 0x0, 0x0, 0x7, 0xff,
    0x0, 0x0, 0x0, 0x2f, 0xf8, 0x0, 0x0, 0x0,
    0xff, 0xd0, 0x0, 0x0, 0x7, 0xff, 0x0, 0x0,
    0x0, 0x2f, 0xf8, 0x0, 0x0, 0x0, 0xff, 0xd0,
    0x0, 0x0, 0x7, 0xff, 0x0, 0x0, 0x0, 0x2f,
    0xf8, 0x0, 0x0, 0x0, 0xff, 0xd0, 0x0, 0x0,
    0x7, 0xff, 0x0, 0x0, 0x0, 0x2f, 0xf8, 0x0,
    0x0, 0x0, 0xff, 0xc0, 0x0, 0x0, 0x7, 0xff,
    0x0, 0x0, 0x0, 0x2f, 0xf8, 0x0, 0x0, 0x0,
    0xff, 0xc0, 0x0, 0x0, 0x2, 0xa9, 0x0, 0x0,
    0x0, 0x0,

    /* U+0030 "0" */
    0x0, 0x0, 0x6f, 0xfe, 0x40, 0x0, 0x0, 0x2,
    0xff, 0xff, 0xfe, 0x0, 0x0, 0x7, 0xff, 0xff,
    0xff, 0xf0, 0x0, 0x7, 0xff, 0xff, 0xff, 0xff,
    0x0, 0x3, 0xff, 0xff, 0xff, 0xff, 0xf0, 0x2,
    0xff, 0xff, 0xab, 0xff, 0xfd, 0x0, 0xff, 0xfd,
    0x0, 0x2f, 0xff, 0xc0, 0xbf, 0xfe, 0x0, 0x3,
    0xff, 0xf4, 0x3f, 0xff, 0x0, 0x0, 0x7f, 0xfe,
    0xf, 0xff, 0xc0, 0x0, 0xf, 0xff, 0xc7, 0xff,
    0xe0, 0x0, 0x3, 0xff, 0xf2, 0xff, 0xf4, 0x0,
    0x0, 0xff, 0xfc, 0xbf, 0xfd, 0x0, 0x0, 0x2f,
    0xff, 0x6f, 0xff, 0x40, 0x0, 0xb, 0xff, 0xdb,
    0xff, 0xd0, 0x0, 0x2, 0xff, 0xf6, 0xff, 0xf4,
    0x0, 0x0, 0xbf, 0xfd, 0xbf, 0xfd, 0x0, 0x0,
    0x2f, 0xff, 0x6f, 0xff, 0x40, 0x0, 0xb, 0xff,
    0xdb, 0xff, 0xd0, 0x0, 0x2, 0xff, 0xf6, 0xff,
    0xf4, 0x0, 0x0, 0xbf, 0xfd, 0xbf, 0xfd, 0x0,
    0x0, 0x2f, 0xff, 0x6f, 0xff, 0x40, 0x0, 0xb,
    0xff, 0xdb, 0xff, 0xd0, 0x0, 0x2, 0xff, 0xf6,
    0xff, 0xf4, 0x0, 0x0, 0xbf, 0xfd, 0x7f, 0xfe,
    0x0, 0x0, 0x3f, 0xff, 0x1f, 0xff, 0x80, 0x0,
    0xf, 0xff, 0xc3, 0xff, 0xf0, 0x0, 0x3, 0xff,
    0xf0, 0xff, 0xfc, 0x0, 0x1, 0xff, 0xf8, 0x2f,
    0xff, 0x80, 0x0, 0xff, 0xfd, 0x3, 0xff, 0xf4,
    0x0, 0xbf, 0xff, 0x0, 0xbf, 0xff, 0xea, 0xff,
    0xff, 0x40, 0xf, 0xff, 0xff, 0xff, 0xff, 0xc0,
    0x1, 0xff, 0xff, 0xff, 0xff, 0xc0, 0x0, 0x1f,
    0xff, 0xff, 0xff, 0xc0, 0x0, 0x0, 0xbf, 0xff,
    0xff, 0x80, 0x0, 0x0, 0x1, 0xbf, 0xf9, 0x0,
    0x0,

    /* U+0031 "1" */
    0x0, 0x0, 0x0, 0x2e, 0x0, 0x0, 0x7, 0xfe,
    0x0, 0x1, 0xbf, 0xfe, 0x0, 0x6f, 0xff, 0xfe,
    0xb, 0xff, 0xff, 0xfe, 0xff, 0xff, 0xff, 0xfe,
    0xff, 0xff, 0xff, 0xfe, 0xff, 0xff, 0xff, 0xfe,
    0xff, 0xfe, 0xbf, 0xfe, 0xff, 0x40, 0x7f, 0xfe,
    0x90, 0x0, 0x7f, 0xfe, 0x0, 0x0, 0x7f, 0xfe,
    0x0, 0x0, 0x7f, 0xfe, 0x0, 0x0, 0x7f, 0xfe,
    0x0, 0x0, 0x7f, 0xfe, 0x0, 0x0, 0x7f, 0xfe,
    0x0, 0x0, 0x7f, 0xfe, 0x0, 0x0, 0x7f, 0xfe,
    0x0, 0x0, 0x7f, 0xfe, 0x0, 0x0, 0x7f, 0xfe,
    0x0, 0x0, 0x7f, 0xfe, 0x0, 0x0, 0x7f, 0xfe,
    0x0, 0x0, 0x7f, 0xfe, 0x0, 0x0, 0x7f, 0xfe,
    0x0, 0x0, 0x7f, 0xfe, 0x0, 0x0, 0x7f, 0xfe,
    0x0, 0x0, 0x7f, 0xfe, 0x0, 0x0, 0x7f, 0xfe,
    0x0, 0x0, 0x7f, 0xfe, 0x0, 0x0, 0x7f, 0xfe,
    0x0, 0x0, 0x7f, 0xfe, 0x0, 0x0, 0x7f, 0xfe,
    0x0, 0x0, 0x7f, 0xfe, 0x0, 0x0, 0x7f, 0xfe,
    0x0, 0x0, 0x7f, 0xfe, 0x0, 0x0, 0x7f, 0xfe,

    /* U+0032 "2" */
    0x0, 0x0, 0x6f, 0xff, 0x90, 0x0, 0x0, 0x0,
    0x7f, 0xff, 0xff, 0xe0, 0x0, 0x0, 0x3f, 0xff,
    0xff, 0xff, 0xd0, 0x0, 0xf, 0xff, 0xff, 0xff,
    0xff, 0x40, 0x3, 0xff, 0xff, 0xff, 0xff, 0xfc,
    0x0, 0xbf, 0xff, 0xea, 0xff, 0xff, 0xe0, 0xf,
    0xff, 0xf0, 0x0, 0xff, 0xff, 0x2, 0xff, 0xfc,
    0x0, 0x3, 0xff, 0xf4, 0x3f, 0xff, 0x40, 0x0,
    0x3f, 0xff, 0x83, 0xff, 0xf0, 0x0, 0x2, 0xff,
    0xf8, 0x3f, 0xff, 0x0, 0x0, 0x1f, 0xff, 0x82,
    0xaa, 0x90, 0x0, 0x1, 0xff, 0xf4, 0x0, 0x0,
    0x0, 0x0, 0x2f, 0xff, 0x40, 0x0, 0x0, 0x0,
    0x3, 0xff, 0xf0, 0x0, 0x0, 0x0, 0x0, 0xbf,
    0xfe, 0x0, 0x0, 0x0, 0x0, 0x1f, 0xff, 0xc0,
    0x0, 0x0, 0x0, 0x3, 0xff, 0xf8, 0x0, 0x0,
    0x0, 0x0, 0xbf, 0xff, 0x0, 0x0, 0x0, 0x0,
    0x2f, 0xff, 0xd0, 0x0, 0x0, 0x0, 0xb, 0xff,
    0xf4, 0x0, 0x0, 0x0, 0x1, 0xff, 0xfe, 0x0,
    0x0, 0x0, 0x0, 0x7f, 0xff, 0x80, 0x0, 0x0,
    0x0, 0x1f, 0xff, 0xe0, 0x0, 0x0, 0x0, 0x7,
    0xff, 0xfc, 0x0, 0x0, 0x0, 0x0, 0xff, 0xff,
    0x0, 0x0, 0x0, 0x0, 0x3f, 0xff, 0xc0, 0x0,
    0x0, 0x0, 0xf, 0xff, 0xf0, 0x0, 0x0, 0x0,
    0x3, 0xff, 0xfc, 0x0, 0x0, 0x0, 0x0, 0xff,
    0xff, 0x40, 0x0, 0x0, 0x0, 0x3f, 0xff, 0xd0,
    0x0, 0x0, 0x0, 0xf, 0xff, 0xfe, 0xaa, 0xaa,
    0xaa, 0x92, 0xff, 0xff, 0xff, 0xff, 0xff, 0xff,
    0x2f, 0xff, 0xff, 0xff, 0xff, 0xff, 0xf2, 0xff,
    0xff, 0xff, 0xff, 0xff, 0xff, 0x2f, 0xff, 0xff,
    0xff, 0xff, 0xff, 0xf2, 0xff, 0xff, 0xff, 0xff,
    0xff, 0xff,

    /* U+0033 "3" */
    0x0, 0x0, 0x6f, 0xff, 0x90, 0x0, 0x0, 0x0,
    0xbf, 0xff, 0xff, 0xe0, 0x0, 0x0, 0x7f, 0xff,
    0xff, 0xff, 0xd0, 0x0, 0x2f, 0xff, 0xff, 0xff,
    0xff, 0x80, 0x7, 0xff, 0xff, 0xff, 0xff, 0xfd,
    0x0, 0xff, 0xff, 0xea, 0xbf, 0xff, 0xf0, 0x2f,
    0xff, 0xe0, 0x0, 0xbf, 0xff, 0x43, 0xff, 0xf8,
    0x0, 0x3, 0xff, 0xf8, 0x3f, 0xff, 0x0, 0x0,
    0x1f, 0xff, 0x81, 0x55, 0x50, 0x0, 0x1, 0xff,
    0xf8, 0x0, 0x0, 0x0, 0x0, 0x1f, 0xff, 0x80,
    0x0, 0x0, 0x0, 0x2, 0xff, 0xf4, 0x0, 0x0,
    0x0, 0x0, 0x3f, 0xff, 0x0, 0x0, 0x0, 0x0,
    0xf, 0xff, 0xd0, 0x0, 0x0, 0x2a, 0xaf, 0xff,
    0xf8, 0x0, 0x0, 0x7, 0xff, 0xff, 0xfe, 0x0,
    0x0, 0x0, 0x7f, 0xff, 0xff, 0x40, 0x0, 0x0,
    0x7, 0xff, 0xff, 0xf8, 0x0, 0x0, 0x0, 0x7f,
    0xff, 0xff, 0xf4, 0x0, 0x0, 0x6, 0xab, 0xff,
    0xff, 0xc0, 0x0, 0x0, 0x0, 0x1, 0xff, 0xff,
    0x0, 0x0, 0x0, 0x0, 0x3, 0xff, 0xf8, 0x0,
    0x0, 0x0, 0x0, 0x1f, 0xff, 0xc0, 0x0, 0x0,
    0x0, 0x0, 0xff, 0xfc, 0x0, 0x0, 0x0, 0x0,
    0xf, 0xff, 0xd1, 0x55, 0x40, 0x0, 0x0, 0xff,
    0xfd, 0x7f, 0xfe, 0x0, 0x0, 0xf, 0xff, 0xd7,
    0xff, 0xf0, 0x0, 0x0, 0xff, 0xfc, 0x3f, 0xff,
    0x80, 0x0, 0x2f, 0xff, 0xc3, 0xff, 0xfe, 0x0,
    0xb, 0xff, 0xf8, 0x1f, 0xff, 0xfe, 0xab, 0xff,
    0xff, 0x0, 0xbf, 0xff, 0xff, 0xff, 0xff, 0xd0,
    0x2, 0xff, 0xff, 0xff, 0xff, 0xf4, 0x0, 0xb,
    0xff, 0xff, 0xff, 0xfd, 0x0, 0x0, 0xb, 0xff,
    0xff, 0xfe, 0x0, 0x0, 0x0, 0x6, 0xff, 0xf9,
    0x0, 0x0,

    /* U+0034 "4" */
    0x0, 0x0, 0x0, 0x3, 0xff, 0xf4, 0x0, 0x0,
    0x0, 0x0, 0x2f, 0xff, 0xd0, 0x0, 0x0, 0x0,
    0x1, 0xff, 0xff, 0x40, 0x0, 0x0, 0x0, 0xf,
    0xff, 0xfd, 0x0, 0x0, 0x0, 0x0, 0xbf, 0xff,
    0xf4, 0x0, 0x0, 0x0, 0x3, 0xff, 0xff, 0xd0,
    0x0, 0x0, 0x0, 0x3f, 0xff, 0xff, 0x40, 0x0,
    0x0, 0x1, 0xff, 0xff, 0xfd, 0x0, 0x0, 0x0,
    0xf, 0xff, 0xff, 0xf4, 0x0, 0x0, 0x0, 0xbf,
    0xff, 0xff, 0xd0, 0x0, 0x0, 0x7, 0xff, 0xaf,
    0xff, 0x40, 0x0, 0x0, 0x3f, 0xfc, 0xbf, 0xfd,
    0x0, 0x0, 0x2, 0xff, 0xd2, 0xff, 0xf4, 0x0,
    0x0, 0xf, 0xff, 0xb, 0xff, 0xd0, 0x0, 0x0,
    0xff, 0xf0, 0x2f, 0xff, 0x40, 0x0, 0x7, 0xff,
    0x80, 0xbf, 0xfd, 0x0, 0x0, 0x3f, 0xfc, 0x2,
    0xff, 0xf4, 0x0, 0x2, 0xff, 0xd0, 0xb, 0xff,
    0xd0, 0x0, 0x1f, 0xff, 0x0, 0x2f, 0xff, 0x40,
    0x0, 0xff, 0xf0, 0x0, 0xbf, 0xfd, 0x0, 0xb,
    0xff, 0x80, 0x2, 0xff, 0xf4, 0x0, 0x3f, 0xfc,
    0x0, 0xb, 0xff, 0xd0, 0x3, 0xff, 0xfa, 0xaa,
    0xbf, 0xff, 0xaa, 0x1f, 0xff, 0xff, 0xff, 0xff,
    0xff, 0xfd, 0xbf, 0xff, 0xff, 0xff, 0xff, 0xff,
    0xf5, 0xff, 0xff, 0xff, 0xff, 0xff, 0xff, 0xd7,
    0xff, 0xff, 0xff, 0xff, 0xff, 0xff, 0x5f, 0xff,
    0xff, 0xff, 0xff, 0xff, 0xfd, 0x0, 0x0, 0x0,
    0x2, 0xff, 0xf4, 0x0, 0x0, 0x0, 0x0, 0xb,
    0xff, 0xd0, 0x0, 0x0, 0x0, 0x0, 0x2f, 0xff,
    0x40, 0x0, 0x0, 0x0, 0x0, 0xbf, 0xfd, 0x0,
    0x0, 0x0, 0x0, 0x2, 0xff, 0xf4, 0x0, 0x0,
    0x0, 0x0, 0xb, 0xff, 0xd0, 0x0, 0x0, 0x0,
    0x0, 0x2f, 0xff, 0x40, 0x0, 0x0, 0x0, 0x0,
    0xbf, 0xfd, 0x0,

    /* U+0035 "5" */
    0x2, 0xff, 0xff, 0xff, 0xff, 0xfd, 0x0, 0xbf,
    0xff, 0xff, 0xff, 0xff, 0x40, 0x3f, 0xff, 0xff,
    0xff, 0xff, 0xd0, 0xf, 0xff, 0xff, 0xff, 0xff,
    0xf4, 0x3, 0xff, 0xff, 0xff, 0xff, 0xfd, 0x0,
    0xff, 0xfe, 0xaa, 0xaa, 0xaa, 0x40, 0x7f, 0xfc,
    0x0, 0x0, 0x0, 0x0, 0x1f, 0xff, 0x0, 0x0,
    0x0, 0x0, 0xb, 0xff, 0xc0, 0x0, 0x0, 0x0,
    0x2, 0xff, 0xf0, 0x0, 0x0, 0x0, 0x0, 0xbf,
    0xf8, 0x0, 0x0, 0x0, 0x0, 0x3f, 0xfe, 0x0,
    0x0, 0x0, 0x0, 0xf, 0xff, 0x4b, 0xff, 0x90,
    0x0, 0x3, 0xff, 0xff, 0xff, 0xff, 0x80, 0x0,
    0xff, 0xff, 0xff, 0xff, 0xfc, 0x0, 0x7f, 0xff,
    0xff, 0xff, 0xff, 0xc0, 0x1f, 0xff, 0xff, 0xff,
    0xff, 0xf8, 0x7, 0xff, 0xf9, 0x6, 0xff, 0xff,
    0x40, 0x1b, 0xe0, 0x0, 0x1f, 0xff, 0xe0, 0x0,
    0x0, 0x0, 0x1, 0xff, 0xfc, 0x0, 0x0, 0x0,
    0x0, 0x3f, 0xff, 0x40, 0x0, 0x0, 0x0, 0xb,
    0xff, 0xd0, 0x0, 0x0, 0x0, 0x2, 0xff, 0xf8,
    0x0, 0x0, 0x0, 0x0, 0x7f, 0xfe, 0x0, 0x0,
    0x0, 0x0, 0x1f, 0xff, 0x85, 0x55, 0x0, 0x0,
    0xb, 0xff, 0xe7, 0xff, 0xe0, 0x0, 0x3, 0xff,
    0xf4, 0xff, 0xfc, 0x0, 0x0, 0xff, 0xfc, 0x3f,
    0xff, 0x80, 0x0, 0xbf, 0xff, 0xb, 0xff, 0xf4,
    0x0, 0x7f, 0xff, 0x80, 0xff, 0xff, 0xea, 0xff,
    0xff, 0xc0, 0x1f, 0xff, 0xff, 0xff, 0xff, 0xd0,
    0x2, 0xff, 0xff, 0xff, 0xff, 0xe0, 0x0, 0x1f,
    0xff, 0xff, 0xff, 0xd0, 0x0, 0x0, 0xbf, 0xff,
    0xff, 0xc0, 0x0, 0x0, 0x1, 0xbf, 0xfa, 0x0,
    0x0,

    /* U+0036 "6" */
    0x0, 0x0, 0x0, 0x1b, 0xfe, 0x0, 0x0, 0x0,
    0x1, 0xff, 0xff, 0x80, 0x0, 0x0, 0x3, 0xff,
    0xff, 0xe0, 0x0, 0x0, 0xb, 0xff, 0xff, 0xf8,
    0x0, 0x0, 0xb, 0xff, 0xff, 0xfe, 0x0, 0x0,
    0xb, 0xff, 0xff, 0xfa, 0x40, 0x0, 0xb, 0xff,
    0xff, 0x40, 0x0, 0x0, 0x7, 0xff, 0xfd, 0x0,
    0x0, 0x0, 0x3, 0xff, 0xfc, 0x0, 0x0, 0x0,
    0x1, 0xff, 0xfc, 0x0, 0x0, 0x0, 0x0, 0xff,
    0xfc, 0x0, 0x0, 0x0, 0x0, 0x7f, 0xfe, 0x1,
    0x55, 0x0, 0x0, 0x2f, 0xff, 0xb, 0xff, 0xfd,
    0x0, 0xf, 0xff, 0xdf, 0xff, 0xff, 0xe0, 0x3,
    0xff, 0xff, 0xff, 0xff, 0xff, 0x1, 0xff, 0xff,
    0xff, 0xff, 0xff, 0xe0, 0x7f, 0xff, 0xff, 0xff,
    0xff, 0xfd, 0x1f, 0xff, 0xfd, 0x1, 0xff, 0xff,
    0xcb, 0xff, 0xfc, 0x0, 0xf, 0xff, 0xf2, 0xff,
    0xfc, 0x0, 0x0, 0xff, 0xfd, 0xbf, 0xfe, 0x0,
    0x0, 0x2f, 0xff, 0xaf, 0xff, 0x40, 0x0, 0x7,
    0xff, 0xfb, 0xff, 0xd0, 0x0, 0x0, 0xff, 0xfe,
    0xff, 0xf4, 0x0, 0x0, 0x3f, 0xff, 0x7f, 0xfe,
    0x0, 0x0, 0xf, 0xff, 0xcf, 0xff, 0x80, 0x0,
    0x3, 0xff, 0xf3, 0xff, 0xf0, 0x0, 0x1, 0xff,
    0xf8, 0xbf, 0xfd, 0x0, 0x0, 0xff, 0xfd, 0x1f,
    0xff, 0xc0, 0x0, 0x7f, 0xff, 0x3, 0xff, 0xfc,
    0x0, 0x7f, 0xff, 0x80, 0x7f, 0xff, 0xea, 0xff,
    0xff, 0xc0, 0xb, 0xff, 0xff, 0xff, 0xff, 0xd0,
    0x0, 0xbf, 0xff, 0xff, 0xff, 0xe0, 0x0, 0xb,
    0xff, 0xff, 0xff, 0xe0, 0x0, 0x0, 0x7f, 0xff,
    0xff, 0xc0, 0x0, 0x0, 0x0, 0xbf, 0xfe, 0x0,
    0x0,

    /* U+0037 "7" */
    0xbf, 0xff, 0xff, 0xff, 0xff, 0xff, 0xeb, 0xff,
    0xff, 0xff, 0xff, 0xff, 0xfe, 0xbf, 0xff, 0xff,
    0xff, 0xff, 0xff, 0xeb, 0xff, 0xff, 0xff, 0xff,
    0xff, 0xfe, 0xbf, 0xff, 0xff, 0xff, 0xff, 0xff,
    0xd6, 0xaa, 0xaa, 0xaa, 0xaa, 0xff, 0xfc, 0x0,
    0x0, 0x0, 0x0, 0x1f, 0xff, 0x40, 0x0, 0x0,
    0x0, 0x2, 0xff, 0xf0, 0x0, 0x0, 0x0, 0x0,
    0x3f, 0xfe, 0x0, 0x0, 0x0, 0x0, 0xb, 0xff,
    0xc0, 0x0, 0x0, 0x0, 0x0, 0xff, 0xf8, 0x0,
    0x0, 0x0, 0x0, 0x2f, 0xff, 0x40, 0x0, 0x0,
    0x0, 0x3, 0xff, 0xf0, 0x0, 0x0, 0x0, 0x0,
    0x7f, 0xfd, 0x0, 0x0, 0x0, 0x0, 0xf, 0xff,
    0xc0, 0x0, 0x0, 0x0, 0x1, 0xff, 0xf8, 0x0,
    0x0, 0x0, 0x0, 0x3f, 0xff, 0x0, 0x0, 0x0,
    0x0, 0x3, 0xff, 0xe0, 0x0, 0x0, 0x0, 0x0,
    0xbf, 0xfd, 0x0, 0x0, 0x0, 0x0, 0xf, 0xff,
    0xc0, 0x0, 0x0, 0x0, 0x2, 0xff, 0xf4, 0x0,
    0x0, 0x0, 0x0, 0x3f, 0xff, 0x0, 0x0, 0x0,
    0x0, 0x7, 0xff, 0xe0, 0x0, 0x0, 0x0, 0x0,
    0xff, 0xfc, 0x0, 0x0, 0x0, 0x0, 0x1f, 0xff,
    0xc0, 0x0, 0x0, 0x0, 0x3, 0xff, 0xf4, 0x0,
    0x0, 0x0, 0x0, 0x7f, 0xff, 0x0, 0x0, 0x0,
    0x0, 0xb, 0xff, 0xd0, 0x0, 0x0, 0x0, 0x0,
    0xff, 0xfc, 0x0, 0x0, 0x0, 0x0, 0x2f, 0xff,
    0x80, 0x0, 0x0, 0x0, 0x3, 0xff, 0xf0, 0x0,
    0x0, 0x0, 0x0, 0xbf, 0xff, 0x0, 0x0, 0x0,
    0x0, 0xf, 0xff, 0xd0, 0x0, 0x0, 0x0, 0x1,
    0xff, 0xfc, 0x0, 0x0, 0x0, 0x0, 0x3f, 0xff,
    0x40, 0x0, 0x0, 0x0, 0x7, 0xff, 0xf0, 0x0,
    0x0, 0x0,

    /* U+0038 "8" */
    0x0, 0x0, 0xbf, 0xfe, 0x40, 0x0, 0x0, 0x7,
    0xff, 0xff, 0xfe, 0x0, 0x0, 0xb, 0xff, 0xff,
    0xff, 0xf4, 0x0, 0xb, 0xff, 0xff, 0xff, 0xff,
    0x40, 0xb, 0xff, 0xff, 0xff, 0xff, 0xf0, 0x3,
    0xff, 0xff, 0xab, 0xff, 0xff, 0x1, 0xff, 0xfe,
    0x0, 0x3f, 0xff, 0xc0, 0xbf, 0xfe, 0x0, 0x3,
    0xff, 0xf4, 0x3f, 0xff, 0x40, 0x0, 0xbf, 0xfe,
    0xf, 0xff, 0xc0, 0x0, 0x1f, 0xff, 0x83, 0xff,
    0xf0, 0x0, 0x7, 0xff, 0xe0, 0xbf, 0xfd, 0x0,
    0x2, 0xff, 0xf4, 0x1f, 0xff, 0x80, 0x0, 0xff,
    0xfc, 0x3, 0xff, 0xf4, 0x0, 0xbf, 0xfe, 0x0,
    0x7f, 0xff, 0x95, 0xff, 0xff, 0x0, 0xb, 0xff,
    0xff, 0xff, 0xff, 0x40, 0x0, 0x7f, 0xff, 0xff,
    0xff, 0x0, 0x0, 0xb, 0xff, 0xff, 0xff, 0x40,
    0x0, 0xf, 0xff, 0xff, 0xff, 0xf8, 0x0, 0xf,
    0xff, 0xff, 0xff, 0xff, 0xc0, 0xf, 0xff, 0xf4,
    0x1b, 0xff, 0xf8, 0xb, 0xff, 0xf0, 0x0, 0x3f,
    0xff, 0x43, 0xff, 0xf0, 0x0, 0x7, 0xff, 0xf1,
    0xff, 0xf8, 0x0, 0x0, 0xff, 0xfc, 0xbf, 0xfd,
    0x0, 0x0, 0x3f, 0xff, 0x6f, 0xff, 0x40, 0x0,
    0xb, 0xff, 0xdb, 0xff, 0xd0, 0x0, 0x3, 0xff,
    0xf6, 0xff, 0xf8, 0x0, 0x0, 0xff, 0xfd, 0x7f,
    0xff, 0x0, 0x0, 0xbf, 0xff, 0xf, 0xff, 0xf4,
    0x0, 0x7f, 0xff, 0xc2, 0xff, 0xff, 0xea, 0xff,
    0xff, 0xd0, 0x3f, 0xff, 0xff, 0xff, 0xff, 0xf0,
    0x7, 0xff, 0xff, 0xff, 0xff, 0xf0, 0x0, 0x3f,
    0xff, 0xff, 0xff, 0xe0, 0x0, 0x2, 0xff, 0xff,
    0xff, 0xd0, 0x0, 0x0, 0x6, 0xff, 0xfa, 0x0,
    0x0,

    /* U+0039 "9" */
    0x0, 0x0, 0xbf, 0xfe, 0x0, 0x0, 0x0, 0x2,
    0xff, 0xff, 0xf8, 0x0, 0x0, 0x7, 0xff, 0xff,
    0xff, 0xd0, 0x0, 0x7, 0xff, 0xff, 0xff, 0xfd,
    0x0, 0x7, 0xff, 0xff, 0xff, 0xff, 0xc0, 0x3,
    0xff, 0xff, 0xaf, 0xff, 0xfc, 0x2, 0xff, 0xfd,
    0x0, 0x7f, 0xff, 0x40, 0xff, 0xfd, 0x0, 0x7,
    0xff, 0xf0, 0x7f, 0xff, 0x0, 0x0, 0xff, 0xfd,
    0x2f, 0xff, 0x80, 0x0, 0x1f, 0xff, 0x8f, 0xff,
    0xd0, 0x0, 0x3, 0xff, 0xf3, 0xff, 0xf0, 0x0,
    0x0, 0xff, 0xfc, 0xff, 0xfc, 0x0, 0x0, 0x3f,
    0xff, 0x3f, 0xff, 0x0, 0x0, 0xf, 0xff, 0xcf,
    0xff, 0xd0, 0x0, 0x3, 0xff, 0xf2, 0xff, 0xf8,
    0x0, 0x0, 0xff, 0xfc, 0x7f, 0xff, 0x0, 0x0,
    0x7f, 0xff, 0xf, 0xff, 0xf0, 0x0, 0x7f, 0xff,
    0xc2, 0xff, 0xff, 0x95, 0xbf, 0xff, 0xf0, 0x3f,
    0xff, 0xff, 0xff, 0xff, 0xfc, 0x7, 0xff, 0xff,
    0xff, 0xff, 0xff, 0x0, 0x7f, 0xff, 0xff, 0xef,
    0xff, 0x80, 0x3, 0xff, 0xff, 0xd3, 0xff, 0xe0,
    0x0, 0x1b, 0xff, 0x41, 0xff, 0xf4, 0x0, 0x0,
    0x0, 0x0, 0xbf, 0xfc, 0x0, 0x0, 0x0, 0x0,
    0x3f, 0xfe, 0x0, 0x0, 0x0, 0x0, 0x2f, 0xff,
    0x0, 0x0, 0x0, 0x0, 0x2f, 0xff, 0x80, 0x0,
    0x0, 0x0, 0x2f, 0xff, 0xc0, 0x0, 0x0, 0x1,
    0xbf, 0xff, 0xd0, 0x0, 0x1, 0xbf, 0xff, 0xff,
    0xe0, 0x0, 0x0, 0xbf, 0xff, 0xff, 0xe0, 0x0,
    0x0, 0x2f, 0xff, 0xff, 0xe0, 0x0, 0x0, 0xb,
    0xff, 0xff, 0xc0, 0x0, 0x0, 0x2, 0xff, 0xfe,
    0x40, 0x0, 0x0, 0x0, 0xbf, 0xe4, 0x0, 0x0,
    0x0,

    /* U+003A ":" */
    0x1f, 0xf4, 0x7f, 0xfd, 0xff, 0xff, 0xff, 0xff,
    0xff, 0xff, 0xbf, 0xfd, 0x2f, 0xf8, 0x1, 0x40,
    0x0, 0x0, 0x0, 0x0, 0x0, 0x0, 0x0, 0x0,
    0x0, 0x0, 0x0, 0x0, 0x0, 0x0, 0x0, 0x0,
    0x0, 0x0, 0x0, 0x0, 0x0, 0x0, 0x1, 0x40,
    0x2f, 0xf8, 0xbf, 0xfd, 0xff, 0xff, 0xff, 0xff,
    0xff, 0xff, 0x7f, 0xfd, 0x1f, 0xf4,

    /* U+003B ";" */
    0x1, 0xfe, 0x0, 0xbf, 0xfc, 0xf, 0xff, 0xd1,
    0xff, 0xfe, 0x1f, 0xff, 0xd0, 0xff, 0xfc, 0x3,
    0xff, 0x40, 0x1, 0x40, 0x0, 0x0, 0x0, 0x0,
    0x0, 0x0, 0x0, 0x0, 0x0, 0x0, 0x0, 0x0,
    0x0, 0x0, 0x0, 0x0, 0x0, 0x0, 0x0, 0x0,
    0x0, 0x0, 0x0, 0x0, 0x0, 0x0, 0x0, 0x0,
    0x0, 0x0, 0x0, 0x0, 0x0, 0x2a, 0xa8, 0x3,
    0xff, 0xc0, 0x3f, 0xfc, 0x3, 0xff, 0xc0, 0x3f,
    0xfc, 0x3, 0xff, 0xc0, 0x3f, 0xfc, 0x3, 0xff,
    0x80, 0x7f, 0xf4, 0xb, 0xff, 0x0, 0xff, 0xe0,
    0x2f, 0xfc, 0x3, 0xff, 0x40, 0x3f, 0xe0, 0x0,
    0x78, 0x0, 0x0, 0x0, 0x0,

    /* U+003C "<" */
    0x0, 0x0, 0x0, 0x0, 0x0, 0x90, 0x0, 0x0,
    0x0, 0x1, 0xfd, 0x0, 0x0, 0x0, 0x1, 0xff,
    0xd0, 0x0, 0x0, 0x2, 0xff, 0xfd, 0x0, 0x0,
    0x7, 0xff, 0xff, 0xd0, 0x0, 0xb, 0xff, 0xff,
    0xfd, 0x0, 0xb, 0xff, 0xff, 0xff, 0xd0, 0x1f,
    0xff, 0xff, 0xff, 0x90, 0x2f, 0xff, 0xff, 0xff,
    0x40, 0xb, 0xff, 0xff, 0xfe, 0x0, 0x0, 0xff,
    0xff, 0xf9, 0x0, 0x0, 0xf, 0xff, 0xf4, 0x0,
    0x0, 0x0, 0xff, 0xff, 0xd0, 0x0, 0x0, 0xb,
    0xff, 0xff, 0xe4, 0x0, 0x0, 0x7f, 0xff, 0xff,
    0xf9, 0x0, 0x0, 0x7f, 0xff, 0xff, 0xfe, 0x0,
    0x0, 0x6f, 0xff, 0xff, 0xff, 0x40, 0x0, 0x2f,
    0xff, 0xff, 0xfd, 0x0, 0x0, 0x1f, 0xff, 0xff,
    0xd0, 0x0, 0x0, 0x1b, 0xff, 0xfd, 0x0, 0x0,
    0x0, 0xb, 0xff, 0xd0, 0x0, 0x0, 0x0, 0x7,
    0xfd, 0x0, 0x0, 0x0, 0x0, 0x6, 0xd0, 0x0,
    0x0, 0x0, 0x0, 0x0,

    /* U+003D "=" */
    0xbf, 0xff, 0xff, 0xff, 0xff, 0xf2, 0xff, 0xff,
    0xff, 0xff, 0xff, 0xcb, 0xff, 0xff, 0xff, 0xff,
    0xff, 0x2f, 0xff, 0xff, 0xff, 0xff, 0xfc, 0xbf,
    0xff, 0xff, 0xff, 0xff, 0xf1, 0xaa, 0xaa, 0xaa,
    0xaa, 0xaa, 0x80, 0x0, 0x0, 0x0, 0x0, 0x0,
    0x0, 0x0, 0x0, 0x0, 0x0, 0x0, 0x0, 0x0,
    0x0, 0x0, 0x0, 0x0, 0x0, 0x0, 0x0, 0x0,
    0x0, 0x6, 0xaa, 0xaa, 0xaa, 0xaa, 0xaa, 0x2f,
    0xff, 0xff, 0xff, 0xff, 0xfc, 0xbf, 0xff, 0xff,
    0xff, 0xff, 0xf2, 0xff, 0xff, 0xff, 0xff, 0xff,
    0xcb, 0xff, 0xff, 0xff, 0xff, 0xff, 0x2f, 0xff,
    0xff, 0xff, 0xff, 0xfc,

    /* U+003E ">" */
    0x34, 0x0, 0x0, 0x0, 0x0, 0x0, 0xfd, 0x0,
    0x0, 0x0, 0x0, 0x3, 0xff, 0x80, 0x0, 0x0,
    0x0, 0xf, 0xff, 0xf4, 0x0, 0x0, 0x0, 0x3f,
    0xff, 0xfe, 0x0, 0x0, 0x0, 0xff, 0xff, 0xff,
    0x90, 0x0, 0x3, 0xff, 0xff, 0xff, 0xf4, 0x0,
    0x0, 0xbf, 0xff, 0xff, 0xfe, 0x0, 0x0, 0xb,
    0xff, 0xff, 0xff, 0x90, 0x0, 0x1, 0xbf, 0xff,
    0xff, 0xc0, 0x0, 0x0, 0x1b, 0xff, 0xff, 0x40,
    0x0, 0x0, 0x2, 0xff, 0xfd, 0x0, 0x0, 0x0,
    0x6f, 0xff, 0xf4, 0x0, 0x0, 0x2f, 0xff, 0xff,
    0xc0, 0x0, 0x2f, 0xff, 0xff, 0xff, 0x0, 0x1f,
    0xff, 0xff, 0xff, 0x80, 0x1b, 0xff, 0xff, 0xff,
    0xe0, 0x0, 0xff, 0xff, 0xff, 0xf4, 0x0, 0x3,
    0xff, 0xff, 0xf8, 0x0, 0x0, 0xf, 0xff, 0xfd,
    0x0, 0x0, 0x0, 0x3f, 0xfe, 0x40, 0x0, 0x0,
    0x0, 0xff, 0x80, 0x0, 0x0, 0x0, 0x3, 0xd0,
    0x0, 0x0, 0x0, 0x0, 0x4, 0x0, 0x0, 0x0,
    0x0, 0x0,

    /* U+003F "?" */
    0x0, 0x6, 0xff, 0xf9, 0x0, 0x0, 0x1, 0xff,
    0xff, 0xff, 0x80, 0x0, 0x2f, 0xff, 0xff, 0xff,
    0xd0, 0x2, 0xff, 0xff, 0xff, 0xff, 0xc0, 0x1f,
    0xff, 0xff, 0xff, 0xff, 0xc0, 0xff, 0xff, 0xeb,
    0xff, 0xff, 0x47, 0xff, 0xf8, 0x0, 0xff, 0xfe,
    0x2f, 0xff, 0x80, 0x1, 0xff, 0xfc, 0xff, 0xfd,
    0x0, 0x3, 0xff, 0xf2, 0xff, 0xf0, 0x0, 0xf,
    0xff, 0xc0, 0x0, 0x0, 0x0, 0x3f, 0xff, 0x0,
    0x0, 0x0, 0x1, 0xff, 0xfc, 0x0, 0x0, 0x0,
    0xf, 0xff, 0xe0, 0x0, 0x0, 0x0, 0xbf, 0xff,
    0x0, 0x0, 0x0, 0x7, 0xff, 0xf4, 0x0, 0x0,
    0x0, 0xbf, 0xff, 0x80, 0x0, 0x0, 0xb, 0xff,
    0xfc, 0x0, 0x0, 0x0, 0x7f, 0xff, 0xc0, 0x0,
    0x0, 0x3, 0xff, 0xf8, 0x0, 0x0, 0x0, 0x2f,
    0xff, 0x80, 0x0, 0x0, 0x0, 0xff, 0xfc, 0x0,
    0x0, 0x0, 0x3, 0xff, 0xd0, 0x0, 0x0, 0x0,
    0x1f, 0xff, 0x0, 0x0, 0x0, 0x0, 0x7f, 0xfc,
    0x0, 0x0, 0x0, 0x1, 0xff, 0xe0, 0x0, 0x0,
    0x0, 0x0, 0x0, 0x0, 0x0, 0x0, 0x0, 0x0,
    0x0, 0x0, 0x0, 0x0, 0x0, 0x0, 0x0, 0x0,
    0x0, 0x0, 0x0, 0x4, 0x0, 0x0, 0x0, 0x0,
    0x2, 0xff, 0x40, 0x0, 0x0, 0x0, 0x2f, 0xff,
    0x0, 0x0, 0x0, 0x0, 0xff, 0xfe, 0x0, 0x0,
    0x0, 0x3, 0xff, 0xf8, 0x0, 0x0, 0x0, 0xf,
    0xff, 0xd0, 0x0, 0x0, 0x0, 0x2f, 0xff, 0x0,
    0x0, 0x0, 0x0, 0x1f, 0xe0, 0x0, 0x0,

    /* U+0040 "@" */
    0x0, 0x0, 0x0, 0x0, 0x1b, 0xff, 0xfa, 0x40,
    0x0, 0x0, 0x0, 0x0, 0x0, 0x0, 0x7f, 0xff,
    0xff, 0xff, 0x80, 0x0, 0x0, 0x0, 0x0, 0x0,
    0xbf, 0xff, 0xff, 0xff, 0xff, 0x80, 0x0, 0x0,
    0x0, 0x0, 0x7f, 0xff, 0xff, 0xff, 0xff, 0xff,
    0x40, 0x0, 0x0, 0x0, 0x2f, 0xff, 0xe4, 0x0,
    0x6, 0xff, 0xfe, 0x0, 0x0, 0x0, 0xb, 0xff,
    0xd0, 0x0, 0x0, 0x0, 0xbf, 0xf8, 0x0, 0x0,
    0x2, 0xff, 0xe0, 0x0, 0x0, 0x0, 0x1, 0xff,
    0xe0, 0x0, 0x0, 0x7f, 0xf4, 0x0, 0x0, 0x0,
    0x0, 0x3, 0xff, 0x40, 0x0, 0x1f, 0xfd, 0x0,
    0x0, 0x0, 0x0, 0x0, 0xf, 0xfc, 0x0, 0x3,
    0xff, 0x40, 0x0, 0x0, 0x0, 0x0, 0x0, 0x7f,
    0xd0, 0x0, 0xbf, 0xe0, 0x0, 0x1, 0xbf, 0xf8,
    0x0, 0x2, 0xff, 0x0, 0xf, 0xfc, 0x0, 0x0,
    0xff, 0xff, 0xf8, 0x0, 0xf, 0xf4, 0x2, 0xff,
    0x80, 0x0, 0x7f, 0xff, 0xff, 0xf4, 0x0, 0xff,
    0x80, 0x3f, 0xf0, 0x0, 0x1f, 0xff, 0xff, 0xff,
    0x40, 0x7, 0xfc, 0x7, 0xfe, 0x0, 0x3, 0xff,
    0xe4, 0x6f, 0xf4, 0x0, 0x3f, 0xc0, 0xbf, 0xc0,
    0x0, 0xbf, 0xf0, 0x2, 0xff, 0x40, 0x3, 0xfd,
    0xf, 0xfc, 0x0, 0xf, 0xfc, 0x0, 0x2f, 0xf0,
    0x0, 0x3f, 0xd0, 0xff, 0x80, 0x2, 0xff, 0x80,
    0x3, 0xff, 0x0, 0x2, 0xfe, 0x1f, 0xf4, 0x0,
    0x3f, 0xf0, 0x0, 0x3f, 0xf0, 0x0, 0x2f, 0xe2,
    0xff, 0x0, 0x7, 0xff, 0x0, 0x3, 0xff, 0x0,
    0x2, 0xfe, 0x2f, 0xf0, 0x0, 0xbf, 0xe0, 0x0,
    0x3f, 0xf0, 0x0, 0x2f, 0xe3, 0xff, 0x0, 0xf,
    0xfd, 0x0, 0x3, 0xff, 0x0, 0x2, 0xfe, 0x3f,
    0xf0, 0x0, 0xff, 0xc0, 0x0, 0x3f, 0xe0, 0x0,
    0x2f, 0xe3, 0xff, 0x0, 0x1f, 0xfc, 0x0, 0x7,
    0xfe, 0x0, 0x3, 0xfe, 0x3f, 0xf0, 0x1, 0xff,
    0xc0, 0x0, 0x7f, 0xe0, 0x0, 0x3f, 0xd3, 0xff,
    0x0, 0x1f, 0xfc, 0x0, 0x7, 0xfd, 0x0, 0x3,
    0xfc, 0x3f, 0xf0, 0x1, 0xff, 0xc0, 0x0, 0xbf,
    0xd0, 0x0, 0x7f, 0xc3, 0xff, 0x0, 0x1f, 0xfc,
    0x0, 0xf, 0xfd, 0x0, 0xf, 0xf8, 0x3f, 0xf0,
    0x0, 0xff, 0xd0, 0x2, 0xff, 0xd0, 0x1, 0xff,
    0x2, 0xff, 0x0, 0xf, 0xff, 0x0, 0x7f, 0xfd,
    0x0, 0x3f, 0xf0, 0x1f, 0xf4, 0x0, 0xbf, 0xfd,
    0x6f, 0xff, 0xf0, 0xf, 0xfc, 0x1, 0xff, 0x80,
    0x3, 0xff, 0xff, 0xff, 0xff, 0xff, 0xff, 0x40,
    0xf, 0xfc, 0x0, 0x1f, 0xff, 0xff, 0x5f, 0xff,
    0xff, 0xe0, 0x0, 0xbf, 0xd0, 0x0, 0xbf, 0xff,
    0xc0, 0x7f, 0xff, 0xf4, 0x0, 0x7, 0xff, 0x0,
    0x0, 0xbf, 0xd0, 0x0, 0xbf, 0xe4, 0x0, 0x0,
    0x3f, 0xf4, 0x0, 0x0, 0x0, 0x0, 0x0, 0x0,
    0x0, 0x0, 0x1, 0xff, 0xc0, 0x0, 0x0, 0x0,
    0x0, 0x0, 0x0, 0x0, 0x0, 0xf, 0xff, 0x0,
    0x0, 0x0, 0x0, 0x0, 0x0, 0x0, 0x0, 0x0,
    0x3f, 0xfd, 0x0, 0x0, 0x0, 0x0, 0x0, 0x0,
    0x0, 0x0, 0x1, 0xff, 0xf8, 0x0, 0x0, 0x0,
    0x0, 0x0, 0x0, 0x0, 0x0, 0x7, 0xff, 0xf9,
    0x0, 0x0, 0x6, 0xc0, 0x0, 0x0, 0x0, 0x0,
    0x1f, 0xff, 0xff, 0xea, 0xbf, 0xfd, 0x0, 0x0,
    0x0, 0x0, 0x0, 0x2f, 0xff, 0xff, 0xff, 0xff,
    0xe0, 0x0, 0x0, 0x0, 0x0, 0x0, 0x7f, 0xff,
    0xff, 0xff, 0xfd, 0x0, 0x0, 0x0, 0x0, 0x0,
    0x0, 0x1f, 0xff, 0xff, 0xf9, 0x0, 0x0, 0x0,
    0x0, 0x0, 0x0, 0x0, 0x1, 0x55, 0x50, 0x0,
    0x0, 0x0, 0x0,

    /* U+0041 "A" */
    0x0, 0x0, 0x0, 0x3f, 0xff, 0x40, 0x0, 0x0,
    0x0, 0x0, 0x0, 0x3, 0xff, 0xf8, 0x0, 0x0,
    0x0, 0x0, 0x0, 0x0, 0xbf, 0xff, 0xc0, 0x0,
    0x0, 0x0, 0x0, 0x0, 0xf, 0xff, 0xfd, 0x0,
    0x0, 0x0, 0x0, 0x0, 0x1, 0xff, 0xff, 0xf0,
    0x0, 0x0, 0x0, 0x0, 0x0, 0x2f, 0xff, 0xff,
    0x0, 0x0, 0x0, 0x0, 0x0, 0x3, 0xff, 0xff,
    0xf8, 0x0, 0x0, 0x0, 0x0, 0x0, 0x7f, 0xff,
    0xff, 0xc0, 0x0, 0x0, 0x0, 0x0, 0xb, 0xff,
    0xff, 0xfd, 0x0, 0x0, 0x0, 0x0, 0x0, 0xff,
    0xfb, 0xff, 0xe0, 0x0, 0x0, 0x0, 0x0, 0x1f,
    0xff, 0x2f, 0xff, 0x0, 0x0, 0x0, 0x0, 0x3,
    0xff, 0xf1, 0xff, 0xf4, 0x0, 0x0, 0x0, 0x0,
    0x3f, 0xfe, 0xf, 0xff, 0xc0, 0x0, 0x0, 0x0,
    0xb, 0xff, 0xc0, 0xbf, 0xfc, 0x0, 0x0, 0x0,
    0x0, 0xff, 0xfc, 0x7, 0xff, 0xe0, 0x0, 0x0,
    0x0, 0x1f, 0xff, 0x80, 0x3f, 0xff, 0x0, 0x0,
    0x0, 0x2, 0xff, 0xf4, 0x2, 0xff, 0xf4, 0x0,
    0x0, 0x0, 0x3f, 0xff, 0x0, 0x1f, 0xff, 0x80,
    0x0, 0x0, 0x7, 0xff, 0xe0, 0x0, 0xff, 0xfc,
    0x0, 0x0, 0x0, 0xff, 0xfd, 0x0, 0xb, 0xff,
    0xd0, 0x0, 0x0, 0xf, 0xff, 0xc0, 0x0, 0x7f,
    0xff, 0x0, 0x0, 0x2, 0xff, 0xf8, 0x0, 0x3,
    0xff, 0xf0, 0x0, 0x0, 0x3f, 0xff, 0x40, 0x0,
    0x2f, 0xff, 0x40, 0x0, 0x3, 0xff, 0xff, 0xff,
    0xff, 0xff, 0xfc, 0x0, 0x0, 0xbf, 0xff, 0xff,
    0xff, 0xff, 0xff, 0xc0, 0x0, 0xf, 0xff, 0xff,
    0xff, 0xff, 0xff, 0xfe, 0x0, 0x1, 0xff, 0xff,
    0xff, 0xff, 0xff, 0xff, 0xf0, 0x0, 0x2f, 0xff,
    0xff, 0xff, 0xff, 0xff, 0xff, 0x40, 0x3, 0xff,
    0xff, 0xff, 0xff, 0xff, 0xff, 0xf8, 0x0, 0x7f,
    0xff, 0x0, 0x0, 0x0, 0x1f, 0xff, 0xc0, 0xf,
    0xff, 0xe0, 0x0, 0x0, 0x0, 0xff, 0xfd, 0x0,
    0xff, 0xfd, 0x0, 0x0, 0x0, 0xf, 0xff, 0xf0,
    0x2f, 0xff, 0xc0, 0x0, 0x0, 0x0, 0x7f, 0xff,
    0x3, 0xff, 0xfc, 0x0, 0x0, 0x0, 0x3, 0xff,
    0xf8, 0x7f, 0xff, 0x40, 0x0, 0x0, 0x0, 0x3f,
    0xff, 0xcb, 0xff, 0xf0, 0x0, 0x0, 0x0, 0x2,
    0xff, 0xfd,

    /* U+0042 "B" */
    0xff, 0xff, 0xff, 0xff, 0xa4, 0x0, 0x3, 0xff,
    0xff, 0xff, 0xff, 0xfe, 0x0, 0xf, 0xff, 0xff,
    0xff, 0xff, 0xff, 0x40, 0x3f, 0xff, 0xff, 0xff,
    0xff, 0xff, 0x80, 0xff, 0xff, 0xff, 0xff, 0xff,
    0xff, 0x43, 0xff, 0xff, 0xff, 0xff, 0xff, 0xff,
    0xf, 0xff, 0xe0, 0x0, 0x7, 0xff, 0xfd, 0x3f,
    0xff, 0x80, 0x0, 0x7, 0xff, 0xf8, 0xff, 0xfe,
    0x0, 0x0, 0xf, 0xff, 0xe3, 0xff, 0xf8, 0x0,
    0x0, 0x2f, 0xff, 0xcf, 0xff, 0xe0, 0x0, 0x0,
    0xbf, 0xff, 0x3f, 0xff, 0x80, 0x0, 0x2, 0xff,
    0xf8, 0xff, 0xfe, 0x0, 0x0, 0xf, 0xff, 0xd3,
    0xff, 0xf8, 0x0, 0x0, 0xbf, 0xff, 0xf, 0xff,
    0xe0, 0x0, 0x1f, 0xff, 0xf4, 0x3f, 0xff, 0xff,
    0xff, 0xff, 0xff, 0x80, 0xff, 0xff, 0xff, 0xff,
    0xff, 0xf4, 0x3, 0xff, 0xff, 0xff, 0xff, 0xff,
    0x40, 0xf, 0xff, 0xff, 0xff, 0xff, 0xff, 0xd0,
    0x3f, 0xff, 0xff, 0xff, 0xff, 0xff, 0xd0, 0xff,
    0xfe, 0x0, 0x0, 0x7f, 0xff, 0xc3, 0xff, 0xf8,
    0x0, 0x0, 0x3f, 0xff, 0xcf, 0xff, 0xe0, 0x0,
    0x0, 0x3f, 0xff, 0x3f, 0xff, 0x80, 0x0, 0x0,
    0xff, 0xfd, 0xff, 0xfe, 0x0, 0x0, 0x2, 0xff,
    0xfb, 0xff, 0xf8, 0x0, 0x0, 0xb, 0xff, 0xef,
    0xff, 0xe0, 0x0, 0x0, 0x3f, 0xff, 0xbf, 0xff,
    0x80, 0x0, 0x0, 0xff, 0xfd, 0xff, 0xfe, 0x0,
    0x0, 0xb, 0xff, 0xf7, 0xff, 0xf8, 0x0, 0x0,
    0xbf, 0xff, 0xcf, 0xff, 0xfa, 0xaa, 0xff, 0xff,
    0xfe, 0x3f, 0xff, 0xff, 0xff, 0xff, 0xff, 0xf0,
    0xff, 0xff, 0xff, 0xff, 0xff, 0xff, 0x3, 0xff,
    0xff, 0xff, 0xff, 0xff, 0xf0, 0xf, 0xff, 0xff,
    0xff, 0xff, 0xfd, 0x0, 0x3f, 0xff, 0xff, 0xff,
    0xfa, 0x40, 0x0,

    /* U+0043 "C" */
    0x0, 0x0, 0x6, 0xff, 0xf9, 0x0, 0x0, 0x0,
    0x0, 0xb, 0xff, 0xff, 0xff, 0x40, 0x0, 0x0,
    0xb, 0xff, 0xff, 0xff, 0xfe, 0x0, 0x0, 0x3,
    0xff, 0xff, 0xff, 0xff, 0xfc, 0x0, 0x0, 0xff,
    0xff, 0xff, 0xff, 0xff, 0xf0, 0x0, 0x2f, 0xff,
    0xff, 0xff, 0xff, 0xff, 0xc0, 0x7, 0xff, 0xfe,
    0x0, 0x7, 0xff, 0xfd, 0x0, 0xff, 0xff, 0x40,
    0x0, 0xf, 0xff, 0xf0, 0x1f, 0xff, 0xd0, 0x0,
    0x0, 0x3f, 0xff, 0x42, 0xff, 0xfc, 0x0, 0x0,
    0x3, 0xff, 0xf8, 0x3f, 0xff, 0x40, 0x0, 0x0,
    0x1f, 0xff, 0xc7, 0xff, 0xf0, 0x0, 0x0, 0x1,
    0xff, 0xfc, 0xbf, 0xff, 0x0, 0x0, 0x0, 0x5,
    0x55, 0x4b, 0xff, 0xe0, 0x0, 0x0, 0x0, 0x0,
    0x0, 0xff, 0xfe, 0x0, 0x0, 0x0, 0x0, 0x0,
    0xf, 0xff, 0xe0, 0x0, 0x0, 0x0, 0x0, 0x0,
    0xff, 0xfe, 0x0, 0x0, 0x0, 0x0, 0x0, 0xf,
    0xff, 0xe0, 0x0, 0x0, 0x0, 0x0, 0x0, 0xff,
    0xfe, 0x0, 0x0, 0x0, 0x0, 0x0, 0xf, 0xff,
    0xe0, 0x0, 0x0, 0x0, 0x0, 0x0, 0xff, 0xfe,
    0x0, 0x0, 0x0, 0x0, 0x0, 0xf, 0xff, 0xe0,
    0x0, 0x0, 0x0, 0x0, 0x0, 0xbf, 0xfe, 0x0,
    0x0, 0x0, 0x0, 0x0, 0xb, 0xff, 0xf0, 0x0,
    0x0, 0x0, 0x0, 0x0, 0x7f, 0xff, 0x0, 0x0,
    0x0, 0x1f, 0xff, 0xc3, 0xff, 0xf4, 0x0, 0x0,
    0x1, 0xff, 0xfc, 0x3f, 0xff, 0x80, 0x0, 0x0,
    0x3f, 0xff, 0x81, 0xff, 0xfd, 0x0, 0x0, 0x7,
    0xff, 0xf4, 0xf, 0xff, 0xf0, 0x0, 0x0, 0xff,
    0xff, 0x0, 0x7f, 0xff, 0xd0, 0x0, 0xbf, 0xff,
    0xe0, 0x2, 0xff, 0xff, 0xff, 0xff, 0xff, 0xfc,
    0x0, 0xf, 0xff, 0xff, 0xff, 0xff, 0xff, 0x0,
    0x0, 0x3f, 0xff, 0xff, 0xff, 0xff, 0xc0, 0x0,
    0x0, 0xbf, 0xff, 0xff, 0xff, 0xf0, 0x0, 0x0,
    0x1, 0xff, 0xff, 0xff, 0xf4, 0x0, 0x0, 0x0,
    0x0, 0x6f, 0xff, 0x90, 0x0, 0x0,

    /* U+0044 "D" */
    0xff, 0xff, 0xff, 0xf9, 0x0, 0x0, 0x0, 0xff,
    0xff, 0xff, 0xff, 0xf4, 0x0, 0x0, 0xff, 0xff,
    0xff, 0xff, 0xff, 0x40, 0x0, 0xff, 0xff, 0xff,
    0xff, 0xff, 0xe0, 0x0, 0xff, 0xff, 0xff, 0xff,
    0xff, 0xf8, 0x0, 0xff, 0xff, 0xff, 0xff, 0xff,
    0xfd, 0x0, 0xff, 0xfe, 0x0, 0x7, 0xff, 0xff,
    0x40, 0xff, 0xfe, 0x0, 0x0, 0x7f, 0xff, 0xc0,
    0xff, 0xfe, 0x0, 0x0, 0x1f, 0xff, 0xd0, 0xff,
    0xfe, 0x0, 0x0, 0xf, 0xff, 0xf0, 0xff, 0xfe,
    0x0, 0x0, 0x7, 0xff, 0xf4, 0xff, 0xfe, 0x0,
    0x0, 0x3, 0xff, 0xf8, 0xff, 0xfe, 0x0, 0x0,
    0x2, 0xff, 0xfc, 0xff, 0xfe, 0x0, 0x0, 0x1,
    0xff, 0xfc, 0xff, 0xfe, 0x0, 0x0, 0x0, 0xff,
    0xfc, 0xff, 0xfe, 0x0, 0x0, 0x0, 0xff, 0xfd,
    0xff, 0xfe, 0x0, 0x0, 0x0, 0xff, 0xfd, 0xff,
    0xfe, 0x0, 0x0, 0x0, 0xff, 0xfd, 0xff, 0xfe,
    0x0, 0x0, 0x0, 0xff, 0xfd, 0xff, 0xfe, 0x0,
    0x0, 0x0, 0xff, 0xfd, 0xff, 0xfe, 0x0, 0x0,
    0x0, 0xff, 0xfd, 0xff, 0xfe, 0x0, 0x0, 0x0,
    0xff, 0xfc, 0xff, 0xfe, 0x0, 0x0, 0x1, 0xff,
    0xfc, 0xff, 0xfe, 0x0, 0x0, 0x2, 0xff, 0xfc,
    0xff, 0xfe, 0x0, 0x0, 0x3, 0xff, 0xf8, 0xff,
    0xfe, 0x0, 0x0, 0x7, 0xff, 0xf4, 0xff, 0xfe,
    0x0, 0x0, 0xf, 0xff, 0xf0, 0xff, 0xfe, 0x0,
    0x0, 0x1f, 0xff, 0xd0, 0xff, 0xfe, 0x0, 0x0,
    0x7f, 0xff, 0xc0, 0xff, 0xfe, 0x0, 0x7, 0xff,
    0xff, 0x40, 0xff, 0xff, 0xab, 0xff, 0xff, 0xfe,
    0x0, 0xff, 0xff, 0xff, 0xff, 0xff, 0xf8, 0x0,
    0xff, 0xff, 0xff, 0xff, 0xff, 0xe0, 0x0, 0xff,
    0xff, 0xff, 0xff, 0xff, 0x40, 0x0, 0xff, 0xff,
    0xff, 0xff, 0xf4, 0x0, 0x0, 0xff, 0xff, 0xff,
    0xf9, 0x0, 0x0, 0x0,

    /* U+0045 "E" */
    0xff, 0xff, 0xff, 0xff, 0xff, 0xff, 0x3f, 0xff,
    0xff, 0xff, 0xff, 0xff, 0xcf, 0xff, 0xff, 0xff,
    0xff, 0xff, 0xf3, 0xff, 0xff, 0xff, 0xff, 0xff,
    0xfc, 0xff, 0xff, 0xff, 0xff, 0xff, 0xff, 0x3f,
    0xff, 0xff, 0xff, 0xff, 0xff, 0xcf, 0xff, 0xe0,
    0x0, 0x0, 0x0, 0x3, 0xff, 0xf8, 0x0, 0x0,
    0x0, 0x0, 0xff, 0xfe, 0x0, 0x0, 0x0, 0x0,
    0x3f, 0xff, 0x80, 0x0, 0x0, 0x0, 0xf, 0xff,
    0xe0, 0x0, 0x0, 0x0, 0x3, 0xff, 0xf8, 0x0,
    0x0, 0x0, 0x0, 0xff, 0xfe, 0x0, 0x0, 0x0,
    0x0, 0x3f, 0xff, 0x80, 0x0, 0x0, 0x0, 0xf,
    0xff, 0xe0, 0x0, 0x0, 0x0, 0x3, 0xff, 0xff,
    0xff, 0xff, 0xff, 0x80, 0xff, 0xff, 0xff, 0xff,
    0xff, 0xe0, 0x3f, 0xff, 0xff, 0xff, 0xff, 0xf8,
    0xf, 0xff, 0xff, 0xff, 0xff, 0xfe, 0x3, 0xff,
    0xff, 0xff, 0xff, 0xff, 0x80, 0xff, 0xff, 0xaa,
    0xaa, 0xaa, 0x90, 0x3f, 0xff, 0x80, 0x0, 0x0,
    0x0, 0xf, 0xff, 0xe0, 0x0, 0x0, 0x0, 0x3,
    0xff, 0xf8, 0x0, 0x0, 0x0, 0x0, 0xff, 0xfe,
    0x0, 0x0, 0x0, 0x0, 0x3f, 0xff, 0x80, 0x0,
    0x0, 0x0, 0xf, 0xff, 0xe0, 0x0, 0x0, 0x0,
    0x3, 0xff, 0xf8, 0x0, 0x0, 0x0, 0x0, 0xff,
    0xfe, 0x0, 0x0, 0x0, 0x0, 0x3f, 0xff, 0x80,
    0x0, 0x0, 0x0, 0xf, 0xff, 0xfa, 0xaa, 0xaa,
    0xaa, 0xa3, 0xff, 0xff, 0xff, 0xff, 0xff, 0xfc,
    0xff, 0xff, 0xff, 0xff, 0xff, 0xff, 0x3f, 0xff,
    0xff, 0xff, 0xff, 0xff, 0xcf, 0xff, 0xff, 0xff,
    0xff, 0xff, 0xf3, 0xff, 0xff, 0xff, 0xff, 0xff,
    0xfc,

    /* U+0046 "F" */
    0xff, 0xff, 0xff, 0xff, 0xff, 0xfd, 0xff, 0xff,
    0xff, 0xff, 0xff, 0xfd, 0xff, 0xff, 0xff, 0xff,
    0xff, 0xfd, 0xff, 0xff, 0xff, 0xff, 0xff, 0xfd,
    0xff, 0xff, 0xff, 0xff, 0xff, 0xfd, 0xff, 0xff,
    0xff, 0xff, 0xff, 0xfd, 0xff, 0xfe, 0x0, 0x0,
    0x0, 0x0, 0xff, 0xfe, 0x0, 0x0, 0x0, 0x0,
    0xff, 0xfe, 0x0, 0x0, 0x0, 0x0, 0xff, 0xfe,
    0x0, 0x0, 0x0, 0x0, 0xff, 0xfe, 0x0, 0x0,
    0x0, 0x0, 0xff, 0xfe, 0x0, 0x0, 0x0, 0x0,
    0xff, 0xfe, 0x0, 0x0, 0x0, 0x0, 0xff, 0xfe,
    0x0, 0x0, 0x0, 0x0, 0xff, 0xfe, 0x0, 0x0,
    0x0, 0x0, 0xff, 0xff, 0xaa, 0xaa, 0xaa, 0x90,
    0xff, 0xff, 0xff, 0xff, 0xff, 0xe0, 0xff, 0xff,
    0xff, 0xff, 0xff, 0xe0, 0xff, 0xff, 0xff, 0xff,
    0xff, 0xe0, 0xff, 0xff, 0xff, 0xff, 0xff, 0xe0,
    0xff, 0xff, 0xff, 0xff, 0xff, 0xe0, 0xff, 0xfe,
    0x0, 0x0, 0x0, 0x0, 0xff, 0xfe, 0x0, 0x0,
    0x0, 0x0, 0xff, 0xfe, 0x0, 0x0, 0x0, 0x0,
    0xff, 0xfe, 0x0, 0x0, 0x0, 0x0, 0xff, 0xfe,
    0x0, 0x0, 0x0, 0x0, 0xff, 0xfe, 0x0, 0x0,
    0x0, 0x0, 0xff, 0xfe, 0x0, 0x0, 0x0, 0x0,
    0xff, 0xfe, 0x0, 0x0, 0x0, 0x0, 0xff, 0xfe,
    0x0, 0x0, 0x0, 0x0, 0xff, 0xfe, 0x0, 0x0,
    0x0, 0x0, 0xff, 0xfe, 0x0, 0x0, 0x0, 0x0,
    0xff, 0xfe, 0x0, 0x0, 0x0, 0x0, 0xff, 0xfe,
    0x0, 0x0, 0x0, 0x0, 0xff, 0xfe, 0x0, 0x0,
    0x0, 0x0, 0xff, 0xfe, 0x0, 0x0, 0x0, 0x0,

    /* U+0047 "G" */
    0x0, 0x0, 0x6, 0xff, 0xfe, 0x40, 0x0, 0x0,
    0x0, 0xb, 0xff, 0xff, 0xff, 0x80, 0x0, 0x0,
    0x7, 0xff, 0xff, 0xff, 0xff, 0x80, 0x0, 0x2,
    0xff, 0xff, 0xff, 0xff, 0xfe, 0x0, 0x0, 0xbf,
    0xff, 0xff, 0xff, 0xff, 0xf8, 0x0, 0x1f, 0xff,
    0xff, 0xef, 0xff, 0xff, 0xd0, 0x3, 0xff, 0xff,
    0x40, 0x2, 0xff, 0xff, 0x0, 0xbf, 0xff, 0x80,
    0x0, 0xb, 0xff, 0xf4, 0xf, 0xff, 0xf0, 0x0,
    0x0, 0x3f, 0xff, 0x82, 0xff, 0xfc, 0x0, 0x0,
    0x1, 0xff, 0xfc, 0x3f, 0xff, 0xc0, 0x0, 0x0,
    0xf, 0xff, 0xc3, 0xff, 0xf4, 0x0, 0x0, 0x0,
    0x55, 0x54, 0x7f, 0xff, 0x0, 0x0, 0x0, 0x0,
    0x0, 0x7, 0xff, 0xf0, 0x0, 0x0, 0x0, 0x0,
    0x0, 0xbf, 0xff, 0x0, 0x0, 0x0, 0x0, 0x0,
    0xb, 0xff, 0xf0, 0x0, 0x0, 0x0, 0x0, 0x0,
    0xbf, 0xfe, 0x0, 0x0, 0x0, 0x0, 0x0, 0xb,
    0xff, 0xe0, 0x0, 0x2f, 0xff, 0xff, 0xfd, 0xbf,
    0xfe, 0x0, 0x2, 0xff, 0xff, 0xff, 0xdb, 0xff,
    0xe0, 0x0, 0x2f, 0xff, 0xff, 0xfd, 0xbf, 0xff,
    0x0, 0x2, 0xff, 0xff, 0xff, 0xdb, 0xff, 0xf0,
    0x0, 0x2f, 0xff, 0xff, 0xfd, 0x7f, 0xff, 0x0,
    0x0, 0x0, 0xf, 0xff, 0xd7, 0xff, 0xf0, 0x0,
    0x0, 0x0, 0xff, 0xfd, 0x3f, 0xff, 0x40, 0x0,
    0x0, 0xf, 0xff, 0xd3, 0xff, 0xfc, 0x0, 0x0,
    0x0, 0xff, 0xfd, 0x2f, 0xff, 0xd0, 0x0, 0x0,
    0xf, 0xff, 0xd0, 0xff, 0xff, 0x0, 0x0, 0x0,
    0xff, 0xfd, 0xb, 0xff, 0xfc, 0x0, 0x0, 0xf,
    0xff, 0xd0, 0x3f, 0xff, 0xf4, 0x0, 0xb, 0xff,
    0xfd, 0x1, 0xff, 0xff, 0xff, 0xbf, 0xff, 0xff,
    0xd0, 0xb, 0xff, 0xff, 0xff, 0xff, 0xff, 0xfc,
    0x0, 0x2f, 0xff, 0xff, 0xff, 0xff, 0xfe, 0x0,
    0x0, 0x7f, 0xff, 0xff, 0xff, 0xff, 0x40, 0x0,
    0x0, 0x7f, 0xff, 0xff, 0xff, 0x40, 0x0, 0x0,
    0x0, 0x6b, 0xff, 0xf9, 0x0, 0x0,

    /* U+0048 "H" */
    0xff, 0xfe, 0x0, 0x0, 0x0, 0xf, 0xff, 0xcf,
    0xff, 0xe0, 0x0, 0x0, 0x0, 0xff, 0xfc, 0xff,
    0xfe, 0x0, 0x0, 0x0, 0xf, 0xff, 0xcf, 0xff,
    0xe0, 0x0, 0x0, 0x0, 0xff, 0xfc, 0xff, 0xfe,
    0x0, 0x0, 0x0, 0xf, 0xff, 0xcf, 0xff, 0xe0,
    0x0, 0x0, 0x0, 0xff, 0xfc, 0xff, 0xfe, 0x0,
    0x0, 0x0, 0xf, 0xff, 0xcf, 0xff, 0xe0, 0x0,
    0x0, 0x0, 0xff, 0xfc, 0xff, 0xfe, 0x0, 0x0,
    0x0, 0xf, 0xff, 0xcf, 0xff, 0xe0, 0x0, 0x0,
    0x0, 0xff, 0xfc, 0xff, 0xfe, 0x0, 0x0, 0x0,
    0xf, 0xff, 0xcf, 0xff, 0xe0, 0x0, 0x0, 0x0,
    0xff, 0xfc, 0xff, 0xfe, 0x0, 0x0, 0x0, 0xf,
    0xff, 0xcf, 0xff, 0xe0, 0x0, 0x0, 0x0, 0xff,
    0xfc, 0xff, 0xfe, 0x0, 0x0, 0x0, 0xf, 0xff,
    0xcf, 0xff, 0xff, 0xff, 0xff, 0xff, 0xff, 0xfc,
    0xff, 0xff, 0xff, 0xff, 0xff, 0xff, 0xff, 0xcf,
    0xff, 0xff, 0xff, 0xff, 0xff, 0xff, 0xfc, 0xff,
    0xff, 0xff, 0xff, 0xff, 0xff, 0xff, 0xcf, 0xff,
    0xff, 0xff, 0xff, 0xff, 0xff, 0xfc, 0xff, 0xff,
    0xaa, 0xaa, 0xaa, 0xbf, 0xff, 0xcf, 0xff, 0xe0,
    0x0, 0x0, 0x0, 0xff, 0xfc, 0xff, 0xfe, 0x0,
    0x0, 0x0, 0xf, 0xff, 0xcf, 0xff, 0xe0, 0x0,
    0x0, 0x0, 0xff, 0xfc, 0xff, 0xfe, 0x0, 0x0,
    0x0, 0xf, 0xff, 0xcf, 0xff, 0xe0, 0x0, 0x0,
    0x0, 0xff, 0xfc, 0xff, 0xfe, 0x0, 0x0, 0x0,
    0xf, 0xff, 0xcf, 0xff, 0xe0, 0x0, 0x0, 0x0,
    0xff, 0xfc, 0xff, 0xfe, 0x0, 0x0, 0x0, 0xf,
    0xff, 0xcf, 0xff, 0xe0, 0x0, 0x0, 0x0, 0xff,
    0xfc, 0xff, 0xfe, 0x0, 0x0, 0x0, 0xf, 0xff,
    0xcf, 0xff, 0xe0, 0x0, 0x0, 0x0, 0xff, 0xfc,
    0xff, 0xfe, 0x0, 0x0, 0x0, 0xf, 0xff, 0xcf,
    0xff, 0xe0, 0x0, 0x0, 0x0, 0xff, 0xfc, 0xff,
    0xfe, 0x0, 0x0, 0x0, 0xf, 0xff, 0xcf, 0xff,
    0xe0, 0x0, 0x0, 0x0, 0xff, 0xfc,

    /* U+0049 "I" */
    0x7f, 0xff, 0x7f, 0xff, 0x7f, 0xff, 0x7f, 0xff,
    0x7f, 0xff, 0x7f, 0xff, 0x7f, 0xff, 0x7f, 0xff,
    0x7f, 0xff, 0x7f, 0xff, 0x7f, 0xff, 0x7f, 0xff,
    0x7f, 0xff, 0x7f, 0xff, 0x7f, 0xff, 0x7f, 0xff,
    0x7f, 0xff, 0x7f, 0xff, 0x7f, 0xff, 0x7f, 0xff,
    0x7f, 0xff, 0x7f, 0xff, 0x7f, 0xff, 0x7f, 0xff,
    0x7f, 0xff, 0x7f, 0xff, 0x7f, 0xff, 0x7f, 0xff,
    0x7f, 0xff, 0x7f, 0xff, 0x7f, 0xff, 0x7f, 0xff,
    0x7f, 0xff, 0x7f, 0xff, 0x7f, 0xff, 0x7f, 0xff,

    /* U+004A "J" */
    0x0, 0x0, 0x0, 0x0, 0x7f, 0xff, 0x0, 0x0,
    0x0, 0x0, 0x7f, 0xff, 0x0, 0x0, 0x0, 0x0,
    0x7f, 0xff, 0x0, 0x0, 0x0, 0x0, 0x7f, 0xff,
    0x0, 0x0, 0x0, 0x0, 0x7f, 0xff, 0x0, 0x0,
    0x0, 0x0, 0x7f, 0xff, 0x0, 0x0, 0x0, 0x0,
    0x7f, 0xff, 0x0, 0x0, 0x0, 0x0, 0x7f, 0xff,
    0x0, 0x0, 0x0, 0x0, 0x7f, 0xff, 0x0, 0x0,
    0x0, 0x0, 0x7f, 0xff, 0x0, 0x0, 0x0, 0x0,
    0x7f, 0xff, 0x0, 0x0, 0x0, 0x0, 0x7f, 0xff,
    0x0, 0x0, 0x0, 0x0, 0x7f, 0xff, 0x0, 0x0,
    0x0, 0x0, 0x7f, 0xff, 0x0, 0x0, 0x0, 0x0,
    0x7f, 0xff, 0x0, 0x0, 0x0, 0x0, 0x7f, 0xff,
    0x0, 0x0, 0x0, 0x0, 0x7f, 0xff, 0x0, 0x0,
    0x0, 0x0, 0x7f, 0xff, 0x0, 0x0, 0x0, 0x0,
    0x7f, 0xff, 0x0, 0x0, 0x0, 0x0, 0x7f, 0xff,
    0x0, 0x0, 0x0, 0x0, 0x7f, 0xff, 0x0, 0x0,
    0x0, 0x0, 0x7f, 0xff, 0x0, 0x0, 0x0, 0x0,
    0x7f, 0xff, 0x0, 0x0, 0x0, 0x0, 0x7f, 0xff,
    0x0, 0x0, 0x0, 0x0, 0x7f, 0xff, 0xff, 0xfd,
    0x0, 0x0, 0xbf, 0xff, 0xff, 0xfd, 0x0, 0x0,
    0xbf, 0xfe, 0xff, 0xfe, 0x0, 0x0, 0xff, 0xfe,
    0xbf, 0xff, 0x0, 0x2, 0xff, 0xfd, 0x7f, 0xff,
    0xc0, 0xb, 0xff, 0xfc, 0x3f, 0xff, 0xff, 0xff,
    0xff, 0xf4, 0xf, 0xff, 0xff, 0xff, 0xff, 0xf0,
    0x7, 0xff, 0xff, 0xff, 0xff, 0xc0, 0x1, 0xff,
    0xff, 0xff, 0xfe, 0x0, 0x0, 0x2f, 0xff, 0xff,
    0xf4, 0x0, 0x0, 0x1, 0xbf, 0xfe, 0x40, 0x0,

    /* U+004B "K" */
    0xff, 0xfe, 0x0, 0x0, 0x2, 0xff, 0xff, 0x4f,
    0xff, 0xe0, 0x0, 0x0, 0x7f, 0xff, 0xe0, 0xff,
    0xfe, 0x0, 0x0, 0xf, 0xff, 0xfc, 0xf, 0xff,
    0xe0, 0x0, 0x3, 0xff, 0xff, 0x0, 0xff, 0xfe,
    0x0, 0x0, 0xbf, 0xff, 0xc0, 0xf, 0xff, 0xe0,
    0x0, 0x1f, 0xff, 0xf4, 0x0, 0xff, 0xfe, 0x0,
    0x3, 0xff, 0xfe, 0x0, 0xf, 0xff, 0xe0, 0x0,
    0xff, 0xff, 0xc0, 0x0, 0xff, 0xfe, 0x0, 0x2f,
    0xff, 0xf0, 0x0, 0xf, 0xff, 0xe0, 0x7, 0xff,
    0xfd, 0x0, 0x0, 0xff, 0xfe, 0x0, 0xff, 0xff,
    0x40, 0x0, 0xf, 0xff, 0xe0, 0x3f, 0xff, 0xe0,
    0x0, 0x0, 0xff, 0xfe, 0xb, 0xff, 0xfc, 0x0,
    0x0, 0xf, 0xff, 0xe1, 0xff, 0xff, 0x0, 0x0,
    0x0, 0xff, 0xfe, 0x3f, 0xff, 0xd0, 0x0, 0x0,
    0xf, 0xff, 0xef, 0xff, 0xf8, 0x0, 0x0, 0x0,
    0xff, 0xff, 0xff, 0xff, 0x80, 0x0, 0x0, 0xf,
    0xff, 0xff, 0xff, 0xfc, 0x0, 0x0, 0x0, 0xff,
    0xff, 0xff, 0xff, 0xf0, 0x0, 0x0, 0xf, 0xff,
    0xff, 0xff, 0xff, 0x40, 0x0, 0x0, 0xff, 0xff,
    0xff, 0xff, 0xfc, 0x0, 0x0, 0xf, 0xff, 0xff,
    0xff, 0xff, 0xf0, 0x0, 0x0, 0xff, 0xff, 0xf4,
    0xff, 0xff, 0x40, 0x0, 0xf, 0xff, 0xfd, 0x7,
    0xff, 0xfc, 0x0, 0x0, 0xff, 0xff, 0x80, 0x3f,
    0xff, 0xe0, 0x0, 0xf, 0xff, 0xe0, 0x0, 0xff,
    0xff, 0x40, 0x0, 0xff, 0xfe, 0x0, 0xb, 0xff,
    0xfc, 0x0, 0xf, 0xff, 0xe0, 0x0, 0x3f, 0xff,
    0xe0, 0x0, 0xff, 0xfe, 0x0, 0x1, 0xff, 0xff,
    0x40, 0xf, 0xff, 0xe0, 0x0, 0xb, 0xff, 0xfc,
    0x0, 0xff, 0xfe, 0x0, 0x0, 0x3f, 0xff, 0xe0,
    0xf, 0xff, 0xe0, 0x0, 0x1, 0xff, 0xff, 0x0,
    0xff, 0xfe, 0x0, 0x0, 0xb, 0xff, 0xfc, 0xf,
    0xff, 0xe0, 0x0, 0x0, 0x3f, 0xff, 0xe0, 0xff,
    0xfe, 0x0, 0x0, 0x1, 0xff, 0xff, 0xf, 0xff,
    0xe0, 0x0, 0x0, 0xf, 0xff, 0xfc,

    /* U+004C "L" */
    0xff, 0xfe, 0x0, 0x0, 0x0, 0x0, 0xff, 0xfe,
    0x0, 0x0, 0x0, 0x0, 0xff, 0xfe, 0x0, 0x0,
    0x0, 0x0, 0xff, 0xfe, 0x0, 0x0, 0x0, 0x0,
    0xff, 0xfe, 0x0, 0x0, 0x0, 0x0, 0xff, 0xfe,
    0x0, 0x0, 0x0, 0x0, 0xff, 0xfe, 0x0, 0x0,
    0x0, 0x0, 0xff, 0xfe, 0x0, 0x0, 0x0, 0x0,
    0xff, 0xfe, 0x0, 0x0, 0x0, 0x0, 0xff, 0xfe,
    0x0, 0x0, 0x0, 0x0, 0xff, 0xfe, 0x0, 0x0,
    0x0, 0x0, 0xff, 0xfe, 0x0, 0x0, 0x0, 0x0,
    0xff, 0xfe, 0x0, 0x0, 0x0, 0x0, 0xff, 0xfe,
    0x0, 0x0, 0x0, 0x0, 0xff, 0xfe, 0x0, 0x0,
    0x0, 0x0, 0xff, 0xfe, 0x0, 0x0, 0x0, 0x0,
    0xff, 0xfe, 0x0, 0x0, 0x0, 0x0, 0xff, 0xfe,
    0x0, 0x0, 0x0, 0x0, 0xff, 0xfe, 0x0, 0x0,
    0x0, 0x0, 0xff, 0xfe, 0x0, 0x0, 0x0, 0x0,
    0xff, 0xfe, 0x0, 0x0, 0x0, 0x0, 0xff, 0xfe,
    0x0, 0x0, 0x0, 0x0, 0xff, 0xfe, 0x0, 0x0,
    0x0, 0x0, 0xff, 0xfe, 0x0, 0x0, 0x0, 0x0,
    0xff, 0xfe, 0x0, 0x0, 0x0, 0x0, 0xff, 0xfe,
    0x0, 0x0, 0x0, 0x0, 0xff, 0xfe, 0x0, 0x0,
    0x0, 0x0, 0xff, 0xfe, 0x0, 0x0, 0x0, 0x0,
    0xff, 0xfe, 0x0, 0x0, 0x0, 0x0, 0xff, 0xfe,
    0x0, 0x0, 0x0, 0x0, 0xff, 0xff, 0xaa, 0xaa,
    0xaa, 0xa8, 0xff, 0xff, 0xff, 0xff, 0xff, 0xfc,
    0xff, 0xff, 0xff, 0xff, 0xff, 0xfc, 0xff, 0xff,
    0xff, 0xff, 0xff, 0xfc, 0xff, 0xff, 0xff, 0xff,
    0xff, 0xfc, 0xff, 0xff, 0xff, 0xff, 0xff, 0xfc,

    /* U+004D "M" */
    0xff, 0xff, 0xf0, 0x0, 0x0, 0x0, 0x0, 0xff,
    0xff, 0xef, 0xff, 0xff, 0x0, 0x0, 0x0, 0x0,
    0x2f, 0xff, 0xfe, 0xff, 0xff, 0xf8, 0x0, 0x0,
    0x0, 0x3, 0xff, 0xff, 0xef, 0xff, 0xff, 0xc0,
    0x0, 0x0, 0x0, 0x3f, 0xff, 0xfe, 0xff, 0xff,
    0xfd, 0x0, 0x0, 0x0, 0xb, 0xff, 0xff, 0xef,
    0xff, 0xff, 0xe0, 0x0, 0x0, 0x0, 0xff, 0xff,
    0xfe, 0xff, 0xff, 0xff, 0x0, 0x0, 0x0, 0x1f,
    0xff, 0xff, 0xef, 0xff, 0xff, 0xf4, 0x0, 0x0,
    0x2, 0xff, 0xff, 0xfe, 0xff, 0xff, 0xff, 0x80,
    0x0, 0x0, 0x3f, 0xff, 0xff, 0xef, 0xff, 0xff,
    0xfc, 0x0, 0x0, 0x7, 0xff, 0xff, 0xfe, 0xff,
    0xfe, 0xff, 0xd0, 0x0, 0x0, 0xbf, 0xfb, 0xff,
    0xef, 0xff, 0xdf, 0xfe, 0x0, 0x0, 0xf, 0xff,
    0x7f, 0xfe, 0xff, 0xfc, 0xff, 0xf0, 0x0, 0x1,
    0xff, 0xe3, 0xff, 0xef, 0xff, 0xcb, 0xff, 0x40,
    0x0, 0x2f, 0xfd, 0x3f, 0xfe, 0xff, 0xfc, 0x7f,
    0xf8, 0x0, 0x3, 0xff, 0xc7, 0xff, 0xef, 0xff,
    0xc3, 0xff, 0xc0, 0x0, 0x7f, 0xf8, 0x7f, 0xfe,
    0xff, 0xfc, 0x2f, 0xfd, 0x0, 0xb, 0xff, 0x47,
    0xff, 0xef, 0xff, 0xc0, 0xff, 0xf0, 0x0, 0xff,
    0xf0, 0x7f, 0xfe, 0xff, 0xfc, 0xf, 0xff, 0x0,
    0x1f, 0xfe, 0x7, 0xff, 0xef, 0xff, 0xc0, 0xbf,
    0xf4, 0x3, 0xff, 0xc0, 0x7f, 0xfe, 0xff, 0xfc,
    0x3, 0xff, 0xc0, 0x3f, 0xfc, 0xb, 0xff, 0xef,
    0xff, 0xd0, 0x3f, 0xfc, 0x7, 0xff, 0x80, 0xbf,
    0xfe, 0xff, 0xfd, 0x1, 0xff, 0xd0, 0xff, 0xf0,
    0xb, 0xff, 0xef, 0xff, 0xd0, 0xf, 0xff, 0xf,
    0xff, 0x0, 0xbf, 0xfe, 0xff, 0xfd, 0x0, 0xbf,
    0xf1, 0xff, 0xd0, 0xb, 0xff, 0xef, 0xff, 0xd0,
    0x7, 0xff, 0xbf, 0xfc, 0x0, 0xff, 0xfe, 0xff,
    0xfd, 0x0, 0x3f, 0xff, 0xff, 0x80, 0xf, 0xff,
    0xef, 0xff, 0xd0, 0x2, 0xff, 0xff, 0xf4, 0x0,
    0xff, 0xfe, 0xff, 0xfd, 0x0, 0x1f, 0xff, 0xff,
    0x0, 0xf, 0xff, 0xef, 0xff, 0xd0, 0x0, 0xff,
    0xff, 0xe0, 0x0, 0xff, 0xfe, 0xff, 0xfd, 0x0,
    0xb, 0xff, 0xfd, 0x0, 0xf, 0xff, 0xef, 0xff,
    0xd0, 0x0, 0x3f, 0xff, 0xc0, 0x0, 0xff, 0xfe,
    0xff, 0xfd, 0x0, 0x3, 0xff, 0xf8, 0x0, 0xf,
    0xff, 0xef, 0xff, 0xd0, 0x0, 0x2f, 0xff, 0x0,
    0x0, 0xff, 0xfe, 0xff, 0xfd, 0x0, 0x0, 0xff,
    0xf0, 0x0, 0xf, 0xff, 0xef, 0xff, 0xd0, 0x0,
    0xf, 0xfe, 0x0, 0x0, 0xff, 0xfe,

    /* U+004E "N" */
    0xff, 0xff, 0x0, 0x0, 0x0, 0xf, 0xff, 0xcf,
    0xff, 0xf4, 0x0, 0x0, 0x0, 0xff, 0xfc, 0xff,
    0xff, 0xc0, 0x0, 0x0, 0xf, 0xff, 0xcf, 0xff,
    0xfe, 0x0, 0x0, 0x0, 0xff, 0xfc, 0xff, 0xff,
    0xf0, 0x0, 0x0, 0xf, 0xff, 0xcf, 0xff, 0xff,
    0xc0, 0x0, 0x0, 0xff, 0xfc, 0xff, 0xff, 0xfd,
    0x0, 0x0, 0xf, 0xff, 0xcf, 0xff, 0xff, 0xf0,
    0x0, 0x0, 0xff, 0xfc, 0xff, 0xff, 0xff, 0x80,
    0x0, 0xf, 0xff, 0xcf, 0xff, 0xff, 0xfc, 0x0,
    0x0, 0xff, 0xfc, 0xff, 0xff, 0xff, 0xe0, 0x0,
    0xf, 0xff, 0xcf, 0xff, 0xff, 0xff, 0x40, 0x0,
    0xff, 0xfc, 0xff, 0xfe, 0xff, 0xfc, 0x0, 0xf,
    0xff, 0xcf, 0xff, 0xeb, 0xff, 0xe0, 0x0, 0xff,
    0xfc, 0xff, 0xfe, 0x3f, 0xff, 0x0, 0xf, 0xff,
    0xcf, 0xff, 0xe1, 0xff, 0xf8, 0x0, 0xff, 0xfc,
    0xff, 0xfe, 0xf, 0xff, 0xd0, 0xf, 0xff, 0xcf,
    0xff, 0xe0, 0x3f, 0xff, 0x0, 0xff, 0xfc, 0xff,
    0xfe, 0x2, 0xff, 0xf4, 0xf, 0xff, 0xcf, 0xff,
    0xe0, 0xf, 0xff, 0xc0, 0xff, 0xfc, 0xff, 0xfe,
    0x0, 0x7f, 0xfe, 0xf, 0xff, 0xcf, 0xff, 0xe0,
    0x3, 0xff, 0xf0, 0xff, 0xfc, 0xff, 0xfe, 0x0,
    0xf, 0xff, 0xcf, 0xff, 0xcf, 0xff, 0xe0, 0x0,
    0xbf, 0xfe, 0xff, 0xfc, 0xff, 0xfe, 0x0, 0x3,
    0xff, 0xff, 0xff, 0xcf, 0xff, 0xe0, 0x0, 0x1f,
    0xff, 0xff, 0xfc, 0xff, 0xfe, 0x0, 0x0, 0xff,
    0xff, 0xff, 0xcf, 0xff, 0xe0, 0x0, 0x7, 0xff,
    0xff, 0xfc, 0xff, 0xfe, 0x0, 0x0, 0x2f, 0xff,
    0xff, 0xcf, 0xff, 0xe0, 0x0, 0x0, 0xff, 0xff,
    0xfc, 0xff, 0xfe, 0x0, 0x0, 0x7, 0xff, 0xff,
    0xcf, 0xff, 0xe0, 0x0, 0x0, 0x3f, 0xff, 0xfc,
    0xff, 0xfe, 0x0, 0x0, 0x1, 0xff, 0xff, 0xcf,
    0xff, 0xe0, 0x0, 0x0, 0xb, 0xff, 0xfc, 0xff,
    0xfe, 0x0, 0x0, 0x0, 0x3f, 0xff, 0xcf, 0xff,
    0xe0, 0x0, 0x0, 0x2, 0xff, 0xfc,

    /* U+004F "O" */
    0x0, 0x0, 0x6, 0xff, 0xf9, 0x0, 0x0, 0x0,
    0x0, 0x2, 0xff, 0xff, 0xff, 0xd0, 0x0, 0x0,
    0x0, 0x7f, 0xff, 0xff, 0xff, 0xe0, 0x0, 0x0,
    0xb, 0xff, 0xff, 0xff, 0xff, 0xf0, 0x0, 0x0,
    0xbf, 0xff, 0xff, 0xff, 0xff, 0xf0, 0x0, 0x7,
    0xff, 0xff, 0xff, 0xff, 0xff, 0xf0, 0x0, 0x3f,
    0xff, 0xf4, 0x0, 0xbf, 0xff, 0xe0, 0x2, 0xff,
    0xfe, 0x0, 0x0, 0x3f, 0xff, 0xc0, 0xf, 0xff,
    0xe0, 0x0, 0x0, 0x7f, 0xff, 0x80, 0xbf, 0xff,
    0x0, 0x0, 0x0, 0xbf, 0xff, 0x3, 0xff, 0xf8,
    0x0, 0x0, 0x0, 0xff, 0xfd, 0x1f, 0xff, 0xc0,
    0x0, 0x0, 0x3, 0xff, 0xf8, 0x7f, 0xff, 0x0,
    0x0, 0x0, 0x7, 0xff, 0xf2, 0xff, 0xfc, 0x0,
    0x0, 0x0, 0x1f, 0xff, 0xcf, 0xff, 0xe0, 0x0,
    0x0, 0x0, 0x3f, 0xff, 0x3f, 0xff, 0x80, 0x0,
    0x0, 0x0, 0xff, 0xfd, 0xff, 0xfe, 0x0, 0x0,
    0x0, 0x3, 0xff, 0xf7, 0xff, 0xf8, 0x0, 0x0,
    0x0, 0xf, 0xff, 0xdf, 0xff, 0xe0, 0x0, 0x0,
    0x0, 0x3f, 0xff, 0x7f, 0xff, 0x80, 0x0, 0x0,
    0x0, 0xff, 0xfd, 0xff, 0xfe, 0x0, 0x0, 0x0,
    0x3, 0xff, 0xf7, 0xff, 0xf8, 0x0, 0x0, 0x0,
    0xf, 0xff, 0xcb, 0xff, 0xf0, 0x0, 0x0, 0x0,
    0x7f, 0xff, 0x1f, 0xff, 0xc0, 0x0, 0x0, 0x2,
    0xff, 0xfc, 0x3f, 0xff, 0x0, 0x0, 0x0, 0xf,
    0xff, 0xe0, 0xff, 0xfe, 0x0, 0x0, 0x0, 0x3f,
    0xff, 0x42, 0xff, 0xfc, 0x0, 0x0, 0x2, 0xff,
    0xfc, 0x3, 0xff, 0xf8, 0x0, 0x0, 0xf, 0xff,
    0xe0, 0xb, 0xff, 0xf8, 0x0, 0x0, 0xff, 0xff,
    0x0, 0xf, 0xff, 0xfd, 0x0, 0x2f, 0xff, 0xf8,
    0x0, 0x1f, 0xff, 0xff, 0xff, 0xff, 0xff, 0xc0,
    0x0, 0x2f, 0xff, 0xff, 0xff, 0xff, 0xfc, 0x0,
    0x0, 0x2f, 0xff, 0xff, 0xff, 0xff, 0xc0, 0x0,
    0x0, 0x1f, 0xff, 0xff, 0xff, 0xf8, 0x0, 0x0,
    0x0, 0xb, 0xff, 0xff, 0xff, 0x40, 0x0, 0x0,
    0x0, 0x1, 0xbf, 0xfe, 0x40, 0x0, 0x0,

    /* U+0050 "P" */
    0xff, 0xff, 0xff, 0xff, 0xe4, 0x0, 0x0, 0xff,
    0xff, 0xff, 0xff, 0xff, 0xd0, 0x0, 0xff, 0xff,
    0xff, 0xff, 0xff, 0xf8, 0x0, 0xff, 0xff, 0xff,
    0xff, 0xff, 0xff, 0x0, 0xff, 0xff, 0xff, 0xff,
    0xff, 0xff, 0xc0, 0xff, 0xff, 0xff, 0xff, 0xff,
    0xff, 0xe0, 0xff, 0xfe, 0x0, 0x0, 0x2f, 0xff,
    0xf0, 0xff, 0xfe, 0x0, 0x0, 0xb, 0xff, 0xf8,
    0xff, 0xfe, 0x0, 0x0, 0x3, 0xff, 0xfc, 0xff,
    0xfe, 0x0, 0x0, 0x1, 0xff, 0xfc, 0xff, 0xfe,
    0x0, 0x0, 0x0, 0xff, 0xfd, 0xff, 0xfe, 0x0,
    0x0, 0x0, 0xff, 0xfd, 0xff, 0xfe, 0x0, 0x0,
    0x0, 0xff, 0xfd, 0xff, 0xfe, 0x0, 0x0, 0x0,
    0xff, 0xfc, 0xff, 0xfe, 0x0, 0x0, 0x2, 0xff,
    0xfc, 0xff, 0xfe, 0x0, 0x0, 0x7, 0xff, 0xfc,
    0xff, 0xfe, 0x0, 0x0, 0x1f, 0xff, 0xf4, 0xff,
    0xff, 0xaa, 0xaf, 0xff, 0xff, 0xf0, 0xff, 0xff,
    0xff, 0xff, 0xff, 0xff, 0xc0, 0xff, 0xff, 0xff,
    0xff, 0xff, 0xff, 0x40, 0xff, 0xff, 0xff, 0xff,
    0xff, 0xfc, 0x0, 0xff, 0xff, 0xff, 0xff, 0xff,
    0xd0, 0x0, 0xff, 0xff, 0xff, 0xff, 0xe9, 0x0,
    0x0, 0xff, 0xfe, 0x0, 0x0, 0x0, 0x0, 0x0,
    0xff, 0xfe, 0x0, 0x0, 0x0, 0x0, 0x0, 0xff,
    0xfe, 0x0, 0x0, 0x0, 0x0, 0x0, 0xff, 0xfe,
    0x0, 0x0, 0x0, 0x0, 0x0, 0xff, 0xfe, 0x0,
    0x0, 0x0, 0x0, 0x0, 0xff, 0xfe, 0x0, 0x0,
    0x0, 0x0, 0x0, 0xff, 0xfe, 0x0, 0x0, 0x0,
    0x0, 0x0, 0xff, 0xfe, 0x0, 0x0, 0x0, 0x0,
    0x0, 0xff, 0xfe, 0x0, 0x0, 0x0, 0x0, 0x0,
    0xff, 0xfe, 0x0, 0x0, 0x0, 0x0, 0x0, 0xff,
    0xfe, 0x0, 0x0, 0x0, 0x0, 0x0, 0xff, 0xfe,
    0x0, 0x0, 0x0, 0x0, 0x0, 0xff, 0xfe, 0x0,
    0x0, 0x0, 0x0, 0x0,

    /* U+0051 "Q" */
    0x0, 0x0, 0x6, 0xff, 0xf9, 0x0, 0x0, 0x0,
    0x0, 0x2, 0xff, 0xff, 0xff, 0x90, 0x0, 0x0,
    0x0, 0x7f, 0xff, 0xff, 0xff, 0xe0, 0x0, 0x0,
    0xb, 0xff, 0xff, 0xff, 0xff, 0xf0, 0x0, 0x0,
    0xbf, 0xff, 0xff, 0xff, 0xff, 0xf0, 0x0, 0x7,
    0xff, 0xff, 0xff, 0xff, 0xff, 0xf0, 0x0, 0x3f,
    0xff, 0xf4, 0x0, 0xbf, 0xff, 0xe0, 0x2, 0xff,
    0xfe, 0x0, 0x0, 0x7f, 0xff, 0xc0, 0xf, 0xff,
    0xe0, 0x0, 0x0, 0x7f, 0xff, 0x80, 0xbf, 0xff,
    0x0, 0x0, 0x0, 0xbf, 0xff, 0x3, 0xff, 0xf8,
    0x0, 0x0, 0x0, 0xff, 0xfd, 0x1f, 0xff, 0xc0,
    0x0, 0x0, 0x3, 0xff, 0xf8, 0xbf, 0xff, 0x0,
    0x0, 0x0, 0xb, 0xff, 0xf2, 0xff, 0xf8, 0x0,
    0x0, 0x0, 0x1f, 0xff, 0xcf, 0xff, 0xe0, 0x0,
    0x0, 0x0, 0x3f, 0xff, 0x3f, 0xff, 0x80, 0x0,
    0x0, 0x0, 0xff, 0xfd, 0xff, 0xfd, 0x0, 0x0,
    0x0, 0x3, 0xff, 0xf7, 0xff, 0xf4, 0x0, 0x0,
    0x0, 0xf, 0xff, 0xdf, 0xff, 0xd0, 0x0, 0x0,
    0x0, 0x3f, 0xff, 0x7f, 0xff, 0x40, 0x0, 0x0,
    0x0, 0xff, 0xfd, 0xff, 0xfe, 0x0, 0x0, 0x0,
    0x3, 0xff, 0xf7, 0xff, 0xf8, 0x0, 0x0, 0x0,
    0xf, 0xff, 0xcb, 0xff, 0xf0, 0x0, 0x0, 0x0,
    0x7f, 0xff, 0x2f, 0xff, 0xc0, 0x0, 0x0, 0x2,
    0xff, 0xfc, 0x7f, 0xff, 0x0, 0x0, 0x0, 0xf,
    0xff, 0xe0, 0xff, 0xfe, 0x0, 0x0, 0x0, 0x3f,
    0xff, 0x42, 0xff, 0xfc, 0x0, 0x0, 0x2, 0xff,
    0xfc, 0x3, 0xff, 0xf8, 0x0, 0x0, 0x1f, 0xff,
    0xe0, 0xb, 0xff, 0xf8, 0x0, 0x0, 0xff, 0xff,
    0x0, 0xf, 0xff, 0xfd, 0x0, 0x2f, 0xff, 0xf8,
    0x0, 0x1f, 0xff, 0xff, 0xff, 0xff, 0xff, 0xc0,
    0x0, 0x2f, 0xff, 0xff, 0xff, 0xff, 0xfc, 0x0,
    0x0, 0x2f, 0xff, 0xff, 0xff, 0xff, 0xc0, 0x0,
    0x0, 0x1f, 0xff, 0xff, 0xff, 0xfe, 0x0, 0x0,
    0x0, 0xb, 0xff, 0xff, 0xff, 0xff, 0x0, 0x0,
    0x0, 0x1, 0xbf, 0xff, 0xff, 0xff, 0x0, 0x0,
    0x0, 0x0, 0x0, 0x7, 0xff, 0xff, 0x40, 0x0,
    0x0, 0x0, 0x0, 0x3, 0xff, 0xff, 0x80, 0x0,
    0x0, 0x0, 0x0, 0x2, 0xff, 0xfd, 0x0, 0x0,
    0x0, 0x0, 0x0, 0x1, 0xff, 0xd0, 0x0, 0x0,
    0x0, 0x0, 0x0, 0x1, 0xfc, 0x0, 0x0, 0x0,
    0x0, 0x0, 0x0, 0x0, 0x80, 0x0,

    /* U+0052 "R" */
    0xff, 0xff, 0xff, 0xff, 0xe4, 0x0, 0x0, 0xff,
    0xff, 0xff, 0xff, 0xff, 0x80, 0x0, 0xff, 0xff,
    0xff, 0xff, 0xff, 0xf8, 0x0, 0xff, 0xff, 0xff,
    0xff, 0xff, 0xff, 0x0, 0xff, 0xff, 0xff, 0xff,
    0xff, 0xff, 0x80, 0xff, 0xff, 0xff, 0xff, 0xff,
    0xff, 0xd0, 0xff, 0xfe, 0x0, 0x0, 0x7f, 0xff,
    0xf0, 0xff, 0xfe, 0x0, 0x0, 0xf, 0xff, 0xf0,
    0xff, 0xfe, 0x0, 0x0, 0x7, 0xff, 0xf4, 0xff,
    0xfe, 0x0, 0x0, 0x3, 0xff, 0xf4, 0xff, 0xfe,
    0x0, 0x0, 0x3, 0xff, 0xf8, 0xff, 0xfe, 0x0,
    0x0, 0x3, 0xff, 0xf8, 0xff, 0xfe, 0x0, 0x0,
    0x3, 0xff, 0xf4, 0xff, 0xfe, 0x0, 0x0, 0x3,
    0xff, 0xf4, 0xff, 0xfe, 0x0, 0x0, 0xb, 0xff,
    0xf0, 0xff, 0xfe, 0x0, 0x0, 0x1f, 0xff, 0xe0,
    0xff, 0xfe, 0x0, 0x1, 0xbf, 0xff, 0xd0, 0xff,
    0xff, 0xff, 0xff, 0xff, 0xff, 0x80, 0xff, 0xff,
    0xff, 0xff, 0xff, 0xfe, 0x0, 0xff, 0xff, 0xff,
    0xff, 0xff, 0xf8, 0x0, 0xff, 0xff, 0xff, 0xff,
    0xff, 0xc0, 0x0, 0xff, 0xff, 0xff, 0xff, 0xff,
    0x40, 0x0, 0xff, 0xff, 0xaa, 0xbf, 0xff, 0xc0,
    0x0, 0xff, 0xfe, 0x0, 0x1f, 0xff, 0xd0, 0x0,
    0xff, 0xfe, 0x0, 0xf, 0xff, 0xf0, 0x0, 0xff,
    0xfe, 0x0, 0x7, 0xff, 0xf8, 0x0, 0xff, 0xfe,
    0x0, 0x3, 0xff, 0xfc, 0x0, 0xff, 0xfe, 0x0,
    0x1, 0xff, 0xfe, 0x0, 0xff, 0xfe, 0x0, 0x0,
    0xff, 0xff, 0x0, 0xff, 0xfe, 0x0, 0x0, 0x7f,
    0xff, 0x80, 0xff, 0xfe, 0x0, 0x0, 0x2f, 0xff,
    0xc0, 0xff, 0xfe, 0x0, 0x0, 0xf, 0xff, 0xe0,
    0xff, 0xfe, 0x0, 0x0, 0xb, 0xff, 0xf0, 0xff,
    0xfe, 0x0, 0x0, 0x3, 0xff, 0xf8, 0xff, 0xfe,
    0x0, 0x0, 0x2, 0xff, 0xfc, 0xff, 0xfe, 0x0,
    0x0, 0x0, 0xff, 0xfe,

    /* U+0053 "S" */
    0x0, 0x0, 0x1a, 0xff, 0xf9, 0x0, 0x0, 0x0,
    0x1, 0xff, 0xff, 0xff, 0xe0, 0x0, 0x0, 0x1f,
    0xff, 0xff, 0xff, 0xfe, 0x0, 0x0, 0x7f, 0xff,
    0xff, 0xff, 0xff, 0xc0, 0x1, 0xff, 0xff, 0xff,
    0xff, 0xff, 0xf0, 0x3, 0xff, 0xff, 0xfa, 0xff,
    0xff, 0xf8, 0xb, 0xff, 0xfd, 0x0, 0xb, 0xff,
    0xfc, 0xf, 0xff, 0xf0, 0x0, 0x1, 0xff, 0xfd,
    0xf, 0xff, 0xd0, 0x0, 0x0, 0xff, 0xfe, 0xf,
    0xff, 0xc0, 0x0, 0x0, 0x7f, 0xff, 0xf, 0xff,
    0xc0, 0x0, 0x0, 0x7f, 0xff, 0xf, 0xff, 0xe0,
    0x0, 0x0, 0x0, 0x0, 0xf, 0xff, 0xf8, 0x0,
    0x0, 0x0, 0x0, 0x7, 0xff, 0xff, 0x40, 0x0,
    0x0, 0x0, 0x2, 0xff, 0xff, 0xf8, 0x0, 0x0,
    0x0, 0x0, 0xff, 0xff, 0xff, 0xe0, 0x0, 0x0,
    0x0, 0x3f, 0xff, 0xff, 0xff, 0x40, 0x0, 0x0,
    0xb, 0xff, 0xff, 0xff, 0xf4, 0x0, 0x0, 0x0,
    0xbf, 0xff, 0xff, 0xfe, 0x0, 0x0, 0x0, 0x7,
    0xff, 0xff, 0xff, 0xc0, 0x0, 0x0, 0x0, 0x2f,
    0xff, 0xff, 0xf0, 0x0, 0x0, 0x0, 0x0, 0xbf,
    0xff, 0xf8, 0x0, 0x0, 0x0, 0x0, 0xb, 0xff,
    0xfc, 0x0, 0x0, 0x0, 0x0, 0x1, 0xff, 0xfe,
    0x2a, 0xaa, 0x0, 0x0, 0x0, 0xbf, 0xff, 0x7f,
    0xff, 0x0, 0x0, 0x0, 0x7f, 0xff, 0x3f, 0xff,
    0x40, 0x0, 0x0, 0x7f, 0xff, 0x3f, 0xff, 0x80,
    0x0, 0x0, 0xbf, 0xff, 0x2f, 0xff, 0xd0, 0x0,
    0x0, 0xff, 0xff, 0xf, 0xff, 0xf8, 0x0, 0x7,
    0xff, 0xfd, 0xb, 0xff, 0xff, 0xea, 0xbf, 0xff,
    0xfc, 0x2, 0xff, 0xff, 0xff, 0xff, 0xff, 0xf4,
    0x0, 0xbf, 0xff, 0xff, 0xff, 0xff, 0xe0, 0x0,
    0x1f, 0xff, 0xff, 0xff, 0xff, 0x40, 0x0, 0x1,
    0xff, 0xff, 0xff, 0xf8, 0x0, 0x0, 0x0, 0x6,
    0xff, 0xfe, 0x40, 0x0,

    /* U+0054 "T" */
    0xff, 0xff, 0xff, 0xff, 0xff, 0xff, 0xff, 0xff,
    0xff, 0xff, 0xff, 0xff, 0xff, 0xff, 0xff, 0xff,
    0xff, 0xff, 0xff, 0xff, 0xff, 0xff, 0xff, 0xff,
    0xff, 0xff, 0xff, 0xff, 0xff, 0xff, 0xff, 0xff,
    0xff, 0xff, 0xff, 0xff, 0xff, 0xff, 0xff, 0xff,
    0xff, 0xff, 0xff, 0xf0, 0x0, 0x0, 0x3f, 0xff,
    0x0, 0x0, 0x0, 0x0, 0x0, 0xf, 0xff, 0xc0,
    0x0, 0x0, 0x0, 0x0, 0x3, 0xff, 0xf0, 0x0,
    0x0, 0x0, 0x0, 0x0, 0xff, 0xfc, 0x0, 0x0,
    0x0, 0x0, 0x0, 0x3f, 0xff, 0x0, 0x0, 0x0,
    0x0, 0x0, 0xf, 0xff, 0xc0, 0x0, 0x0, 0x0,
    0x0, 0x3, 0xff, 0xf0, 0x0, 0x0, 0x0, 0x0,
    0x0, 0xff, 0xfc, 0x0, 0x0, 0x0, 0x0, 0x0,
    0x3f, 0xff, 0x0, 0x0, 0x0, 0x0, 0x0, 0xf,
    0xff, 0xc0, 0x0, 0x0, 0x0, 0x0, 0x3, 0xff,
    0xf0, 0x0, 0x0, 0x0, 0x0, 0x0, 0xff, 0xfc,
    0x0, 0x0, 0x0, 0x0, 0x0, 0x3f, 0xff, 0x0,
    0x0, 0x0, 0x0, 0x0, 0xf, 0xff, 0xc0, 0x0,
    0x0, 0x0, 0x0, 0x3, 0xff, 0xf0, 0x0, 0x0,
    0x0, 0x0, 0x0, 0xff, 0xfc, 0x0, 0x0, 0x0,
    0x0, 0x0, 0x3f, 0xff, 0x0, 0x0, 0x0, 0x0,
    0x0, 0xf, 0xff, 0xc0, 0x0, 0x0, 0x0, 0x0,
    0x3, 0xff, 0xf0, 0x0, 0x0, 0x0, 0x0, 0x0,
    0xff, 0xfc, 0x0, 0x0, 0x0, 0x0, 0x0, 0x3f,
    0xff, 0x0, 0x0, 0x0, 0x0, 0x0, 0xf, 0xff,
    0xc0, 0x0, 0x0, 0x0, 0x0, 0x3, 0xff, 0xf0,
    0x0, 0x0, 0x0, 0x0, 0x0, 0xff, 0xfc, 0x0,
    0x0, 0x0, 0x0, 0x0, 0x3f, 0xff, 0x0, 0x0,
    0x0, 0x0, 0x0, 0xf, 0xff, 0xc0, 0x0, 0x0,
    0x0, 0x0, 0x3, 0xff, 0xf0, 0x0, 0x0, 0x0,
    0x0, 0x0, 0xff, 0xfc, 0x0, 0x0, 0x0, 0x0,
    0x0, 0x3f, 0xff, 0x0, 0x0, 0x0, 0x0, 0x0,
    0xf, 0xff, 0xc0, 0x0, 0x0,

    /* U+0055 "U" */
    0x3f, 0xff, 0x0, 0x0, 0x0, 0x3f, 0xff, 0xf,
    0xff, 0xc0, 0x0, 0x0, 0xf, 0xff, 0xc3, 0xff,
    0xf0, 0x0, 0x0, 0x3, 0xff, 0xf0, 0xff, 0xfc,
    0x0, 0x0, 0x0, 0xff, 0xfc, 0x3f, 0xff, 0x0,
    0x0, 0x0, 0x3f, 0xff, 0xf, 0xff, 0xc0, 0x0,
    0x0, 0xf, 0xff, 0xc3, 0xff, 0xf0, 0x0, 0x0,
    0x3, 0xff, 0xf0, 0xff, 0xfc, 0x0, 0x0, 0x0,
    0xff, 0xfc, 0x3f, 0xff, 0x0, 0x0, 0x0, 0x3f,
    0xff, 0xf, 0xff, 0xc0, 0x0, 0x0, 0xf, 0xff,
    0xc3, 0xff, 0xf0, 0x0, 0x0, 0x3, 0xff, 0xf0,
    0xff, 0xfc, 0x0, 0x0, 0x0, 0xff, 0xfc, 0x3f,
    0xff, 0x0, 0x0, 0x0, 0x3f, 0xff, 0xf, 0xff,
    0xc0, 0x0, 0x0, 0xf, 0xff, 0xc3, 0xff, 0xf0,
    0x0, 0x0, 0x3, 0xff, 0xf0, 0xff, 0xfc, 0x0,
    0x0, 0x0, 0xff, 0xfc, 0x3f, 0xff, 0x0, 0x0,
    0x0, 0x3f, 0xff, 0xf, 0xff, 0xc0, 0x0, 0x0,
    0xf, 0xff, 0xc3, 0xff, 0xf0, 0x0, 0x0, 0x3,
    0xff, 0xf0, 0xff, 0xfc, 0x0, 0x0, 0x0, 0xff,
    0xfc, 0x3f, 0xff, 0x0, 0x0, 0x0, 0x3f, 0xff,
    0xf, 0xff, 0xc0, 0x0, 0x0, 0xf, 0xff, 0xc3,
    0xff, 0xf0, 0x0, 0x0, 0x3, 0xff, 0xf0, 0xff,
    0xfc, 0x0, 0x0, 0x0, 0xff, 0xfc, 0x3f, 0xff,
    0x0, 0x0, 0x0, 0x7f, 0xff, 0xf, 0xff, 0xd0,
    0x0, 0x0, 0x1f, 0xff, 0xc3, 0xff, 0xf8, 0x0,
    0x0, 0xb, 0xff, 0xf0, 0xbf, 0xff, 0x0, 0x0,
    0x3, 0xff, 0xf8, 0x1f, 0xff, 0xe0, 0x0, 0x2,
    0xff, 0xfd, 0x3, 0xff, 0xff, 0x40, 0x7, 0xff,
    0xff, 0x0, 0x7f, 0xff, 0xff, 0xbf, 0xff, 0xff,
    0x40, 0xb, 0xff, 0xff, 0xff, 0xff, 0xff, 0x80,
    0x0, 0xbf, 0xff, 0xff, 0xff, 0xff, 0x80, 0x0,
    0x7, 0xff, 0xff, 0xff, 0xff, 0x40, 0x0, 0x0,
    0x2f, 0xff, 0xff, 0xfe, 0x0, 0x0, 0x0, 0x0,
    0x6f, 0xff, 0xe4, 0x0, 0x0,

    /* U+0056 "V" */
    0xbf, 0xff, 0x40, 0x0, 0x0, 0x0, 0xff, 0xff,
    0x5f, 0xff, 0xe0, 0x0, 0x0, 0x0, 0x3f, 0xff,
    0xc3, 0xff, 0xfc, 0x0, 0x0, 0x0, 0x1f, 0xff,
    0xe0, 0xbf, 0xff, 0x40, 0x0, 0x0, 0xb, 0xff,
    0xf4, 0x1f, 0xff, 0xe0, 0x0, 0x0, 0x3, 0xff,
    0xfc, 0x3, 0xff, 0xfc, 0x0, 0x0, 0x1, 0xff,
    0xfe, 0x0, 0xbf, 0xff, 0x0, 0x0, 0x0, 0xbf,
    0xff, 0x40, 0x1f, 0xff, 0xd0, 0x0, 0x0, 0x3f,
    0xff, 0xc0, 0x3, 0xff, 0xfc, 0x0, 0x0, 0xf,
    0xff, 0xe0, 0x0, 0xbf, 0xff, 0x0, 0x0, 0x7,
    0xff, 0xf4, 0x0, 0xf, 0xff, 0xd0, 0x0, 0x2,
    0xff, 0xfc, 0x0, 0x3, 0xff, 0xf8, 0x0, 0x0,
    0xff, 0xfe, 0x0, 0x0, 0xbf, 0xff, 0x0, 0x0,
    0x7f, 0xff, 0x0, 0x0, 0xf, 0xff, 0xc0, 0x0,
    0x2f, 0xff, 0xc0, 0x0, 0x3, 0xff, 0xf8, 0x0,
    0xf, 0xff, 0xe0, 0x0, 0x0, 0xbf, 0xff, 0x0,
    0x3, 0xff, 0xf0, 0x0, 0x0, 0xf, 0xff, 0xc0,
    0x1, 0xff, 0xfc, 0x0, 0x0, 0x3, 0xff, 0xf4,
    0x0, 0xff, 0xfe, 0x0, 0x0, 0x0, 0xbf, 0xfe,
    0x0, 0x3f, 0xff, 0x0, 0x0, 0x0, 0xf, 0xff,
    0xc0, 0x1f, 0xff, 0xc0, 0x0, 0x0, 0x3, 0xff,
    0xf4, 0xb, 0xff, 0xd0, 0x0, 0x0, 0x0, 0x7f,
    0xfe, 0x3, 0xff, 0xf0, 0x0, 0x0, 0x0, 0xf,
    0xff, 0xc1, 0xff, 0xfc, 0x0, 0x0, 0x0, 0x3,
    0xff, 0xf0, 0xbf, 0xfd, 0x0, 0x0, 0x0, 0x0,
    0x7f, 0xfd, 0x3f, 0xff, 0x0, 0x0, 0x0, 0x0,
    0xf, 0xff, 0xcf, 0xff, 0xc0, 0x0, 0x0, 0x0,
    0x3, 0xff, 0xf7, 0xff, 0xd0, 0x0, 0x0, 0x0,
    0x0, 0x7f, 0xff, 0xff, 0xf0, 0x0, 0x0, 0x0,
    0x0, 0xf, 0xff, 0xff, 0xf8, 0x0, 0x0, 0x0,
    0x0, 0x3, 0xff, 0xff, 0xfd, 0x0, 0x0, 0x0,
    0x0, 0x0, 0x7f, 0xff, 0xff, 0x0, 0x0, 0x0,
    0x0, 0x0, 0xf, 0xff, 0xff, 0x80, 0x0, 0x0,
    0x0, 0x0, 0x2, 0xff, 0xff, 0xd0, 0x0, 0x0,
    0x0, 0x0, 0x0, 0x7f, 0xff, 0xf0, 0x0, 0x0,
    0x0, 0x0, 0x0, 0xf, 0xff, 0xf8, 0x0, 0x0,
    0x0, 0x0, 0x0, 0x2, 0xff, 0xfd, 0x0, 0x0,
    0x0,

    /* U+0057 "W" */
    0x3f, 0xff, 0x0, 0x0, 0x7, 0xff, 0xc0, 0x0,
    0x1, 0xff, 0xfc, 0xff, 0xfd, 0x0, 0x0, 0x2f,
    0xff, 0x40, 0x0, 0xb, 0xff, 0xe2, 0xff, 0xf8,
    0x0, 0x0, 0xff, 0xfe, 0x0, 0x0, 0x3f, 0xff,
    0x47, 0xff, 0xf0, 0x0, 0x3, 0xff, 0xfc, 0x0,
    0x0, 0xff, 0xfc, 0xf, 0xff, 0xc0, 0x0, 0xf,
    0xff, 0xf0, 0x0, 0x3, 0xff, 0xf0, 0x3f, 0xff,
    0x0, 0x0, 0x7f, 0xff, 0xd0, 0x0, 0x1f, 0xff,
    0x80, 0xbf, 0xfd, 0x0, 0x2, 0xff, 0xff, 0x80,
    0x0, 0xbf, 0xfe, 0x2, 0xff, 0xf8, 0x0, 0xf,
    0xff, 0xff, 0x0, 0x3, 0xff, 0xf4, 0x7, 0xff,
    0xf0, 0x0, 0x3f, 0xff, 0xfc, 0x0, 0xf, 0xff,
    0xc0, 0xf, 0xff, 0xc0, 0x1, 0xff, 0xff, 0xf0,
    0x0, 0x3f, 0xff, 0x0, 0x3f, 0xff, 0x0, 0xb,
    0xff, 0xff, 0xd0, 0x1, 0xff, 0xf8, 0x0, 0xbf,
    0xfd, 0x0, 0x3f, 0xff, 0xff, 0x80, 0xb, 0xff,
    0xd0, 0x1, 0xff, 0xf8, 0x0, 0xff, 0xff, 0xff,
    0x0, 0x2f, 0xff, 0x0, 0x3, 0xff, 0xe0, 0x7,
    0xff, 0xbf, 0xfc, 0x0, 0xff, 0xfc, 0x0, 0xf,
    0xff, 0xc0, 0x2f, 0xfd, 0xbf, 0xf4, 0x3, 0xff,
    0xf0, 0x0, 0x3f, 0xff, 0x0, 0xff, 0xf1, 0xff,
    0xe0, 0x1f, 0xff, 0x80, 0x0, 0xbf, 0xfd, 0x3,
    0xff, 0xc3, 0xff, 0xc0, 0x7f, 0xfd, 0x0, 0x1,
    0xff, 0xf4, 0x1f, 0xfe, 0xf, 0xff, 0x2, 0xff,
    0xf0, 0x0, 0x3, 0xff, 0xe0, 0x7f, 0xf4, 0x2f,
    0xfd, 0xf, 0xff, 0xc0, 0x0, 0xf, 0xff, 0xc2,
    0xff, 0xc0, 0x7f, 0xf8, 0x3f, 0xfe, 0x0, 0x0,
    0x2f, 0xff, 0xf, 0xff, 0x0, 0xff, 0xf0, 0xff,
    0xf4, 0x0, 0x0, 0x7f, 0xfd, 0x3f, 0xf8, 0x3,
    0xff, 0xc7, 0xff, 0xc0, 0x0, 0x0, 0xff, 0xf5,
    0xff, 0xd0, 0xb, 0xff, 0x6f, 0xff, 0x0, 0x0,
    0x3, 0xff, 0xeb, 0xff, 0x0, 0x1f, 0xfe, 0xff,
    0xfc, 0x0, 0x0, 0xf, 0xff, 0xff, 0xfc, 0x0,
    0x3f, 0xff, 0xff, 0xe0, 0x0, 0x0, 0x2f, 0xff,
    0xff, 0xe0, 0x0, 0xff, 0xff, 0xff, 0x40, 0x0,
    0x0, 0x7f, 0xff, 0xff, 0x40, 0x2, 0xff, 0xff,
    0xfc, 0x0, 0x0, 0x0, 0xff, 0xff, 0xfc, 0x0,
    0x7, 0xff, 0xff, 0xf0, 0x0, 0x0, 0x3, 0xff,
    0xff, 0xf0, 0x0, 0xf, 0xff, 0xff, 0x80, 0x0,
    0x0, 0xb, 0xff, 0xff, 0x80, 0x0, 0x3f, 0xff,
    0xfe, 0x0, 0x0, 0x0, 0x1f, 0xff, 0xfd, 0x0,
    0x0, 0xbf, 0xff, 0xf4, 0x0, 0x0, 0x0, 0x7f,
    0xff, 0xf0, 0x0, 0x1, 0xff, 0xff, 0xc0, 0x0,
    0x0, 0x0, 0xff, 0xff, 0xc0, 0x0, 0x3, 0xff,
    0xff, 0x0, 0x0, 0x0, 0x3, 0xff, 0xff, 0x0,
    0x0, 0xf, 0xff, 0xf8, 0x0, 0x0, 0x0, 0xb,
    0xff, 0xf8, 0x0, 0x0, 0x2f, 0xff, 0xd0, 0x0,
    0x0, 0x0, 0x1f, 0xff, 0xd0, 0x0, 0x0, 0x7f,
    0xff, 0x0, 0x0,

    /* U+0058 "X" */
    0x3f, 0xff, 0xd0, 0x0, 0x0, 0xb, 0xff, 0xf8,
    0x1f, 0xff, 0xf0, 0x0, 0x0, 0xf, 0xff, 0xf0,
    0xf, 0xff, 0xf8, 0x0, 0x0, 0x3f, 0xff, 0xe0,
    0x3, 0xff, 0xfc, 0x0, 0x0, 0x7f, 0xff, 0xc0,
    0x2, 0xff, 0xfe, 0x0, 0x0, 0xff, 0xff, 0x40,
    0x0, 0xff, 0xff, 0x0, 0x1, 0xff, 0xff, 0x0,
    0x0, 0x7f, 0xff, 0x80, 0x3, 0xff, 0xfc, 0x0,
    0x0, 0x3f, 0xff, 0xc0, 0x7, 0xff, 0xf8, 0x0,
    0x0, 0x1f, 0xff, 0xe0, 0xf, 0xff, 0xf0, 0x0,
    0x0, 0xb, 0xff, 0xf4, 0x1f, 0xff, 0xd0, 0x0,
    0x0, 0x3, 0xff, 0xfc, 0x3f, 0xff, 0xc0, 0x0,
    0x0, 0x2, 0xff, 0xfd, 0xbf, 0xff, 0x40, 0x0,
    0x0, 0x0, 0xff, 0xff, 0xff, 0xfe, 0x0, 0x0,
    0x0, 0x0, 0x7f, 0xff, 0xff, 0xfc, 0x0, 0x0,
    0x0, 0x0, 0x3f, 0xff, 0xff, 0xf8, 0x0, 0x0,
    0x0, 0x0, 0xf, 0xff, 0xff, 0xf0, 0x0, 0x0,
    0x0, 0x0, 0xb, 0xff, 0xff, 0xd0, 0x0, 0x0,
    0x0, 0x0, 0x3, 0xff, 0xff, 0xc0, 0x0, 0x0,
    0x0, 0x0, 0x3, 0xff, 0xff, 0xc0, 0x0, 0x0,
    0x0, 0x0, 0xf, 0xff, 0xff, 0xe0, 0x0, 0x0,
    0x0, 0x0, 0x1f, 0xff, 0xff, 0xf0, 0x0, 0x0,
    0x0, 0x0, 0x3f, 0xff, 0xff, 0xfc, 0x0, 0x0,
    0x0, 0x0, 0xbf, 0xff, 0xff, 0xfd, 0x0, 0x0,
    0x0, 0x0, 0xff, 0xfe, 0xff, 0xff, 0x0, 0x0,
    0x0, 0x3, 0xff, 0xfc, 0x7f, 0xff, 0x80, 0x0,
    0x0, 0x7, 0xff, 0xf8, 0x3f, 0xff, 0xc0, 0x0,
    0x0, 0xf, 0xff, 0xf0, 0x1f, 0xff, 0xe0, 0x0,
    0x0, 0x2f, 0xff, 0xe0, 0xf, 0xff, 0xf4, 0x0,
    0x0, 0x3f, 0xff, 0xc0, 0x7, 0xff, 0xfc, 0x0,
    0x0, 0xbf, 0xff, 0x80, 0x2, 0xff, 0xfd, 0x0,
    0x1, 0xff, 0xff, 0x0, 0x0, 0xff, 0xff, 0x0,
    0x3, 0xff, 0xfd, 0x0, 0x0, 0xbf, 0xff, 0x80,
    0x7, 0xff, 0xfc, 0x0, 0x0, 0x3f, 0xff, 0xc0,
    0xf, 0xff, 0xf4, 0x0, 0x0, 0x2f, 0xff, 0xf0,
    0x2f, 0xff, 0xf0, 0x0, 0x0, 0xf, 0xff, 0xf4,
    0x3f, 0xff, 0xd0, 0x0, 0x0, 0x7, 0xff, 0xfc,

    /* U+0059 "Y" */
    0xbf, 0xff, 0x40, 0x0, 0x0, 0x7, 0xff, 0xf8,
    0xff, 0xfe, 0x0, 0x0, 0x0, 0x3f, 0xff, 0xc2,
    0xff, 0xfc, 0x0, 0x0, 0x0, 0xff, 0xfe, 0x3,
    0xff, 0xf8, 0x0, 0x0, 0xb, 0xff, 0xf0, 0xb,
    0xff, 0xf0, 0x0, 0x0, 0x3f, 0xff, 0x80, 0xf,
    0xff, 0xe0, 0x0, 0x2, 0xff, 0xfc, 0x0, 0x2f,
    0xff, 0xc0, 0x0, 0xf, 0xff, 0xe0, 0x0, 0x3f,
    0xff, 0x40, 0x0, 0x7f, 0xff, 0x0, 0x0, 0xbf,
    0xff, 0x0, 0x3, 0xff, 0xf8, 0x0, 0x0, 0xff,
    0xfd, 0x0, 0x1f, 0xff, 0xc0, 0x0, 0x2, 0xff,
    0xfc, 0x0, 0xff, 0xfe, 0x0, 0x0, 0x3, 0xff,
    0xf4, 0x7, 0xff, 0xf0, 0x0, 0x0, 0xb, 0xff,
    0xe0, 0x2f, 0xff, 0x80, 0x0, 0x0, 0xf, 0xff,
    0xc0, 0xff, 0xfc, 0x0, 0x0, 0x0, 0x2f, 0xff,
    0x8b, 0xff, 0xd0, 0x0, 0x0, 0x0, 0x3f, 0xff,
    0x3f, 0xff, 0x0, 0x0, 0x0, 0x0, 0xbf, 0xff,
    0xff, 0xf4, 0x0, 0x0, 0x0, 0x0, 0xff, 0xff,
    0xff, 0xc0, 0x0, 0x0, 0x0, 0x1, 0xff, 0xff,
    0xfd, 0x0, 0x0, 0x0, 0x0, 0x3, 0xff, 0xff,
    0xf0, 0x0, 0x0, 0x0, 0x0, 0x7, 0xff, 0xff,
    0x40, 0x0, 0x0, 0x0, 0x0, 0xf, 0xff, 0xfc,
    0x0, 0x0, 0x0, 0x0, 0x0, 0x1f, 0xff, 0xd0,
    0x0, 0x0, 0x0, 0x0, 0x0, 0x3f, 0xff, 0x0,
    0x0, 0x0, 0x0, 0x0, 0x0, 0xff, 0xfc, 0x0,
    0x0, 0x0, 0x0, 0x0, 0x3, 0xff, 0xf0, 0x0,
    0x0, 0x0, 0x0, 0x0, 0xf, 0xff, 0xc0, 0x0,
    0x0, 0x0, 0x0, 0x0, 0x3f, 0xff, 0x0, 0x0,
    0x0, 0x0, 0x0, 0x0, 0xff, 0xfc, 0x0, 0x0,
    0x0, 0x0, 0x0, 0x3, 0xff, 0xf0, 0x0, 0x0,
    0x0, 0x0, 0x0, 0xf, 0xff, 0xc0, 0x0, 0x0,
    0x0, 0x0, 0x0, 0x3f, 0xff, 0x0, 0x0, 0x0,
    0x0, 0x0, 0x0, 0xff, 0xfc, 0x0, 0x0, 0x0,
    0x0, 0x0, 0x3, 0xff, 0xf0, 0x0, 0x0, 0x0,
    0x0, 0x0, 0xf, 0xff, 0xc0, 0x0, 0x0, 0x0,
    0x0, 0x0, 0x3f, 0xff, 0x0, 0x0, 0x0,

    /* U+005A "Z" */
    0x3f, 0xff, 0xff, 0xff, 0xff, 0xff, 0xfe, 0x3f,
    0xff, 0xff, 0xff, 0xff, 0xff, 0xfe, 0x3f, 0xff,
    0xff, 0xff, 0xff, 0xff, 0xfe, 0x3f, 0xff, 0xff,
    0xff, 0xff, 0xff, 0xfe, 0x3f, 0xff, 0xff, 0xff,
    0xff, 0xff, 0xfc, 0x3f, 0xff, 0xff, 0xff, 0xff,
    0xff, 0xf8, 0x0, 0x0, 0x0, 0x0, 0xf, 0xff,
    0xf0, 0x0, 0x0, 0x0, 0x0, 0x2f, 0xff, 0xc0,
    0x0, 0x0, 0x0, 0x0, 0x7f, 0xff, 0x80, 0x0,
    0x0, 0x0, 0x0, 0xff, 0xff, 0x0, 0x0, 0x0,
    0x0, 0x2, 0xff, 0xfc, 0x0, 0x0, 0x0, 0x0,
    0x7, 0xff, 0xf8, 0x0, 0x0, 0x0, 0x0, 0xf,
    0xff, 0xf0, 0x0, 0x0, 0x0, 0x0, 0x2f, 0xff,
    0xc0, 0x0, 0x0, 0x0, 0x0, 0x7f, 0xff, 0x40,
    0x0, 0x0, 0x0, 0x0, 0xff, 0xff, 0x0, 0x0,
    0x0, 0x0, 0x3, 0xff, 0xfc, 0x0, 0x0, 0x0,
    0x0, 0x7, 0xff, 0xf4, 0x0, 0x0, 0x0, 0x0,
    0xf, 0xff, 0xf0, 0x0, 0x0, 0x0, 0x0, 0x3f,
    0xff, 0xc0, 0x0, 0x0, 0x0, 0x0, 0x7f, 0xff,
    0x40, 0x0, 0x0, 0x0, 0x0, 0xff, 0xfe, 0x0,
    0x0, 0x0, 0x0, 0x3, 0xff, 0xfc, 0x0, 0x0,
    0x0, 0x0, 0xb, 0xff, 0xf4, 0x0, 0x0, 0x0,
    0x0, 0xf, 0xff, 0xe0, 0x0, 0x0, 0x0, 0x0,
    0x3f, 0xff, 0xc0, 0x0, 0x0, 0x0, 0x0, 0xbf,
    0xff, 0x40, 0x0, 0x0, 0x0, 0x1, 0xff, 0xfe,
    0x0, 0x0, 0x0, 0x0, 0x3, 0xff, 0xfc, 0x0,
    0x0, 0x0, 0x0, 0xb, 0xff, 0xf4, 0x0, 0x0,
    0x0, 0x0, 0x1f, 0xff, 0xfa, 0xaa, 0xaa, 0xaa,
    0xaa, 0x3f, 0xff, 0xff, 0xff, 0xff, 0xff, 0xff,
    0x3f, 0xff, 0xff, 0xff, 0xff, 0xff, 0xff, 0x3f,
    0xff, 0xff, 0xff, 0xff, 0xff, 0xff, 0x3f, 0xff,
    0xff, 0xff, 0xff, 0xff, 0xff, 0x3f, 0xff, 0xff,
    0xff, 0xff, 0xff, 0xff,

    /* U+005B "[" */
    0x3f, 0xff, 0xfd, 0x3f, 0xff, 0xfd, 0x3f, 0xff,
    0xfd, 0x3f, 0xff, 0xfd, 0x3f, 0xff, 0xfd, 0x3f,
    0xff, 0x54, 0x3f, 0xff, 0x0, 0x3f, 0xff, 0x0,
    0x3f, 0xff, 0x0, 0x3f, 0xff, 0x0, 0x3f, 0xff,
    0x0, 0x3f, 0xff, 0x0, 0x3f, 0xff, 0x0, 0x3f,
    0xff, 0x0, 0x3f, 0xff, 0x0, 0x3f, 0xff, 0x0,
    0x3f, 0xff, 0x0, 0x3f, 0xff, 0x0, 0x3f, 0xff,
    0x0, 0x3f, 0xff, 0x0, 0x3f, 0xff, 0x0, 0x3f,
    0xff, 0x0, 0x3f, 0xff, 0x0, 0x3f, 0xff, 0x0,
    0x3f, 0xff, 0x0, 0x3f, 0xff, 0x0, 0x3f, 0xff,
    0x0, 0x3f, 0xff, 0x0, 0x3f, 0xff, 0x0, 0x3f,
    0xff, 0x0, 0x3f, 0xff, 0x0, 0x3f, 0xff, 0x0,
    0x3f, 0xff, 0x0, 0x3f, 0xff, 0x0, 0x3f, 0xff,
    0x0, 0x3f, 0xff, 0x0, 0x3f, 0xff, 0x0, 0x3f,
    0xff, 0x0, 0x3f, 0xff, 0x0, 0x3f, 0xff, 0x0,
    0x3f, 0xff, 0x0, 0x3f, 0xff, 0x0, 0x3f, 0xff,
    0x0, 0x3f, 0xff, 0x0, 0x3f, 0xff, 0x54, 0x3f,
    0xff, 0xfd, 0x3f, 0xff, 0xfd, 0x3f, 0xff, 0xfd,
    0x3f, 0xff, 0xfd, 0x3f, 0xff, 0xfd,

    /* U+005C "\\" */
    0x3f, 0xff, 0x40, 0x0, 0x0, 0x0, 0x1f, 0xff,
    0xc0, 0x0, 0x0, 0x0, 0xf, 0xff, 0xc0, 0x0,
    0x0, 0x0, 0xb, 0xff, 0xe0, 0x0, 0x0, 0x0,
    0x7, 0xff, 0xf0, 0x0, 0x0, 0x0, 0x3, 0xff,
    0xf4, 0x0, 0x0, 0x0, 0x2, 0xff, 0xf8, 0x0,
    0x0, 0x0, 0x0, 0xff, 0xfc, 0x0, 0x0, 0x0,
    0x0, 0xff, 0xfd, 0x0, 0x0, 0x0, 0x0, 0x7f,
    0xff, 0x0, 0x0, 0x0, 0x0, 0x3f, 0xff, 0x40,
    0x0, 0x0, 0x0, 0x2f, 0xff, 0x80, 0x0, 0x0,
    0x0, 0xf, 0xff, 0xc0, 0x0, 0x0, 0x0, 0xf,
    0xff, 0xd0, 0x0, 0x0, 0x0, 0x7, 0xff, 0xf0,
    0x0, 0x0, 0x0, 0x3, 0xff, 0xf0, 0x0, 0x0,
    0x0, 0x2, 0xff, 0xf8, 0x0, 0x0, 0x0, 0x1,
    0xff, 0xfc, 0x0, 0x0, 0x0, 0x0, 0xff, 0xfd,
    0x0, 0x0, 0x0, 0x0, 0xbf, 0xfe, 0x0, 0x0,
    0x0, 0x0, 0x3f, 0xff, 0x0, 0x0, 0x0, 0x0,
    0x3f, 0xff, 0x40, 0x0, 0x0, 0x0, 0x1f, 0xff,
    0xc0, 0x0, 0x0, 0x0, 0xf, 0xff, 0xd0, 0x0,
    0x0, 0x0, 0xb, 0xff, 0xe0, 0x0, 0x0, 0x0,
    0x3, 0xff, 0xf0, 0x0, 0x0, 0x0, 0x3, 0xff,
    0xf4, 0x0, 0x0, 0x0, 0x1, 0xff, 0xfc, 0x0,
    0x0, 0x0, 0x0, 0xff, 0xfc, 0x0, 0x0, 0x0,
    0x0, 0xbf, 0xfe, 0x0, 0x0, 0x0, 0x0, 0x7f,
    0xff, 0x0, 0x0, 0x0, 0x0, 0x3f, 0xff, 0x40,
    0x0, 0x0, 0x0, 0x2f, 0xff, 0x80, 0x0, 0x0,
    0x0, 0xf, 0xff, 0xc0, 0x0, 0x0, 0x0, 0xb,
    0xff, 0xe0, 0x0, 0x0, 0x0, 0x7, 0xff, 0xf0,
    0x0, 0x0, 0x0, 0x3, 0xff, 0xf4, 0x0, 0x0,
    0x0, 0x2, 0xff, 0xf8, 0x0, 0x0, 0x0, 0x0,
    0xaa, 0xa4,

    /* U+005D "]" */
    0xbf, 0xff, 0xfe, 0xff, 0xff, 0xfb, 0xff, 0xff,
    0xef, 0xff, 0xff, 0xbf, 0xff, 0xfc, 0x57, 0xff,
    0xf0, 0xf, 0xff, 0xc0, 0x3f, 0xff, 0x0, 0xff,
    0xfc, 0x3, 0xff, 0xf0, 0xf, 0xff, 0xc0, 0x3f,
    0xff, 0x0, 0xff, 0xfc, 0x3, 0xff, 0xf0, 0xf,
    0xff, 0xc0, 0x3f, 0xff, 0x0, 0xff, 0xfc, 0x3,
    0xff, 0xf0, 0xf, 0xff, 0xc0, 0x3f, 0xff, 0x0,
    0xff, 0xfc, 0x3, 0xff, 0xf0, 0xf, 0xff, 0xc0,
    0x3f, 0xff, 0x0, 0xff, 0xfc, 0x3, 0xff, 0xf0,
    0xf, 0xff, 0xc0, 0x3f, 0xff, 0x0, 0xff, 0xfc,
    0x3, 0xff, 0xf0, 0xf, 0xff, 0xc0, 0x3f, 0xff,
    0x0, 0xff, 0xfc, 0x3, 0xff, 0xf0, 0xf, 0xff,
    0xc0, 0x3f, 0xff, 0x0, 0xff, 0xfc, 0x3, 0xff,
    0xf0, 0xf, 0xff, 0xc0, 0x3f, 0xff, 0x0, 0xff,
    0xfc, 0x3, 0xff, 0xf0, 0xf, 0xff, 0xc0, 0x3f,
    0xff, 0x15, 0xff, 0xfe, 0xff, 0xff, 0xfb, 0xff,
    0xff, 0xef, 0xff, 0xff, 0xbf, 0xff, 0xfe, 0xff,
    0xff, 0xf0,

    /* U+005E "^" */
    0x0, 0x3, 0xff, 0xc0, 0x0, 0x0, 0x3, 0xff,
    0xc0, 0x0, 0x0, 0xb, 0xff, 0xe0, 0x0, 0x0,
    0xf, 0xff, 0xf0, 0x0, 0x0, 0x1f, 0xff, 0xf4,
    0x0, 0x0, 0x3f, 0xff, 0xfc, 0x0, 0x0, 0x3f,
    0xff, 0xfc, 0x0, 0x0, 0xbf, 0xeb, 0xfe, 0x0,
    0x0, 0xff, 0xd7, 0xff, 0x0, 0x1, 0xff, 0xc3,
    0xff, 0x40, 0x3, 0xff, 0x82, 0xff, 0xc0, 0x7,
    0xff, 0x0, 0xff, 0xc0, 0xb, 0xfe, 0x0, 0xff,
    0xe0, 0xf, 0xfd, 0x0, 0x7f, 0xf0, 0x1f, 0xfc,
    0x0, 0x3f, 0xf4, 0x3f, 0xf8, 0x0, 0x2f, 0xfc,
    0x7f, 0xf0, 0x0, 0x1f, 0xfc, 0xbf, 0xf0, 0x0,
    0xf, 0xfe,

    /* U+005F "_" */
    0x55, 0x55, 0x55, 0x55, 0x55, 0x53, 0xff, 0xff,
    0xff, 0xff, 0xff, 0xcf, 0xff, 0xff, 0xff, 0xff,
    0xff, 0x3f, 0xff, 0xff, 0xff, 0xff, 0xfc, 0xff,
    0xff, 0xff, 0xff, 0xff, 0xf3, 0xff, 0xff, 0xff,
    0xff, 0xff, 0xc0,

    /* U+0060 "`" */
    0x2a, 0xaa, 0x0, 0xb, 0xff, 0xe0, 0x0, 0xff,
    0xfd, 0x0, 0xf, 0xff, 0xc0, 0x0, 0xff, 0xf8,
    0x0, 0xf, 0xff, 0x0, 0x1, 0xff, 0xf0, 0x0,
    0x1f, 0xfd,

    /* U+0061 "a" */
    0x0, 0x1, 0xbf, 0xfe, 0x40, 0x0, 0x0, 0x7,
    0xff, 0xff, 0xfe, 0x0, 0x0, 0xf, 0xff, 0xff,
    0xff, 0xf4, 0x0, 0xf, 0xff, 0xff, 0xff, 0xff,
    0x0, 0xf, 0xff, 0xff, 0xff, 0xff, 0xf0, 0x7,
    0xff, 0xf9, 0x6, 0xff, 0xfd, 0x2, 0xff, 0xf8,
    0x0, 0x2f, 0xff, 0x80, 0xbf, 0xfd, 0x0, 0x7,
    0xff, 0xf0, 0x0, 0x0, 0x0, 0x0, 0xff, 0xfc,
    0x0, 0x0, 0x0, 0x0, 0x3f, 0xff, 0x0, 0x0,
    0x1b, 0xff, 0xff, 0xff, 0xc0, 0x0, 0xbf, 0xff,
    0xff, 0xff, 0xf0, 0x2, 0xff, 0xff, 0xff, 0xff,
    0xfc, 0x2, 0xff, 0xff, 0xff, 0xff, 0xff, 0x1,
    0xff, 0xff, 0x40, 0xf, 0xff, 0xc0, 0xff, 0xfe,
    0x0, 0x3, 0xff, 0xf0, 0x3f, 0xff, 0x0, 0x0,
    0xff, 0xfc, 0x1f, 0xff, 0xc0, 0x0, 0x3f, 0xff,
    0x7, 0xff, 0xe0, 0x0, 0xf, 0xff, 0xc1, 0xff,
    0xfc, 0x0, 0x7, 0xff, 0xf0, 0x3f, 0xff, 0x40,
    0x7, 0xff, 0xfc, 0xf, 0xff, 0xf9, 0x5f, 0xff,
    0xff, 0x2, 0xff, 0xff, 0xff, 0xff, 0xff, 0xc0,
    0x3f, 0xff, 0xff, 0xff, 0xff, 0xf0, 0x3, 0xff,
    0xff, 0xff, 0xbf, 0xfd, 0x0, 0x2f, 0xff, 0xfe,
    0x2f, 0xff, 0x80, 0x0, 0xbf, 0xf8, 0x3, 0xff,
    0xf0,

    /* U+0062 "b" */
    0x7f, 0xff, 0x0, 0x0, 0x0, 0x0, 0x1f, 0xff,
    0xc0, 0x0, 0x0, 0x0, 0x7, 0xff, 0xf0, 0x0,
    0x0, 0x0, 0x1, 0xff, 0xfc, 0x0, 0x0, 0x0,
    0x0, 0x7f, 0xff, 0x0, 0x0, 0x0, 0x0, 0x1f,
    0xff, 0xc0, 0x0, 0x0, 0x0, 0x7, 0xff, 0xf0,
    0x0, 0x0, 0x0, 0x1, 0xff, 0xfc, 0x0, 0x0,
    0x0, 0x0, 0x7f, 0xff, 0x0, 0x0, 0x0, 0x0,
    0x1f, 0xff, 0xc0, 0x0, 0x0, 0x0, 0x7, 0xff,
    0xf0, 0x2f, 0xfe, 0x0, 0x1, 0xff, 0xfc, 0xbf,
    0xff, 0xf8, 0x0, 0x7f, 0xff, 0xff, 0xff, 0xff,
    0xc0, 0x1f, 0xff, 0xff, 0xff, 0xff, 0xfc, 0x7,
    0xff, 0xff, 0xff, 0xff, 0xff, 0x41, 0xff, 0xff,
    0xfa, 0xbf, 0xff, 0xf0, 0x7f, 0xff, 0xd0, 0x2,
    0xff, 0xfd, 0x1f, 0xff, 0xd0, 0x0, 0x3f, 0xff,
    0x87, 0xff, 0xf0, 0x0, 0x7, 0xff, 0xf1, 0xff,
    0xfc, 0x0, 0x0, 0xff, 0xfc, 0x7f, 0xff, 0x0,
    0x0, 0x3f, 0xff, 0x5f, 0xff, 0xc0, 0x0, 0xb,
    0xff, 0xd7, 0xff, 0xf0, 0x0, 0x2, 0xff, 0xf5,
    0xff, 0xfc, 0x0, 0x0, 0xbf, 0xfd, 0x7f, 0xff,
    0x0, 0x0, 0x2f, 0xff, 0x5f, 0xff, 0xc0, 0x0,
    0xb, 0xff, 0xd7, 0xff, 0xf0, 0x0, 0x2, 0xff,
    0xf5, 0xff, 0xfc, 0x0, 0x0, 0xff, 0xfc, 0x7f,
    0xff, 0x0, 0x0, 0x3f, 0xff, 0x1f, 0xff, 0xd0,
    0x0, 0x2f, 0xff, 0x87, 0xff, 0xfd, 0x0, 0x2f,
    0xff, 0xd1, 0xff, 0xff, 0xfa, 0xbf, 0xff, 0xf0,
    0x7f, 0xff, 0xff, 0xff, 0xff, 0xf4, 0x1f, 0xff,
    0xff, 0xff, 0xff, 0xfc, 0x7, 0xff, 0xdf, 0xff,
    0xff, 0xfc, 0x1, 0xff, 0xf0, 0xbf, 0xff, 0xf8,
    0x0, 0x7f, 0xfc, 0x2, 0xff, 0xe0, 0x0, 0x0,

    /* U+0063 "c" */
    0x0, 0x0, 0x6f, 0xfe, 0x80, 0x0, 0x0, 0xb,
    0xff, 0xff, 0xf8, 0x0, 0x0, 0x3f, 0xff, 0xff,
    0xff, 0x40, 0x0, 0xff, 0xff, 0xff, 0xff, 0xd0,
    0x3, 0xff, 0xff, 0xff, 0xff, 0xf0, 0xb, 0xff,
    0xfe, 0xaf, 0xff, 0xf8, 0xf, 0xff, 0xe0, 0x2,
    0xff, 0xfc, 0x1f, 0xff, 0xc0, 0x0, 0xbf, 0xfd,
    0x3f, 0xff, 0x40, 0x0, 0x3f, 0xfe, 0x3f, 0xff,
    0x0, 0x0, 0x3f, 0xfe, 0x3f, 0xff, 0x0, 0x0,
    0x0, 0x0, 0x7f, 0xfe, 0x0, 0x0, 0x0, 0x0,
    0x7f, 0xfe, 0x0, 0x0, 0x0, 0x0, 0x7f, 0xfe,
    0x0, 0x0, 0x0, 0x0, 0x7f, 0xfe, 0x0, 0x0,
    0x0, 0x0, 0x7f, 0xfe, 0x0, 0x0, 0x0, 0x0,
    0x3f, 0xff, 0x0, 0x0, 0x0, 0x0, 0x3f, 0xff,
    0x0, 0x0, 0x15, 0x55, 0x3f, 0xff, 0x40, 0x0,
    0x3f, 0xfe, 0x1f, 0xff, 0xc0, 0x0, 0x7f, 0xfe,
    0xf, 0xff, 0xe0, 0x1, 0xff, 0xfc, 0xb, 0xff,
    0xfe, 0xaf, 0xff, 0xfc, 0x3, 0xff, 0xff, 0xff,
    0xff, 0xf0, 0x0, 0xff, 0xff, 0xff, 0xff, 0xd0,
    0x0, 0x3f, 0xff, 0xff, 0xff, 0x40, 0x0, 0xb,
    0xff, 0xff, 0xf8, 0x0, 0x0, 0x0, 0x6f, 0xfe,
    0x40, 0x0,

    /* U+0064 "d" */
    0x0, 0x0, 0x0, 0x0, 0x2f, 0xff, 0x40, 0x0,
    0x0, 0x0, 0xb, 0xff, 0xd0, 0x0, 0x0, 0x0,
    0x2, 0xff, 0xf4, 0x0, 0x0, 0x0, 0x0, 0xbf,
    0xfd, 0x0, 0x0, 0x0, 0x0, 0x2f, 0xff, 0x40,
    0x0, 0x0, 0x0, 0xb, 0xff, 0xd0, 0x0, 0x0,
    0x0, 0x2, 0xff, 0xf4, 0x0, 0x0, 0x0, 0x0,
    0xbf, 0xfd, 0x0, 0x0, 0x0, 0x0, 0x2f, 0xff,
    0x40, 0x0, 0x0, 0x0, 0xb, 0xff, 0xd0, 0x0,
    0x1b, 0xfe, 0x42, 0xff, 0xf4, 0x0, 0x7f, 0xff,
    0xf8, 0xbf, 0xfd, 0x0, 0xbf, 0xff, 0xff, 0xff,
    0xff, 0x40, 0xbf, 0xff, 0xff, 0xff, 0xff, 0xd0,
    0x3f, 0xff, 0xff, 0xff, 0xff, 0xf4, 0x3f, 0xff,
    0xfa, 0xbf, 0xff, 0xfd, 0xf, 0xff, 0xf0, 0x1,
    0xff, 0xff, 0x4b, 0xff, 0xf0, 0x0, 0xf, 0xff,
    0xd3, 0xff, 0xf4, 0x0, 0x2, 0xff, 0xf4, 0xff,
    0xfc, 0x0, 0x0, 0xbf, 0xfd, 0x3f, 0xff, 0x0,
    0x0, 0x2f, 0xff, 0x5f, 0xff, 0xc0, 0x0, 0xb,
    0xff, 0xd7, 0xff, 0xe0, 0x0, 0x2, 0xff, 0xf5,
    0xff, 0xf8, 0x0, 0x0, 0xbf, 0xfd, 0x7f, 0xfe,
    0x0, 0x0, 0x2f, 0xff, 0x5f, 0xff, 0xc0, 0x0,
    0xb, 0xff, 0xd3, 0xff, 0xf0, 0x0, 0x2, 0xff,
    0xf4, 0xff, 0xfc, 0x0, 0x0, 0xbf, 0xfd, 0x3f,
    0xff, 0x40, 0x0, 0x2f, 0xff, 0x4b, 0xff, 0xf0,
    0x0, 0xf, 0xff, 0xd0, 0xff, 0xff, 0x0, 0x1f,
    0xff, 0xf4, 0x2f, 0xff, 0xfa, 0xbf, 0xff, 0xfd,
    0x3, 0xff, 0xff, 0xff, 0xff, 0xff, 0x40, 0x7f,
    0xff, 0xff, 0xff, 0xff, 0xd0, 0xb, 0xff, 0xff,
    0xfd, 0xff, 0xf4, 0x0, 0x7f, 0xff, 0xf8, 0x3f,
    0xfd, 0x0, 0x1, 0xbf, 0xe4, 0xf, 0xff, 0x40,

    /* U+0065 "e" */
    0x0, 0x0, 0x2f, 0xff, 0x90, 0x0, 0x0, 0x1,
    0xff, 0xff, 0xff, 0x40, 0x0, 0x2, 0xff, 0xff,
    0xff, 0xf8, 0x0, 0x2, 0xff, 0xff, 0xff, 0xff,
    0x80, 0x2, 0xff, 0xff, 0xff, 0xff, 0xf4, 0x0,
    0xff, 0xff, 0xea, 0xff, 0xff, 0x0, 0xff, 0xff,
    0x0, 0xf, 0xff, 0xe0, 0x3f, 0xff, 0x0, 0x0,
    0xff, 0xfc, 0x2f, 0xff, 0x80, 0x0, 0x1f, 0xff,
    0xf, 0xff, 0xd0, 0x0, 0x7, 0xff, 0xd3, 0xff,
    0xf0, 0x0, 0x0, 0xff, 0xf8, 0xff, 0xff, 0xff,
    0xff, 0xff, 0xfe, 0x3f, 0xff, 0xff, 0xff, 0xff,
    0xff, 0x9f, 0xff, 0xff, 0xff, 0xff, 0xff, 0xe7,
    0xff, 0xff, 0xff, 0xff, 0xff, 0xf8, 0xff, 0xfe,
    0xaa, 0xaa, 0xaa, 0xaa, 0x3f, 0xff, 0x0, 0x0,
    0x0, 0x0, 0xf, 0xff, 0xd0, 0x0, 0x0, 0x0,
    0x2, 0xff, 0xfc, 0x0, 0x0, 0x0, 0x0, 0x7f,
    0xff, 0x80, 0x0, 0x3, 0x80, 0xf, 0xff, 0xf8,
    0x0, 0xb, 0xf8, 0x0, 0xff, 0xff, 0xea, 0xbf,
    0xff, 0x40, 0x1f, 0xff, 0xff, 0xff, 0xff, 0xf0,
    0x2, 0xff, 0xff, 0xff, 0xff, 0xf0, 0x0, 0x1f,
    0xff, 0xff, 0xff, 0xf0, 0x0, 0x0, 0xbf, 0xff,
    0xff, 0xd0, 0x0, 0x0, 0x1, 0xbf, 0xfe, 0x40,
    0x0,

    /* U+0066 "f" */
    0x0, 0x0, 0x6, 0xff, 0xe0, 0x0, 0xb, 0xff,
    0xff, 0x0, 0x3, 0xff, 0xff, 0xf0, 0x0, 0xbf,
    0xff, 0xff, 0x0, 0x1f, 0xff, 0xff, 0xf0, 0x3,
    0xff, 0xff, 0xaa, 0x0, 0x3f, 0xff, 0x80, 0x0,
    0x7, 0xff, 0xf0, 0x0, 0x0, 0x7f, 0xff, 0x0,
    0x0, 0x7, 0xff, 0xe0, 0x0, 0x0, 0x7f, 0xfe,
    0x0, 0x7, 0xff, 0xff, 0xff, 0xfc, 0x7f, 0xff,
    0xff, 0xff, 0xc7, 0xff, 0xff, 0xff, 0xfc, 0x7f,
    0xff, 0xff, 0xff, 0xc7, 0xff, 0xff, 0xff, 0xfc,
    0x0, 0x7f, 0xfe, 0x0, 0x0, 0x7, 0xff, 0xe0,
    0x0, 0x0, 0x7f, 0xfe, 0x0, 0x0, 0x7, 0xff,
    0xe0, 0x0, 0x0, 0x7f, 0xfe, 0x0, 0x0, 0x7,
    0xff, 0xe0, 0x0, 0x0, 0x7f, 0xfe, 0x0, 0x0,
    0x7, 0xff, 0xe0, 0x0, 0x0, 0x7f, 0xfe, 0x0,
    0x0, 0x7, 0xff, 0xe0, 0x0, 0x0, 0x7f, 0xfe,
    0x0, 0x0, 0x7, 0xff, 0xe0, 0x0, 0x0, 0x7f,
    0xfe, 0x0, 0x0, 0x7, 0xff, 0xe0, 0x0, 0x0,
    0x7f, 0xfe, 0x0, 0x0, 0x7, 0xff, 0xe0, 0x0,
    0x0, 0x7f, 0xfe, 0x0, 0x0, 0x7, 0xff, 0xe0,
    0x0, 0x0, 0x7f, 0xfe, 0x0, 0x0, 0x7, 0xff,
    0xe0, 0x0, 0x0, 0x7f, 0xfe, 0x0, 0x0, 0x7,
    0xff, 0xe0, 0x0,

    /* U+0067 "g" */
    0x0, 0x1, 0xbf, 0xf8, 0xb, 0xff, 0xc0, 0x3,
    0xff, 0xff, 0xe2, 0xff, 0xf0, 0x7, 0xff, 0xff,
    0xfe, 0xff, 0xfc, 0x7, 0xff, 0xff, 0xff, 0xff,
    0xff, 0x3, 0xff, 0xff, 0xff, 0xff, 0xff, 0xc2,
    0xff, 0xff, 0xea, 0xff, 0xff, 0xf0, 0xff, 0xff,
    0x40, 0xb, 0xff, 0xfc, 0x7f, 0xff, 0x40, 0x0,
    0xbf, 0xff, 0x2f, 0xff, 0x80, 0x0, 0xf, 0xff,
    0xcf, 0xff, 0xd0, 0x0, 0x3, 0xff, 0xf3, 0xff,
    0xf0, 0x0, 0x0, 0xff, 0xfc, 0xff, 0xfc, 0x0,
    0x0, 0x3f, 0xff, 0x7f, 0xfe, 0x0, 0x0, 0xf,
    0xff, 0xdf, 0xff, 0x80, 0x0, 0x3, 0xff, 0xf7,
    0xff, 0xe0, 0x0, 0x0, 0xff, 0xfc, 0xff, 0xfc,
    0x0, 0x0, 0x3f, 0xff, 0x3f, 0xff, 0x0, 0x0,
    0xf, 0xff, 0xcf, 0xff, 0xc0, 0x0, 0x3, 0xff,
    0xf2, 0xff, 0xf8, 0x0, 0x0, 0xff, 0xfc, 0x7f,
    0xff, 0x0, 0x0, 0xbf, 0xff, 0xf, 0xff, 0xf4,
    0x0, 0xbf, 0xff, 0xc2, 0xff, 0xff, 0xea, 0xff,
    0xff, 0xf0, 0x3f, 0xff, 0xff, 0xff, 0xff, 0xfc,
    0x3, 0xff, 0xff, 0xff, 0xff, 0xff, 0x0, 0x7f,
    0xff, 0xff, 0xef, 0xff, 0xc0, 0x3, 0xff, 0xff,
    0xd3, 0xff, 0xf0, 0x0, 0x1b, 0xff, 0x41, 0xff,
    0xfc, 0x0, 0x0, 0x0, 0x0, 0x7f, 0xfe, 0x0,
    0x0, 0x0, 0x0, 0x2f, 0xff, 0x80, 0xd, 0x0,
    0x0, 0x1f, 0xff, 0xd0, 0xf, 0xe0, 0x0, 0x1f,
    0xff, 0xf0, 0xb, 0xff, 0x95, 0x7f, 0xff, 0xf4,
    0x7, 0xff, 0xff, 0xff, 0xff, 0xf8, 0x0, 0xff,
    0xff, 0xff, 0xff, 0xfc, 0x0, 0xf, 0xff, 0xff,
    0xff, 0xf8, 0x0, 0x0, 0x7f, 0xff, 0xff, 0xf4,
    0x0, 0x0, 0x0, 0xaf, 0xfe, 0x40, 0x0, 0x0,

    /* U+0068 "h" */
    0x7f, 0xfe, 0x0, 0x0, 0x0, 0x0, 0x7f, 0xfe,
    0x0, 0x0, 0x0, 0x0, 0x7f, 0xfe, 0x0, 0x0,
    0x0, 0x0, 0x7f, 0xfe, 0x0, 0x0, 0x0, 0x0,
    0x7f, 0xfe, 0x0, 0x0, 0x0, 0x0, 0x7f, 0xfe,
    0x0, 0x0, 0x0, 0x0, 0x7f, 0xfe, 0x0, 0x0,
    0x0, 0x0, 0x7f, 0xfe, 0x0, 0x0, 0x0, 0x0,
    0x7f, 0xfe, 0x0, 0x0, 0x0, 0x0, 0x7f, 0xfe,
    0x0, 0x0, 0x0, 0x0, 0x7f, 0xfe, 0x1, 0xbf,
    0xe4, 0x0, 0x7f, 0xfe, 0x1f, 0xff, 0xff, 0x0,
    0x7f, 0xfe, 0x7f, 0xff, 0xff, 0xc0, 0x7f, 0xff,
    0xff, 0xff, 0xff, 0xf0, 0x7f, 0xff, 0xff, 0xff,
    0xff, 0xf4, 0x7f, 0xff, 0xfe, 0xaf, 0xff, 0xfc,
    0x7f, 0xff, 0xc0, 0x3, 0xff, 0xfc, 0x7f, 0xff,
    0x0, 0x0, 0xff, 0xfc, 0x7f, 0xfe, 0x0, 0x0,
    0xff, 0xfd, 0x7f, 0xfe, 0x0, 0x0, 0xbf, 0xfd,
    0x7f, 0xfe, 0x0, 0x0, 0xbf, 0xfd, 0x7f, 0xfe,
    0x0, 0x0, 0xbf, 0xfd, 0x7f, 0xfe, 0x0, 0x0,
    0xbf, 0xfd, 0x7f, 0xfe, 0x0, 0x0, 0xbf, 0xfd,
    0x7f, 0xfe, 0x0, 0x0, 0xbf, 0xfd, 0x7f, 0xfe,
    0x0, 0x0, 0xbf, 0xfd, 0x7f, 0xfe, 0x0, 0x0,
    0xbf, 0xfd, 0x7f, 0xfe, 0x0, 0x0, 0xbf, 0xfd,
    0x7f, 0xfe, 0x0, 0x0, 0xbf, 0xfd, 0x7f, 0xfe,
    0x0, 0x0, 0xbf, 0xfd, 0x7f, 0xfe, 0x0, 0x0,
    0xbf, 0xfd, 0x7f, 0xfe, 0x0, 0x0, 0xbf, 0xfd,
    0x7f, 0xfe, 0x0, 0x0, 0xbf, 0xfd, 0x7f, 0xfe,
    0x0, 0x0, 0xbf, 0xfd, 0x7f, 0xfe, 0x0, 0x0,
    0xbf, 0xfd, 0x7f, 0xfe, 0x0, 0x0, 0xbf, 0xfd,
    0x7f, 0xfe, 0x0, 0x0, 0xbf, 0xfd,

    /* U+0069 "i" */
    0xb, 0xf8, 0xb, 0xff, 0xc3, 0xff, 0xf5, 0xff,
    0xfe, 0x3f, 0xff, 0x4f, 0xff, 0xc0, 0xbf, 0x80,
    0x0, 0x0, 0x0, 0x0, 0x0, 0x0, 0x3, 0xff,
    0xf0, 0xff, 0xfc, 0x3f, 0xff, 0xf, 0xff, 0xc3,
    0xff, 0xf0, 0xff, 0xfc, 0x3f, 0xff, 0xf, 0xff,
    0xc3, 0xff, 0xf0, 0xff, 0xfc, 0x3f, 0xff, 0xf,
    0xff, 0xc3, 0xff, 0xf0, 0xff, 0xfc, 0x3f, 0xff,
    0xf, 0xff, 0xc3, 0xff, 0xf0, 0xff, 0xfc, 0x3f,
    0xff, 0xf, 0xff, 0xc3, 0xff, 0xf0, 0xff, 0xfc,
    0x3f, 0xff, 0xf, 0xff, 0xc3, 0xff, 0xf0, 0xff,
    0xfc, 0x3f, 0xff, 0x0,

    /* U+006A "j" */
    0x0, 0x2, 0xfe, 0x0, 0x0, 0xff, 0xfc, 0x0,
    0x1f, 0xff, 0xd0, 0x1, 0xff, 0xfd, 0x0, 0x1f,
    0xff, 0xd0, 0x0, 0xff, 0xfc, 0x0, 0x2, 0xfe,
    0x0, 0x0, 0x0, 0x0, 0x0, 0x0, 0x0, 0x0,
    0x0, 0x0, 0x0, 0x0, 0xf, 0xff, 0xc0, 0x0,
    0xff, 0xfc, 0x0, 0xf, 0xff, 0xc0, 0x0, 0xff,
    0xfc, 0x0, 0xf, 0xff, 0xc0, 0x0, 0xff, 0xfc,
    0x0, 0xf, 0xff, 0xc0, 0x0, 0xff, 0xfc, 0x0,
    0xf, 0xff, 0xc0, 0x0, 0xff, 0xfc, 0x0, 0xf,
    0xff, 0xc0, 0x0, 0xff, 0xfc, 0x0, 0xf, 0xff,
    0xc0, 0x0, 0xff, 0xfc, 0x0, 0xf, 0xff, 0xc0,
    0x0, 0xff, 0xfc, 0x0, 0xf, 0xff, 0xc0, 0x0,
    0xff, 0xfc, 0x0, 0xf, 0xff, 0xc0, 0x0, 0xff,
    0xfc, 0x0, 0xf, 0xff, 0xc0, 0x0, 0xff, 0xfc,
    0x0, 0xf, 0xff, 0xc0, 0x0, 0xff, 0xfc, 0x0,
    0xf, 0xff, 0xc0, 0x0, 0xff, 0xfc, 0x0, 0xf,
    0xff, 0xc0, 0x0, 0xff, 0xfc, 0x0, 0xf, 0xff,
    0xc0, 0x0, 0xff, 0xfc, 0x0, 0x1f, 0xff, 0xc0,
    0x7, 0xff, 0xfc, 0x7f, 0xff, 0xff, 0x47, 0xff,
    0xff, 0xf0, 0x7f, 0xff, 0xfd, 0x7, 0xff, 0xff,
    0x40, 0x7f, 0xff, 0x80, 0x1, 0x55, 0x40, 0x0,

    /* U+006B "k" */
    0x7f, 0xff, 0x0, 0x0, 0x0, 0x0, 0x7, 0xff,
    0xf0, 0x0, 0x0, 0x0, 0x0, 0x7f, 0xff, 0x0,
    0x0, 0x0, 0x0, 0x7, 0xff, 0xf0, 0x0, 0x0,
    0x0, 0x0, 0x7f, 0xff, 0x0, 0x0, 0x0, 0x0,
    0x7, 0xff, 0xf0, 0x0, 0x0, 0x0, 0x0, 0x7f,
    0xff, 0x0, 0x0, 0x0, 0x0, 0x7, 0xff, 0xf0,
    0x0, 0x0, 0x0, 0x0, 0x7f, 0xff, 0x0, 0x0,
    0x0, 0x0, 0x7, 0xff, 0xf0, 0x0, 0x0, 0x0,
    0x0, 0x7f, 0xff, 0x0, 0x1, 0xff, 0xff, 0x7,
    0xff, 0xf0, 0x0, 0x7f, 0xff, 0xc0, 0x7f, 0xff,
    0x0, 0xf, 0xff, 0xf4, 0x7, 0xff, 0xf0, 0x3,
    0xff, 0xfd, 0x0, 0x7f, 0xff, 0x0, 0xff, 0xff,
    0x80, 0x7, 0xff, 0xf0, 0x2f, 0xff, 0xe0, 0x0,
    0x7f, 0xff, 0x7, 0xff, 0xfc, 0x0, 0x7, 0xff,
    0xf1, 0xff, 0xff, 0x0, 0x0, 0x7f, 0xff, 0x3f,
    0xff, 0xc0, 0x0, 0x7, 0xff, 0xff, 0xff, 0xf4,
    0x0, 0x0, 0x7f, 0xff, 0xff, 0xfd, 0x0, 0x0,
    0x7, 0xff, 0xff, 0xff, 0xc0, 0x0, 0x0, 0x7f,
    0xff, 0xff, 0xfe, 0x0, 0x0, 0x7, 0xff, 0xff,
    0xff, 0xf4, 0x0, 0x0, 0x7f, 0xff, 0xff, 0xff,
    0xc0, 0x0, 0x7, 0xff, 0xff, 0xff, 0xfe, 0x0,
    0x0, 0x7f, 0xff, 0xfb, 0xff, 0xf4, 0x0, 0x7,
    0xff, 0xfc, 0x3f, 0xff, 0xc0, 0x0, 0x7f, 0xff,
    0x0, 0xff, 0xfe, 0x0, 0x7, 0xff, 0xf0, 0xb,
    0xff, 0xf4, 0x0, 0x7f, 0xff, 0x0, 0x3f, 0xff,
    0xc0, 0x7, 0xff, 0xf0, 0x1, 0xff, 0xfe, 0x0,
    0x7f, 0xff, 0x0, 0xb, 0xff, 0xf4, 0x7, 0xff,
    0xf0, 0x0, 0x3f, 0xff, 0xc0, 0x7f, 0xff, 0x0,
    0x1, 0xff, 0xfe, 0x7, 0xff, 0xf0, 0x0, 0xf,
    0xff, 0xf0, 0x7f, 0xff, 0x0, 0x0, 0x3f, 0xff,
    0xc0,

    /* U+006C "l" */
    0xff, 0xfc, 0xff, 0xfc, 0xff, 0xfc, 0xff, 0xfc,
    0xff, 0xfc, 0xff, 0xfc, 0xff, 0xfc, 0xff, 0xfc,
    0xff, 0xfc, 0xff, 0xfc, 0xff, 0xfc, 0xff, 0xfc,
    0xff, 0xfc, 0xff, 0xfc, 0xff, 0xfc, 0xff, 0xfc,
    0xff, 0xfc, 0xff, 0xfc, 0xff, 0xfc, 0xff, 0xfc,
    0xff, 0xfc, 0xff, 0xfc, 0xff, 0xfc, 0xff, 0xfc,
    0xff, 0xfc, 0xff, 0xfc, 0xff, 0xfc, 0xff, 0xfc,
    0xff, 0xfc, 0xff, 0xfc, 0xff, 0xfc, 0xff, 0xfc,
    0xff, 0xfc, 0xff, 0xfc, 0xff, 0xfc, 0xff, 0xfc,
    0xff, 0xfc,

    /* U+006D "m" */
    0x7f, 0xfd, 0x1, 0xbf, 0xe4, 0x0, 0x6, 0xff,
    0xd0, 0x1, 0xff, 0xf4, 0x7f, 0xff, 0xfd, 0x1,
    0xff, 0xff, 0xf4, 0x7, 0xff, 0xeb, 0xff, 0xff,
    0xfc, 0x2f, 0xff, 0xff, 0xf4, 0x1f, 0xff, 0xff,
    0xff, 0xff, 0xfd, 0xff, 0xff, 0xff, 0xf0, 0x7f,
    0xff, 0xff, 0xff, 0xff, 0xff, 0xff, 0xff, 0xff,
    0xe1, 0xff, 0xff, 0xfa, 0xbf, 0xff, 0xff, 0xea,
    0xff, 0xff, 0xc7, 0xff, 0xfc, 0x0, 0x3f, 0xff,
    0xf8, 0x0, 0xbf, 0xff, 0x5f, 0xff, 0xc0, 0x0,
    0x7f, 0xff, 0x80, 0x0, 0xff, 0xfd, 0x7f, 0xff,
    0x0, 0x0, 0xff, 0xfc, 0x0, 0x2, 0xff, 0xf9,
    0xff, 0xfc, 0x0, 0x3, 0xff, 0xf0, 0x0, 0x7,
    0xff, 0xe7, 0xff, 0xf0, 0x0, 0xf, 0xff, 0xc0,
    0x0, 0x1f, 0xff, 0x9f, 0xff, 0xc0, 0x0, 0x3f,
    0xff, 0x0, 0x0, 0x7f, 0xfe, 0x7f, 0xff, 0x0,
    0x0, 0xff, 0xfc, 0x0, 0x1, 0xff, 0xf9, 0xff,
    0xfc, 0x0, 0x3, 0xff, 0xf0, 0x0, 0x7, 0xff,
    0xe7, 0xff, 0xf0, 0x0, 0xf, 0xff, 0xc0, 0x0,
    0x1f, 0xff, 0x9f, 0xff, 0xc0, 0x0, 0x3f, 0xff,
    0x0, 0x0, 0x7f, 0xfe, 0x7f, 0xff, 0x0, 0x0,
    0xff, 0xfc, 0x0, 0x1, 0xff, 0xf9, 0xff, 0xfc,
    0x0, 0x3, 0xff, 0xf0, 0x0, 0x7, 0xff, 0xe7,
    0xff, 0xf0, 0x0, 0xf, 0xff, 0xc0, 0x0, 0x1f,
    0xff, 0x9f, 0xff, 0xc0, 0x0, 0x3f, 0xff, 0x0,
    0x0, 0x7f, 0xfe, 0x7f, 0xff, 0x0, 0x0, 0xff,
    0xfc, 0x0, 0x1, 0xff, 0xf9, 0xff, 0xfc, 0x0,
    0x3, 0xff, 0xf0, 0x0, 0x7, 0xff, 0xe7, 0xff,
    0xf0, 0x0, 0xf, 0xff, 0xc0, 0x0, 0x1f, 0xff,
    0x9f, 0xff, 0xc0, 0x0, 0x3f, 0xff, 0x0, 0x0,
    0x7f, 0xfe, 0x7f, 0xff, 0x0, 0x0, 0xff, 0xfc,
    0x0, 0x1, 0xff, 0xf9, 0xff, 0xfc, 0x0, 0x3,
    0xff, 0xf0, 0x0, 0x7, 0xff, 0xe7, 0xff, 0xf0,
    0x0, 0xf, 0xff, 0xc0, 0x0, 0x1f, 0xff, 0x80,

    /* U+006E "n" */
    0x7f, 0xfc, 0x1, 0xbf, 0xe4, 0x0, 0x7f, 0xfd,
    0x1f, 0xff, 0xff, 0x40, 0x7f, 0xfd, 0xbf, 0xff,
    0xff, 0xd0, 0x7f, 0xff, 0xff, 0xff, 0xff, 0xf0,
    0x7f, 0xff, 0xff, 0xff, 0xff, 0xf4, 0x7f, 0xff,
    0xfe, 0xaf, 0xff, 0xfc, 0x7f, 0xff, 0xc0, 0x2,
    0xff, 0xfc, 0x7f, 0xff, 0x0, 0x0, 0xff, 0xfd,
    0x7f, 0xfe, 0x0, 0x0, 0xff, 0xfd, 0x7f, 0xfe,
    0x0, 0x0, 0xbf, 0xfd, 0x7f, 0xfe, 0x0, 0x0,
    0xbf, 0xfd, 0x7f, 0xfe, 0x0, 0x0, 0xbf, 0xfd,
    0x7f, 0xfe, 0x0, 0x0, 0xbf, 0xfd, 0x7f, 0xfe,
    0x0, 0x0, 0xbf, 0xfd, 0x7f, 0xfe, 0x0, 0x0,
    0xbf, 0xfd, 0x7f, 0xfe, 0x0, 0x0, 0xbf, 0xfd,
    0x7f, 0xfe, 0x0, 0x0, 0xbf, 0xfd, 0x7f, 0xfe,
    0x0, 0x0, 0xbf, 0xfd, 0x7f, 0xfe, 0x0, 0x0,
    0xbf, 0xfd, 0x7f, 0xfe, 0x0, 0x0, 0xbf, 0xfd,
    0x7f, 0xfe, 0x0, 0x0, 0xbf, 0xfd, 0x7f, 0xfe,
    0x0, 0x0, 0xbf, 0xfd, 0x7f, 0xfe, 0x0, 0x0,
    0xbf, 0xfd, 0x7f, 0xfe, 0x0, 0x0, 0xbf, 0xfd,
    0x7f, 0xfe, 0x0, 0x0, 0xbf, 0xfd, 0x7f, 0xfe,
    0x0, 0x0, 0xbf, 0xfd, 0x7f, 0xfe, 0x0, 0x0,
    0xbf, 0xfd,

    /* U+006F "o" */
    0x0, 0x0, 0x6f, 0xff, 0x90, 0x0, 0x0, 0x0,
    0x7f, 0xff, 0xff, 0xd0, 0x0, 0x0, 0x2f, 0xff,
    0xff, 0xff, 0xc0, 0x0, 0xf, 0xff, 0xff, 0xff,
    0xff, 0x0, 0x2, 0xff, 0xff, 0xff, 0xff, 0xfc,
    0x0, 0x7f, 0xff, 0xea, 0xbf, 0xff, 0xe0, 0xf,
    0xff, 0xf0, 0x0, 0xff, 0xff, 0x1, 0xff, 0xfc,
    0x0, 0x3, 0xff, 0xf8, 0x2f, 0xff, 0x80, 0x0,
    0x1f, 0xff, 0xc3, 0xff, 0xf0, 0x0, 0x0, 0xff,
    0xfc, 0x3f, 0xff, 0x0, 0x0, 0xb, 0xff, 0xd7,
    0xff, 0xf0, 0x0, 0x0, 0xbf, 0xfe, 0x7f, 0xfe,
    0x0, 0x0, 0x7, 0xff, 0xe7, 0xff, 0xe0, 0x0,
    0x0, 0x7f, 0xfe, 0x7f, 0xfe, 0x0, 0x0, 0x7,
    0xff, 0xe7, 0xff, 0xe0, 0x0, 0x0, 0xbf, 0xfe,
    0x3f, 0xff, 0x0, 0x0, 0xb, 0xff, 0xd3, 0xff,
    0xf0, 0x0, 0x0, 0xff, 0xfc, 0x2f, 0xff, 0x40,
    0x0, 0x1f, 0xff, 0xc1, 0xff, 0xfc, 0x0, 0x3,
    0xff, 0xf8, 0xf, 0xff, 0xf0, 0x0, 0xbf, 0xff,
    0x0, 0x7f, 0xff, 0xea, 0xbf, 0xff, 0xe0, 0x2,
    0xff, 0xff, 0xff, 0xff, 0xfc, 0x0, 0xf, 0xff,
    0xff, 0xff, 0xff, 0x0, 0x0, 0x2f, 0xff, 0xff,
    0xff, 0xc0, 0x0, 0x0, 0x7f, 0xff, 0xff, 0xe0,
    0x0, 0x0, 0x0, 0x6f, 0xff, 0x90, 0x0, 0x0,

    /* U+0070 "p" */
    0x7f, 0xfd, 0x6, 0xff, 0xe0, 0x0, 0x1f, 0xff,
    0x4b, 0xff, 0xff, 0x80, 0x7, 0xff, 0xef, 0xff,
    0xff, 0xfc, 0x1, 0xff, 0xff, 0xff, 0xff, 0xff,
    0x80, 0x7f, 0xff, 0xff, 0xff, 0xff, 0xf4, 0x1f,
    0xff, 0xff, 0xab, 0xff, 0xff, 0x7, 0xff, 0xfc,
    0x0, 0x2f, 0xff, 0xd1, 0xff, 0xfc, 0x0, 0x3,
    0xff, 0xf8, 0x7f, 0xff, 0x0, 0x0, 0x7f, 0xff,
    0x1f, 0xff, 0xc0, 0x0, 0xf, 0xff, 0xc7, 0xff,
    0xf0, 0x0, 0x3, 0xff, 0xf5, 0xff, 0xfc, 0x0,
    0x0, 0xbf, 0xfd, 0x7f, 0xff, 0x0, 0x0, 0x2f,
    0xff, 0x5f, 0xff, 0xc0, 0x0, 0xb, 0xff, 0xd7,
    0xff, 0xf0, 0x0, 0x2, 0xff, 0xf5, 0xff, 0xfc,
    0x0, 0x0, 0xbf, 0xfd, 0x7f, 0xff, 0x0, 0x0,
    0x3f, 0xff, 0x5f, 0xff, 0xc0, 0x0, 0xf, 0xff,
    0xc7, 0xff, 0xf0, 0x0, 0x7, 0xff, 0xf1, 0xff,
    0xfc, 0x0, 0x3, 0xff, 0xf8, 0x7f, 0xff, 0xd0,
    0x2, 0xff, 0xfd, 0x1f, 0xff, 0xff, 0xab, 0xff,
    0xff, 0x7, 0xff, 0xff, 0xff, 0xff, 0xff, 0x41,
    0xff, 0xff, 0xff, 0xff, 0xff, 0x80, 0x7f, 0xff,
    0xff, 0xff, 0xff, 0x80, 0x1f, 0xff, 0xcb, 0xff,
    0xff, 0x40, 0x7, 0xff, 0xf0, 0x6f, 0xfd, 0x0,
    0x1, 0xff, 0xfc, 0x0, 0x0, 0x0, 0x0, 0x7f,
    0xff, 0x0, 0x0, 0x0, 0x0, 0x1f, 0xff, 0xc0,
    0x0, 0x0, 0x0, 0x7, 0xff, 0xf0, 0x0, 0x0,
    0x0, 0x1, 0xff, 0xfc, 0x0, 0x0, 0x0, 0x0,
    0x7f, 0xff, 0x0, 0x0, 0x0, 0x0, 0x1f, 0xff,
    0xc0, 0x0, 0x0, 0x0, 0x7, 0xff, 0xf0, 0x0,
    0x0, 0x0, 0x1, 0xff, 0xfc, 0x0, 0x0, 0x0,
    0x0, 0x7f, 0xff, 0x0, 0x0, 0x0, 0x0, 0x0,

    /* U+0071 "q" */
    0x0, 0x1, 0xbf, 0xe4, 0xf, 0xff, 0x40, 0x7,
    0xff, 0xff, 0xc3, 0xff, 0xd0, 0xb, 0xff, 0xff,
    0xfd, 0xff, 0xf4, 0xb, 0xff, 0xff, 0xff, 0xff,
    0xfd, 0x7, 0xff, 0xff, 0xff, 0xff, 0xff, 0x43,
    0xff, 0xff, 0xaa, 0xff, 0xff, 0xd0, 0xff, 0xff,
    0x0, 0xf, 0xff, 0xf4, 0xbf, 0xff, 0x0, 0x0,
    0xff, 0xfd, 0x3f, 0xff, 0x40, 0x0, 0x2f, 0xff,
    0x4f, 0xff, 0xc0, 0x0, 0xb, 0xff, 0xd3, 0xff,
    0xf0, 0x0, 0x2, 0xff, 0xf5, 0xff, 0xfc, 0x0,
    0x0, 0xbf, 0xfd, 0x7f, 0xfe, 0x0, 0x0, 0x2f,
    0xff, 0x5f, 0xff, 0x80, 0x0, 0xb, 0xff, 0xd7,
    0xff, 0xe0, 0x0, 0x2, 0xff, 0xf5, 0xff, 0xfc,
    0x0, 0x0, 0xbf, 0xfd, 0x3f, 0xff, 0x0, 0x0,
    0x2f, 0xff, 0x4f, 0xff, 0xc0, 0x0, 0xb, 0xff,
    0xd3, 0xff, 0xf4, 0x0, 0x2, 0xff, 0xf4, 0xbf,
    0xff, 0x0, 0x0, 0xff, 0xfd, 0xf, 0xff, 0xf0,
    0x0, 0xff, 0xff, 0x42, 0xff, 0xff, 0xaa, 0xff,
    0xff, 0xd0, 0x3f, 0xff, 0xff, 0xff, 0xff, 0xf4,
    0x7, 0xff, 0xff, 0xff, 0xff, 0xfd, 0x0, 0xbf,
    0xff, 0xff, 0xff, 0xff, 0x40, 0x7, 0xff, 0xff,
    0xcb, 0xff, 0xd0, 0x0, 0x1b, 0xfe, 0x42, 0xff,
    0xf4, 0x0, 0x0, 0x0, 0x0, 0xbf, 0xfd, 0x0,
    0x0, 0x0, 0x0, 0x2f, 0xff, 0x40, 0x0, 0x0,
    0x0, 0xb, 0xff, 0xd0, 0x0, 0x0, 0x0, 0x2,
    0xff, 0xf4, 0x0, 0x0, 0x0, 0x0, 0xbf, 0xfd,
    0x0, 0x0, 0x0, 0x0, 0x2f, 0xff, 0x40, 0x0,
    0x0, 0x0, 0xb, 0xff, 0xd0, 0x0, 0x0, 0x0,
    0x2, 0xff, 0xf4, 0x0, 0x0, 0x0, 0x0, 0xbf,
    0xfd, 0x0, 0x0, 0x0, 0x0, 0x2f, 0xff, 0x40,

    /* U+0072 "r" */
    0x7f, 0xfd, 0x6, 0xfe, 0x7f, 0xfd, 0x2f, 0xfe,
    0x7f, 0xfe, 0xbf, 0xfe, 0x7f, 0xff, 0xff, 0xfe,
    0x7f, 0xff, 0xff, 0xfe, 0x7f, 0xff, 0xff, 0xfe,
    0x7f, 0xff, 0xff, 0xae, 0x7f, 0xff, 0xe0, 0x0,
    0x7f, 0xff, 0x40, 0x0, 0x7f, 0xff, 0x0, 0x0,
    0x7f, 0xff, 0x0, 0x0, 0x7f, 0xff, 0x0, 0x0,
    0x7f, 0xff, 0x0, 0x0, 0x7f, 0xff, 0x0, 0x0,
    0x7f, 0xff, 0x0, 0x0, 0x7f, 0xff, 0x0, 0x0,
    0x7f, 0xff, 0x0, 0x0, 0x7f, 0xff, 0x0, 0x0,
    0x7f, 0xff, 0x0, 0x0, 0x7f, 0xff, 0x0, 0x0,
    0x7f, 0xff, 0x0, 0x0, 0x7f, 0xff, 0x0, 0x0,
    0x7f, 0xff, 0x0, 0x0, 0x7f, 0xff, 0x0, 0x0,
    0x7f, 0xff, 0x0, 0x0, 0x7f, 0xff, 0x0, 0x0,
    0x7f, 0xff, 0x0, 0x0,

    /* U+0073 "s" */
    0x0, 0x1, 0xbf, 0xfe, 0x40, 0x0, 0x0, 0xbf,
    0xff, 0xff, 0xd0, 0x0, 0xf, 0xff, 0xff, 0xff,
    0xf0, 0x0, 0xff, 0xff, 0xff, 0xff, 0xf0, 0xf,
    0xff, 0xff, 0xff, 0xff, 0xe0, 0x7f, 0xff, 0x40,
    0x2f, 0xff, 0xc2, 0xff, 0xf4, 0x0, 0x3f, 0xff,
    0x8f, 0xff, 0xc0, 0x0, 0x7f, 0xfe, 0x3f, 0xff,
    0x0, 0x0, 0x55, 0x54, 0xbf, 0xfe, 0x0, 0x0,
    0x0, 0x1, 0xff, 0xff, 0x90, 0x0, 0x0, 0x2,
    0xff, 0xff, 0xfe, 0x40, 0x0, 0x3, 0xff, 0xff,
    0xff, 0xe4, 0x0, 0x2, 0xff, 0xff, 0xff, 0xf8,
    0x0, 0x0, 0xbf, 0xff, 0xff, 0xfc, 0x0, 0x0,
    0x1b, 0xff, 0xff, 0xfc, 0x0, 0x0, 0x0, 0x6f,
    0xff, 0xf4, 0x0, 0x0, 0x0, 0xf, 0xff, 0xeb,
    0xff, 0xc0, 0x0, 0xf, 0xff, 0xef, 0xff, 0x40,
    0x0, 0x3f, 0xff, 0x7f, 0xff, 0x0, 0x1, 0xff,
    0xf8, 0xff, 0xff, 0x40, 0x1f, 0xff, 0xd1, 0xff,
    0xff, 0xff, 0xff, 0xff, 0x1, 0xff, 0xff, 0xff,
    0xff, 0xf0, 0x1, 0xff, 0xff, 0xff, 0xff, 0x0,
    0x0, 0xbf, 0xff, 0xff, 0xe0, 0x0, 0x0, 0x1b,
    0xff, 0xe4, 0x0, 0x0,

    /* U+0074 "t" */
    0x0, 0x6a, 0xa8, 0x0, 0x0, 0xff, 0xfc, 0x0,
    0x0, 0xff, 0xfc, 0x0, 0x0, 0xff, 0xfc, 0x0,
    0x0, 0xff, 0xfc, 0x0, 0x0, 0xff, 0xfc, 0x0,
    0x0, 0xff, 0xfc, 0x0, 0xbf, 0xff, 0xff, 0xfe,
    0xbf, 0xff, 0xff, 0xfe, 0xbf, 0xff, 0xff, 0xfe,
    0xbf, 0xff, 0xff, 0xfe, 0xbf, 0xff, 0xff, 0xfe,
    0x0, 0xff, 0xfc, 0x0, 0x0, 0xff, 0xfc, 0x0,
    0x0, 0xff, 0xfc, 0x0, 0x0, 0xff, 0xfc, 0x0,
    0x0, 0xff, 0xfc, 0x0, 0x0, 0xff, 0xfc, 0x0,
    0x0, 0xff, 0xfc, 0x0, 0x0, 0xff, 0xfc, 0x0,
    0x0, 0xff, 0xfc, 0x0, 0x0, 0xff, 0xfc, 0x0,
    0x0, 0xff, 0xfc, 0x0, 0x0, 0xff, 0xfc, 0x0,
    0x0, 0xff, 0xfc, 0x0, 0x0, 0xff, 0xfc, 0x0,
    0x0, 0xff, 0xfc, 0x0, 0x0, 0xff, 0xfe, 0x0,
    0x0, 0xbf, 0xff, 0xea, 0x0, 0x7f, 0xff, 0xff,
    0x0, 0x3f, 0xff, 0xff, 0x0, 0x1f, 0xff, 0xff,
    0x0, 0xb, 0xff, 0xff, 0x0, 0x0, 0xbf, 0xf9,

    /* U+0075 "u" */
    0x7f, 0xfe, 0x0, 0x0, 0xbf, 0xfd, 0x7f, 0xfe,
    0x0, 0x0, 0xbf, 0xfd, 0x7f, 0xfe, 0x0, 0x0,
    0xbf, 0xfd, 0x7f, 0xfe, 0x0, 0x0, 0xbf, 0xfd,
    0x7f, 0xfe, 0x0, 0x0, 0xbf, 0xfd, 0x7f, 0xfe,
    0x0, 0x0, 0xbf, 0xfd, 0x7f, 0xfe, 0x0, 0x0,
    0xbf, 0xfd, 0x7f, 0xfe, 0x0, 0x0, 0xbf, 0xfd,
    0x7f, 0xfe, 0x0, 0x0, 0xbf, 0xfd, 0x7f, 0xfe,
    0x0, 0x0, 0xbf, 0xfd, 0x7f, 0xfe, 0x0, 0x0,
    0xbf, 0xfd, 0x7f, 0xfe, 0x0, 0x0, 0xbf, 0xfd,
    0x7f, 0xfe, 0x0, 0x0, 0xbf, 0xfd, 0x7f, 0xfe,
    0x0, 0x0, 0xbf, 0xfd, 0x7f, 0xfe, 0x0, 0x0,
    0xbf, 0xfd, 0x7f, 0xfe, 0x0, 0x0, 0xbf, 0xfd,
    0x7f, 0xfe, 0x0, 0x0, 0xbf, 0xfd, 0x7f, 0xfe,
    0x0, 0x0, 0xbf, 0xfd, 0x7f, 0xfe, 0x0, 0x0,
    0xbf, 0xfd, 0x7f, 0xff, 0x0, 0x0, 0xff, 0xfd,
    0x3f, 0xff, 0x80, 0x3, 0xff, 0xfd, 0x3f, 0xff,
    0xfa, 0xbf, 0xff, 0xfd, 0x1f, 0xff, 0xff, 0xff,
    0xff, 0xfd, 0xf, 0xff, 0xff, 0xff, 0xff, 0xfd,
    0x3, 0xff, 0xff, 0xff, 0xbf, 0xfd, 0x0, 0xff,
    0xff, 0xf8, 0x7f, 0xfd, 0x0, 0x1b, 0xff, 0x80,
    0x7f, 0xfd,

    /* U+0076 "v" */
    0xbf, 0xff, 0x0, 0x0, 0x2f, 0xff, 0xcf, 0xff,
    0xc0, 0x0, 0xf, 0xff, 0xd3, 0xff, 0xf4, 0x0,
    0x3, 0xff, 0xf0, 0xbf, 0xfe, 0x0, 0x1, 0xff,
    0xfc, 0xf, 0xff, 0xc0, 0x0, 0xbf, 0xfd, 0x3,
    0xff, 0xf0, 0x0, 0x3f, 0xff, 0x0, 0xbf, 0xfd,
    0x0, 0xf, 0xff, 0xc0, 0xf, 0xff, 0x80, 0x7,
    0xff, 0xd0, 0x3, 0xff, 0xf0, 0x2, 0xff, 0xf0,
    0x0, 0xbf, 0xfd, 0x0, 0xff, 0xfc, 0x0, 0xf,
    0xff, 0x80, 0x3f, 0xfd, 0x0, 0x3, 0xff, 0xf0,
    0x2f, 0xff, 0x0, 0x0, 0xbf, 0xfc, 0xf, 0xff,
    0xc0, 0x0, 0xf, 0xff, 0x43, 0xff, 0xd0, 0x0,
    0x3, 0xff, 0xe1, 0xff, 0xf0, 0x0, 0x0, 0xbf,
    0xfc, 0xbf, 0xfc, 0x0, 0x0, 0xf, 0xff, 0x3f,
    0xfd, 0x0, 0x0, 0x3, 0xff, 0xef, 0xff, 0x0,
    0x0, 0x0, 0xbf, 0xff, 0xff, 0xc0, 0x0, 0x0,
    0xf, 0xff, 0xff, 0xd0, 0x0, 0x0, 0x3, 0xff,
    0xff, 0xf0, 0x0, 0x0, 0x0, 0xbf, 0xff, 0xfc,
    0x0, 0x0, 0x0, 0x1f, 0xff, 0xfe, 0x0, 0x0,
    0x0, 0x3, 0xff, 0xff, 0x0, 0x0, 0x0, 0x0,
    0xbf, 0xff, 0xc0, 0x0, 0x0, 0x0, 0x1f, 0xff,
    0xe0, 0x0, 0x0, 0x0, 0x3, 0xff, 0xf0, 0x0,
    0x0,

    /* U+0077 "w" */
    0x3f, 0xfe, 0x0, 0x1, 0xff, 0xc0, 0x0, 0x3f,
    0xff, 0x3f, 0xff, 0x0, 0x2, 0xff, 0xd0, 0x0,
    0x3f, 0xfe, 0x2f, 0xff, 0x0, 0x3, 0xff, 0xe0,
    0x0, 0x7f, 0xfd, 0x1f, 0xff, 0x0, 0x3, 0xff,
    0xf0, 0x0, 0xbf, 0xfc, 0xf, 0xff, 0x40, 0x7,
    0xff, 0xf0, 0x0, 0xff, 0xfc, 0xf, 0xff, 0x80,
    0xb, 0xff, 0xf4, 0x0, 0xff, 0xf8, 0xb, 0xff,
    0xc0, 0xf, 0xff, 0xf8, 0x0, 0xff, 0xf4, 0x7,
    0xff, 0xc0, 0x1f, 0xff, 0xfc, 0x1, 0xff, 0xf0,
    0x3, 0xff, 0xc0, 0x2f, 0xff, 0xfc, 0x2, 0xff,
    0xf0, 0x3, 0xff, 0xd0, 0x3f, 0xff, 0xfd, 0x2,
    0xff, 0xe0, 0x2, 0xff, 0xe0, 0x3f, 0xf7, 0xfe,
    0x3, 0xff, 0xd0, 0x1, 0xff, 0xf0, 0x7f, 0xf3,
    0xff, 0x3, 0xff, 0xc0, 0x0, 0xff, 0xf0, 0xbf,
    0xd3, 0xff, 0x47, 0xff, 0xc0, 0x0, 0xff, 0xf0,
    0xff, 0xc2, 0xff, 0x8b, 0xff, 0x80, 0x0, 0xbf,
    0xf4, 0xff, 0xc1, 0xff, 0xcb, 0xff, 0x40, 0x0,
    0x7f, 0xf9, 0xff, 0x80, 0xff, 0xcf, 0xff, 0x0,
    0x0, 0x3f, 0xfb, 0xff, 0x40, 0xbf, 0xef, 0xff,
    0x0, 0x0, 0x3f, 0xff, 0xff, 0x0, 0x7f, 0xff,
    0xfe, 0x0, 0x0, 0x2f, 0xff, 0xff, 0x0, 0x3f,
    0xff, 0xfd, 0x0, 0x0, 0x1f, 0xff, 0xfd, 0x0,
    0x3f, 0xff, 0xfc, 0x0, 0x0, 0xf, 0xff, 0xfc,
    0x0, 0x2f, 0xff, 0xfc, 0x0, 0x0, 0xf, 0xff,
    0xfc, 0x0, 0x1f, 0xff, 0xf8, 0x0, 0x0, 0xb,
    0xff, 0xf8, 0x0, 0xf, 0xff, 0xf4, 0x0, 0x0,
    0x7, 0xff, 0xf4, 0x0, 0xb, 0xff, 0xf0, 0x0,
    0x0, 0x3, 0xff, 0xf0, 0x0, 0x7, 0xff, 0xf0,
    0x0, 0x0, 0x3, 0xff, 0xe0, 0x0, 0x3, 0xff,
    0xe0, 0x0, 0x0, 0x2, 0xff, 0xd0, 0x0, 0x3,
    0xff, 0xd0, 0x0,

    /* U+0078 "x" */
    0x3f, 0xff, 0x80, 0x0, 0x3f, 0xff, 0x41, 0xff,
    0xfc, 0x0, 0xb, 0xff, 0xf0, 0xb, 0xff, 0xe0,
    0x0, 0xff, 0xfd, 0x0, 0x3f, 0xff, 0x40, 0x2f,
    0xff, 0xc0, 0x2, 0xff, 0xfc, 0x3, 0xff, 0xf0,
    0x0, 0xf, 0xff, 0xd0, 0xff, 0xfe, 0x0, 0x0,
    0x7f, 0xff, 0x1f, 0xff, 0xc0, 0x0, 0x3, 0xff,
    0xf7, 0xff, 0xf8, 0x0, 0x0, 0x1f, 0xff, 0xff,
    0xff, 0x0, 0x0, 0x0, 0xff, 0xff, 0xff, 0xd0,
    0x0, 0x0, 0x3, 0xff, 0xff, 0xfc, 0x0, 0x0,
    0x0, 0x2f, 0xff, 0xff, 0x0, 0x0, 0x0, 0x0,
    0xff, 0xff, 0xe0, 0x0, 0x0, 0x0, 0xf, 0xff,
    0xfd, 0x0, 0x0, 0x0, 0x1, 0xff, 0xff, 0xf0,
    0x0, 0x0, 0x0, 0x3f, 0xff, 0xff, 0x80, 0x0,
    0x0, 0xb, 0xff, 0xff, 0xfc, 0x0, 0x0, 0x0,
    0xff, 0xff, 0xff, 0xe0, 0x0, 0x0, 0x2f, 0xff,
    0xff, 0xff, 0x40, 0x0, 0x3, 0xff, 0xf2, 0xff,
    0xfc, 0x0, 0x0, 0xff, 0xfe, 0xf, 0xff, 0xd0,
    0x0, 0x1f, 0xff, 0xc0, 0x7f, 0xff, 0x0, 0x3,
    0xff, 0xf8, 0x3, 0xff, 0xf8, 0x0, 0x7f, 0xff,
    0x0, 0x1f, 0xff, 0xc0, 0xf, 0xff, 0xd0, 0x0,
    0xff, 0xfe, 0x2, 0xff, 0xfc, 0x0, 0x3, 0xff,
    0xf0, 0x3f, 0xff, 0x40, 0x0, 0x2f, 0xff, 0xc0,

    /* U+0079 "y" */
    0xbf, 0xff, 0x0, 0x0, 0x2f, 0xff, 0xc7, 0xff,
    0xf0, 0x0, 0x3, 0xff, 0xf8, 0x3f, 0xff, 0x40,
    0x0, 0x3f, 0xff, 0x42, 0xff, 0xf8, 0x0, 0x7,
    0xff, 0xf0, 0x1f, 0xff, 0xc0, 0x0, 0xff, 0xfe,
    0x0, 0xff, 0xfd, 0x0, 0xf, 0xff, 0xc0, 0xb,
    0xff, 0xe0, 0x1, 0xff, 0xfc, 0x0, 0x7f, 0xff,
    0x0, 0x2f, 0xff, 0x80, 0x3, 0xff, 0xf0, 0x3,
    0xff, 0xf0, 0x0, 0x2f, 0xff, 0x40, 0x3f, 0xff,
    0x0, 0x1, 0xff, 0xf8, 0xb, 0xff, 0xd0, 0x0,
    0xf, 0xff, 0xc0, 0xff, 0xfc, 0x0, 0x0, 0xbf,
    0xfd, 0xf, 0xff, 0xc0, 0x0, 0x3, 0xff, 0xe1,
    0xff, 0xf4, 0x0, 0x0, 0x3f, 0xff, 0x2f, 0xff,
    0x0, 0x0, 0x2, 0xff, 0xf7, 0xff, 0xf0, 0x0,
    0x0, 0xf, 0xff, 0xff, 0xfd, 0x0, 0x0, 0x0,
    0xff, 0xff, 0xff, 0xc0, 0x0, 0x0, 0xb, 0xff,
    0xff, 0xf8, 0x0, 0x0, 0x0, 0x3f, 0xff, 0xff,
    0x40, 0x0, 0x0, 0x3, 0xff, 0xff, 0xf0, 0x0,
    0x0, 0x0, 0x1f, 0xff, 0xfe, 0x0, 0x0, 0x0,
    0x0, 0xff, 0xff, 0xd0, 0x0, 0x0, 0x0, 0xf,
    0xff, 0xfc, 0x0, 0x0, 0x0, 0x0, 0x7f, 0xff,
    0x80, 0x0, 0x0, 0x0, 0x3, 0xff, 0xf4, 0x0,
    0x0, 0x0, 0x0, 0x3f, 0xff, 0x0, 0x0, 0x0,
    0x0, 0x3, 0xff, 0xe0, 0x0, 0x0, 0x0, 0x0,
    0x7f, 0xfd, 0x0, 0x0, 0x0, 0x0, 0xb, 0xff,
    0xc0, 0x0, 0x0, 0x0, 0x0, 0xff, 0xf8, 0x0,
    0x0, 0x0, 0x0, 0xbf, 0xff, 0x0, 0x0, 0x0,
    0x3, 0xff, 0xff, 0xf0, 0x0, 0x0, 0x0, 0x3f,
    0xff, 0xfd, 0x0, 0x0, 0x0, 0x3, 0xff, 0xff,
    0x80, 0x0, 0x0, 0x0, 0x3f, 0xff, 0xe0, 0x0,
    0x0, 0x0, 0x3, 0xff, 0xf4, 0x0, 0x0, 0x0,
    0x0, 0x5, 0x50, 0x0, 0x0, 0x0, 0x0,

    /* U+007A "z" */
    0x3f, 0xff, 0xff, 0xff, 0xff, 0xf4, 0xff, 0xff,
    0xff, 0xff, 0xff, 0xd3, 0xff, 0xff, 0xff, 0xff,
    0xff, 0x4f, 0xff, 0xff, 0xff, 0xff, 0xfd, 0x3f,
    0xff, 0xff, 0xff, 0xff, 0xf0, 0x6a, 0xaa, 0xaa,
    0xff, 0xff, 0x40, 0x0, 0x0, 0x3, 0xff, 0xf8,
    0x0, 0x0, 0x0, 0x3f, 0xff, 0xc0, 0x0, 0x0,
    0x2, 0xff, 0xfc, 0x0, 0x0, 0x0, 0x1f, 0xff,
    0xd0, 0x0, 0x0, 0x0, 0xff, 0xfe, 0x0, 0x0,
    0x0, 0xf, 0xff, 0xf0, 0x0, 0x0, 0x0, 0xbf,
    0xff, 0x0, 0x0, 0x0, 0x7, 0xff, 0xf4, 0x0,
    0x0, 0x0, 0x3f, 0xff, 0x80, 0x0, 0x0, 0x3,
    0xff, 0xfc, 0x0, 0x0, 0x0, 0x2f, 0xff, 0xc0,
    0x0, 0x0, 0x1, 0xff, 0xfd, 0x0, 0x0, 0x0,
    0xf, 0xff, 0xf0, 0x0, 0x0, 0x0, 0xbf, 0xff,
    0x0, 0x0, 0x0, 0x7, 0xff, 0xf4, 0x0, 0x0,
    0x0, 0x3f, 0xff, 0xea, 0xaa, 0xaa, 0x93, 0xff,
    0xff, 0xff, 0xff, 0xff, 0xcf, 0xff, 0xff, 0xff,
    0xff, 0xff, 0x3f, 0xff, 0xff, 0xff, 0xff, 0xfc,
    0xff, 0xff, 0xff, 0xff, 0xff, 0xf3, 0xff, 0xff,
    0xff, 0xff, 0xff, 0xc0,

    /* U+007B "{" */
    0x0, 0x0, 0x0, 0x0, 0x0, 0x0, 0xb, 0x80,
    0x0, 0x2, 0xff, 0x0, 0x0, 0x3f, 0xfd, 0x0,
    0x3, 0xff, 0xf4, 0x0, 0x3f, 0xff, 0x0, 0x1,
    0xff, 0xf0, 0x0, 0xb, 0xff, 0x80, 0x0, 0x3f,
    0xfd, 0x0, 0x1, 0xff, 0xf0, 0x0, 0x7, 0xff,
    0xc0, 0x0, 0x1f, 0xff, 0x0, 0x0, 0x7f, 0xfc,
    0x0, 0x1, 0xff, 0xf0, 0x0, 0x7, 0xff, 0xc0,
    0x0, 0x1f, 0xff, 0x0, 0x0, 0x7f, 0xfc, 0x0,
    0x2, 0xff, 0xf0, 0x0, 0xb, 0xff, 0x80, 0x0,
    0x3f, 0xfe, 0x0, 0x1, 0xff, 0xf0, 0x0, 0x1f,
    0xff, 0xc0, 0xb, 0xff, 0xfc, 0x0, 0x3f, 0xff,
    0xd0, 0x0, 0xff, 0xfc, 0x0, 0x3, 0xff, 0xf8,
    0x0, 0xf, 0xff, 0xfc, 0x0, 0x2, 0xff, 0xf8,
    0x0, 0x1, 0xff, 0xf0, 0x0, 0x3, 0xff, 0xd0,
    0x0, 0xb, 0xff, 0x80, 0x0, 0x2f, 0xff, 0x0,
    0x0, 0x7f, 0xfc, 0x0, 0x1, 0xff, 0xf0, 0x0,
    0x7, 0xff, 0xc0, 0x0, 0x1f, 0xff, 0x0, 0x0,
    0x7f, 0xfc, 0x0, 0x1, 0xff, 0xf0, 0x0, 0x7,
    0xff, 0xc0, 0x0, 0x1f, 0xff, 0x0, 0x0, 0x3f,
    0xfc, 0x0, 0x0, 0xff, 0xf4, 0x0, 0x1, 0xff,
    0xf0, 0x0, 0x3, 0xff, 0xe0, 0x0, 0x7, 0xff,
    0xf4, 0x0, 0x7, 0xff, 0xd0, 0x0, 0x7, 0xff,
    0x0, 0x0, 0x1, 0xf8, 0x0, 0x0, 0x0, 0x40,

    /* U+007C "|" */
    0xff, 0x7f, 0xdf, 0xf7, 0xfd, 0xff, 0x7f, 0xdf,
    0xf7, 0xfd, 0xff, 0x7f, 0xdf, 0xf7, 0xfd, 0xff,
    0x7f, 0xdf, 0xf7, 0xfd, 0xff, 0x7f, 0xdf, 0xf7,
    0xfd, 0xff, 0x7f, 0xdf, 0xf7, 0xfd, 0xff, 0x7f,
    0xdf, 0xf7, 0xfd, 0xff, 0x7f, 0xdf, 0xf7, 0xfd,
    0xff, 0x7f, 0xdf, 0xf7, 0xfd, 0xff, 0x7f, 0xdf,
    0xf7, 0xfd, 0xff, 0x7f, 0xd1, 0x50,

    /* U+007D "}" */
    0x0, 0x0, 0x0, 0x0, 0xe, 0x0, 0x0, 0x0,
    0x1f, 0xe0, 0x0, 0x0, 0x2f, 0xfd, 0x0, 0x0,
    0x3f, 0xff, 0x40, 0x0, 0xb, 0xff, 0xc0, 0x0,
    0x3, 0xff, 0xe0, 0x0, 0x0, 0xff, 0xf0, 0x0,
    0x0, 0xff, 0xf4, 0x0, 0x0, 0xbf, 0xf8, 0x0,
    0x0, 0x7f, 0xfc, 0x0, 0x0, 0x7f, 0xfc, 0x0,
    0x0, 0x7f, 0xfc, 0x0, 0x0, 0x7f, 0xfc, 0x0,
    0x0, 0x7f, 0xfc, 0x0, 0x0, 0x7f, 0xfc, 0x0,
    0x0, 0x7f, 0xfc, 0x0, 0x0, 0x7f, 0xfc, 0x0,
    0x0, 0x7f, 0xfc, 0x0, 0x0, 0x3f, 0xfc, 0x0,
    0x0, 0x3f, 0xfe, 0x0, 0x0, 0x1f, 0xff, 0x40,
    0x0, 0xb, 0xff, 0xf8, 0x0, 0x3, 0xff, 0xfd,
    0x0, 0x0, 0x7f, 0xfd, 0x0, 0x0, 0xff, 0xfd,
    0x0, 0x3, 0xff, 0xfd, 0x0, 0xf, 0xff, 0xf8,
    0x0, 0x1f, 0xff, 0x40, 0x0, 0x3f, 0xfe, 0x0,
    0x0, 0x3f, 0xfc, 0x0, 0x0, 0x7f, 0xfc, 0x0,
    0x0, 0x7f, 0xfc, 0x0, 0x0, 0x7f, 0xfc, 0x0,
    0x0, 0x7f, 0xfc, 0x0, 0x0, 0x7f, 0xfc, 0x0,
    0x0, 0x7f, 0xfc, 0x0, 0x0, 0x7f, 0xfc, 0x0,
    0x0, 0x7f, 0xfc, 0x0, 0x0, 0x7f, 0xfc, 0x0,
    0x0, 0xbf, 0xf8, 0x0, 0x0, 0xff, 0xf4, 0x0,
    0x0, 0xff, 0xf0, 0x0, 0x3, 0xff, 0xe0, 0x0,
    0xf, 0xff, 0xc0, 0x0, 0x3f, 0xff, 0x40, 0x0,
    0x2f, 0xfd, 0x0, 0x0, 0x1f, 0xe0, 0x0, 0x0,
    0xe, 0x0, 0x0, 0x0, 0x0, 0x0, 0x0, 0x0,

    /* U+007E "~" */
    0x0, 0x1b, 0xfd, 0x0, 0x0, 0x0, 0x0, 0x0,
    0xff, 0xff, 0xd0, 0x0, 0x7, 0xfe, 0x3, 0xff,
    0xff, 0xf8, 0x0, 0xb, 0xfe, 0xb, 0xff, 0xff,
    0xfe, 0x0, 0xf, 0xfe, 0x1f, 0xff, 0xff, 0xff,
    0xc0, 0x2f, 0xfd, 0x2f, 0xff, 0xaf, 0xff, 0xfa,
    0xff, 0xfc, 0x3f, 0xfc, 0x2, 0xff, 0xff, 0xff,
    0xf8, 0x3f, 0xf4, 0x0, 0x7f, 0xff, 0xff, 0xf0,
    0x7f, 0xf0, 0x0, 0x1f, 0xff, 0xff, 0xd0, 0x7f,
    0xf0, 0x0, 0x3, 0xff, 0xff, 0x40, 0x0, 0x0,
    0x0, 0x0, 0x6f, 0xf4, 0x0
};


/*---------------------
 *  GLYPH DESCRIPTION
 *--------------------*/

static const lv_font_fmt_txt_glyph_dsc_t glyph_dsc[] = {
    {.bitmap_index = 0, .adv_w = 0, .box_w = 0, .box_h = 0, .ofs_x = 0, .ofs_y = 0} /* id = 0 reserved */,
    {.bitmap_index = 0, .adv_w = 199, .box_w = 0, .box_h = 0, .ofs_x = 0, .ofs_y = 0},
    {.bitmap_index = 0, .adv_w = 216, .box_w = 9, .box_h = 36, .ofs_x = 2, .ofs_y = 0},
    {.bitmap_index = 81, .adv_w = 255, .box_w = 14, .box_h = 14, .ofs_x = 1, .ofs_y = 23},
    {.bitmap_index = 130, .adv_w = 474, .box_w = 28, .box_h = 36, .ofs_x = 1, .ofs_y = 0},
    {.bitmap_index = 382, .adv_w = 459, .box_w = 25, .box_h = 47, .ofs_x = 2, .ofs_y = -5},
    {.bitmap_index = 676, .adv_w = 591, .box_w = 33, .box_h = 36, .ofs_x = 2, .ofs_y = 0},
    {.bitmap_index = 973, .adv_w = 526, .box_w = 32, .box_h = 36, .ofs_x = 1, .ofs_y = 0},
    {.bitmap_index = 1261, .adv_w = 129, .box_w = 6, .box_h = 14, .ofs_x = 1, .ofs_y = 23},
    {.bitmap_index = 1282, .adv_w = 280, .box_w = 14, .box_h = 52, .ofs_x = 3, .ofs_y = -12},
    {.bitmap_index = 1464, .adv_w = 281, .box_w = 15, .box_h = 52, .ofs_x = 0, .ofs_y = -12},
    {.bitmap_index = 1659, .adv_w = 363, .box_w = 23, .box_h = 22, .ofs_x = 0, .ofs_y = 14},
    {.bitmap_index = 1786, .adv_w = 436, .box_w = 25, .box_h = 26, .ofs_x = 1, .ofs_y = 4},
    {.bitmap_index = 1949, .adv_w = 197, .box_w = 10, .box_h = 15, .ofs_x = 0, .ofs_y = -9},
    {.bitmap_index = 1987, .adv_w = 315, .box_w = 15, .box_h = 6, .ofs_x = 2, .ofs_y = 13},
    {.bitmap_index = 2010, .adv_w = 232, .box_w = 9, .box_h = 8, .ofs_x = 3, .ofs_y = 0},
    {.bitmap_index = 2028, .adv_w = 297, .box_w = 19, .box_h = 39, .ofs_x = -1, .ofs_y = -3},
    {.bitmap_index = 2214, .adv_w = 459, .box_w = 25, .box_h = 36, .ofs_x = 2, .ofs_y = 0},
    {.bitmap_index = 2439, .adv_w = 459, .box_w = 16, .box_h = 36, .ofs_x = 4, .ofs_y = 0},
    {.bitmap_index = 2583, .adv_w = 459, .box_w = 26, .box_h = 36, .ofs_x = 1, .ofs_y = 0},
    {.bitmap_index = 2817, .adv_w = 459, .box_w = 26, .box_h = 36, .ofs_x = 1, .ofs_y = 0},
    {.bitmap_index = 3051, .adv_w = 459, .box_w = 27, .box_h = 36, .ofs_x = 1, .ofs_y = 0},
    {.bitmap_index = 3294, .adv_w = 459, .box_w = 25, .box_h = 36, .ofs_x = 2, .ofs_y = 0},
    {.bitmap_index = 3519, .adv_w = 459, .box_w = 25, .box_h = 36, .ofs_x = 2, .ofs_y = 0},
    {.bitmap_index = 3744, .adv_w = 459, .box_w = 26, .box_h = 36, .ofs_x = 1, .ofs_y = 0},
    {.bitmap_index = 3978, .adv_w = 459, .box_w = 25, .box_h = 36, .ofs_x = 2, .ofs_y = 0},
    {.bitmap_index = 4203, .adv_w = 459, .box_w = 25, .box_h = 36, .ofs_x = 2, .ofs_y = 0},
    {.bitmap_index = 4428, .adv_w = 225, .box_w = 8, .box_h = 27, .ofs_x = 3, .ofs_y = 0},
    {.bitmap_index = 4482, .adv_w = 211, .box_w = 10, .box_h = 37, .ofs_x = 1, .ofs_y = -10},
    {.bitmap_index = 4575, .adv_w = 408, .box_w = 22, .box_h = 24, .ofs_x = 1, .ofs_y = 3},
    {.bitmap_index = 4707, .adv_w = 459, .box_w = 23, .box_h = 16, .ofs_x = 3, .ofs_y = 8},
    {.bitmap_index = 4799, .adv_w = 413, .box_w = 23, .box_h = 24, .ofs_x = 2, .ofs_y = 3},
    {.bitmap_index = 4937, .adv_w = 398, .box_w = 23, .box_h = 36, .ofs_x = 1, .ofs_y = 0},
    {.bitmap_index = 5144, .adv_w = 717, .box_w = 42, .box_h = 46, .ofs_x = 1, .ofs_y = -11},
    {.bitmap_index = 5627, .adv_w = 538, .box_w = 34, .box_h = 36, .ofs_x = 0, .ofs_y = 0},
    {.bitmap_index = 5933, .adv_w = 511, .box_w = 27, .box_h = 36, .ofs_x = 3, .ofs_y = 0},
    {.bitmap_index = 6176, .adv_w = 523, .box_w = 30, .box_h = 36, .ofs_x = 2, .ofs_y = 0},
    {.bitmap_index = 6446, .adv_w = 520, .box_w = 28, .box_h = 36, .ofs_x = 3, .ofs_y = 0},
    {.bitmap_index = 6698, .adv_w = 450, .box_w = 25, .box_h = 36, .ofs_x = 3, .ofs_y = 0},
    {.bitmap_index = 6923, .adv_w = 439, .box_w = 24, .box_h = 36, .ofs_x = 3, .ofs_y = 0},
    {.bitmap_index = 7139, .adv_w = 545, .box_w = 30, .box_h = 36, .ofs_x = 2, .ofs_y = 0},
    {.bitmap_index = 7409, .adv_w = 565, .box_w = 30, .box_h = 36, .ofs_x = 3, .ofs_y = 0},
    {.bitmap_index = 7679, .adv_w = 234, .box_w = 8, .box_h = 36, .ofs_x = 3, .ofs_y = 0},
    {.bitmap_index = 7751, .adv_w = 447, .box_w = 24, .box_h = 36, .ofs_x = 1, .ofs_y = 0},
    {.bitmap_index = 7967, .adv_w = 509, .box_w = 30, .box_h = 36, .ofs_x = 3, .ofs_y = 0},
    {.bitmap_index = 8237, .adv_w = 433, .box_w = 24, .box_h = 36, .ofs_x = 3, .ofs_y = 0},
    {.bitmap_index = 8453, .adv_w = 700, .box_w = 38, .box_h = 36, .ofs_x = 3, .ofs_y = 0},
    {.bitmap_index = 8795, .adv_w = 564, .box_w = 30, .box_h = 36, .ofs_x = 3, .ofs_y = 0},
    {.bitmap_index = 9065, .adv_w = 552, .box_w = 31, .box_h = 36, .ofs_x = 2, .ofs_y = 0},
    {.bitmap_index = 9344, .adv_w = 516, .box_w = 28, .box_h = 36, .ofs_x = 3, .ofs_y = 0},
    {.bitmap_index = 9596, .adv_w = 552, .box_w = 31, .box_h = 42, .ofs_x = 2, .ofs_y = -6},
    {.bitmap_index = 9922, .adv_w = 513, .box_w = 28, .box_h = 36, .ofs_x = 3, .ofs_y = 0},
    {.bitmap_index = 10174, .adv_w = 493, .box_w = 28, .box_h = 36, .ofs_x = 1, .ofs_y = 0},
    {.bitmap_index = 10426, .adv_w = 496, .box_w = 29, .box_h = 36, .ofs_x = 1, .ofs_y = 0},
    {.bitmap_index = 10687, .adv_w = 527, .box_w = 29, .box_h = 36, .ofs_x = 2, .ofs_y = 0},
    {.bitmap_index = 10948, .adv_w = 523, .box_w = 33, .box_h = 36, .ofs_x = 0, .ofs_y = 0},
    {.bitmap_index = 11245, .adv_w = 700, .box_w = 43, .box_h = 36, .ofs_x = 0, .ofs_y = 0},
    {.bitmap_index = 11632, .adv_w = 508, .box_w = 32, .box_h = 36, .ofs_x = 0, .ofs_y = 0},
    {.bitmap_index = 11920, .adv_w = 495, .box_w = 31, .box_h = 36, .ofs_x = 0, .ofs_y = 0},
    {.bitmap_index = 12199, .adv_w = 486, .box_w = 28, .box_h = 36, .ofs_x = 1, .ofs_y = 0},
    {.bitmap_index = 12451, .adv_w = 221, .box_w = 12, .box_h = 50, .ofs_x = 2, .ofs_y = -8},
    {.bitmap_index = 12601, .adv_w = 337, .box_w = 24, .box_h = 39, .ofs_x = -1, .ofs_y = -3},
    {.bitmap_index = 12835, .adv_w = 221, .box_w = 11, .box_h = 50, .ofs_x = 0, .ofs_y = -8},
    {.bitmap_index = 12973, .adv_w = 350, .box_w = 20, .box_h = 18, .ofs_x = 1, .ofs_y = 18},
    {.bitmap_index = 13063, .adv_w = 356, .box_w = 23, .box_h = 6, .ofs_x = 0, .ofs_y = -5},
    {.bitmap_index = 13098, .adv_w = 264, .box_w = 13, .box_h = 8, .ofs_x = 1, .ofs_y = 30},
    {.bitmap_index = 13124, .adv_w = 428, .box_w = 25, .box_h = 27, .ofs_x = 1, .ofs_y = 0},
    {.bitmap_index = 13293, .adv_w = 450, .box_w = 25, .box_h = 37, .ofs_x = 2, .ofs_y = 0},
    {.bitmap_index = 13525, .adv_w = 417, .box_w = 24, .box_h = 27, .ofs_x = 1, .ofs_y = 0},
    {.bitmap_index = 13687, .adv_w = 450, .box_w = 25, .box_h = 37, .ofs_x = 1, .ofs_y = 0},
    {.bitmap_index = 13919, .adv_w = 432, .box_w = 25, .box_h = 27, .ofs_x = 1, .ofs_y = 0},
    {.bitmap_index = 14088, .adv_w = 286, .box_w = 18, .box_h = 38, .ofs_x = 0, .ofs_y = 0},
    {.bitmap_index = 14259, .adv_w = 457, .box_w = 25, .box_h = 37, .ofs_x = 1, .ofs_y = -10},
    {.bitmap_index = 14491, .adv_w = 448, .box_w = 24, .box_h = 37, .ofs_x = 2, .ofs_y = 0},
    {.bitmap_index = 14713, .adv_w = 212, .box_w = 9, .box_h = 37, .ofs_x = 2, .ofs_y = 0},
    {.bitmap_index = 14797, .adv_w = 208, .box_w = 14, .box_h = 48, .ofs_x = -3, .ofs_y = -11},
    {.bitmap_index = 14965, .adv_w = 427, .box_w = 26, .box_h = 37, .ofs_x = 2, .ofs_y = 0},
    {.bitmap_index = 15206, .adv_w = 212, .box_w = 8, .box_h = 37, .ofs_x = 3, .ofs_y = 0},
    {.bitmap_index = 15280, .adv_w = 693, .box_w = 39, .box_h = 27, .ofs_x = 2, .ofs_y = 0},
    {.bitmap_index = 15544, .adv_w = 448, .box_w = 24, .box_h = 27, .ofs_x = 2, .ofs_y = 0},
    {.bitmap_index = 15706, .adv_w = 452, .box_w = 26, .box_h = 27, .ofs_x = 1, .ofs_y = 0},
    {.bitmap_index = 15882, .adv_w = 450, .box_w = 25, .box_h = 37, .ofs_x = 2, .ofs_y = -10},
    {.bitmap_index = 16114, .adv_w = 451, .box_w = 25, .box_h = 37, .ofs_x = 1, .ofs_y = -10},
    {.bitmap_index = 16346, .adv_w = 293, .box_w = 16, .box_h = 27, .ofs_x = 2, .ofs_y = 0},
    {.bitmap_index = 16454, .adv_w = 411, .box_w = 23, .box_h = 27, .ofs_x = 1, .ofs_y = 0},
    {.bitmap_index = 16610, .adv_w = 271, .box_w = 16, .box_h = 34, .ofs_x = 0, .ofs_y = 0},
    {.bitmap_index = 16746, .adv_w = 448, .box_w = 24, .box_h = 27, .ofs_x = 2, .ofs_y = 0},
    {.bitmap_index = 16908, .adv_w = 405, .box_w = 25, .box_h = 27, .ofs_x = 0, .ofs_y = 0},
    {.bitmap_index = 17077, .adv_w = 588, .box_w = 36, .box_h = 27, .ofs_x = 0, .ofs_y = 0},
    {.bitmap_index = 17320, .adv_w = 407, .box_w = 26, .box_h = 27, .ofs_x = 0, .ofs_y = 0},
    {.bitmap_index = 17496, .adv_w = 403, .box_w = 26, .box_h = 38, .ofs_x = 0, .ofs_y = -11},
    {.bitmap_index = 17743, .adv_w = 407, .box_w = 23, .box_h = 27, .ofs_x = 1, .ofs_y = 0},
    {.bitmap_index = 17899, .adv_w = 264, .box_w = 15, .box_h = 49, .ofs_x = 1, .ofs_y = -9},
    {.bitmap_index = 18083, .adv_w = 202, .box_w = 5, .box_h = 43, .ofs_x = 4, .ofs_y = -7},
    {.bitmap_index = 18137, .adv_w = 264, .box_w = 16, .box_h = 50, .ofs_x = 0, .ofs_y = -10},
    {.bitmap_index = 18337, .adv_w = 518, .box_w = 28, .box_h = 11, .ofs_x = 2, .ofs_y = 9}
};

/*---------------------
 *  CHARACTER MAPPING
 *--------------------*/



/*Collect the unicode lists and glyph_id offsets*/
static const lv_font_fmt_txt_cmap_t cmaps[] =
{
    {
        .range_start = 32, .range_length = 95, .glyph_id_start = 1,
        .unicode_list = NULL, .glyph_id_ofs_list = NULL, .list_length = 0, .type = LV_FONT_FMT_TXT_CMAP_FORMAT0_TINY
    }
};

/*-----------------
 *    KERNING
 *----------------*/


/*Pair left and right glyphs for kerning*/
static const uint8_t kern_pair_glyph_ids[] =
{
    1, 53,
    3, 3,
    3, 8,
    8, 3,
    8, 8,
    9, 55,
    9, 56,
    9, 58,
    13, 3,
    13, 8,
    15, 3,
    15, 8,
    16, 16,
    34, 3,
    34, 8,
    34, 32,
    34, 36,
    34, 40,
    34, 48,
    34, 50,
    34, 53,
    34, 54,
    34, 55,
    34, 56,
    34, 58,
    34, 78,
    34, 79,
    34, 80,
    34, 81,
    34, 85,
    34, 86,
    34, 87,
    34, 88,
    34, 90,
    34, 91,
    35, 53,
    35, 55,
    35, 58,
    36, 10,
    36, 53,
    36, 62,
    36, 94,
    37, 13,
    37, 15,
    37, 34,
    37, 53,
    37, 55,
    37, 57,
    37, 58,
    37, 59,
    38, 53,
    38, 68,
    38, 69,
    38, 70,
    38, 71,
    38, 72,
    38, 80,
    38, 82,
    38, 86,
    38, 87,
    38, 88,
    38, 90,
    39, 13,
    39, 15,
    39, 34,
    39, 43,
    39, 53,
    39, 66,
    39, 68,
    39, 69,
    39, 70,
    39, 72,
    39, 80,
    39, 82,
    39, 83,
    39, 86,
    39, 87,
    39, 90,
    41, 34,
    41, 53,
    41, 57,
    41, 58,
    42, 34,
    42, 53,
    42, 57,
    42, 58,
    43, 34,
    44, 14,
    44, 36,
    44, 40,
    44, 48,
    44, 50,
    44, 68,
    44, 69,
    44, 70,
    44, 72,
    44, 78,
    44, 79,
    44, 80,
    44, 81,
    44, 82,
    44, 86,
    44, 87,
    44, 88,
    44, 90,
    45, 34,
    45, 36,
    45, 40,
    45, 48,
    45, 50,
    45, 53,
    45, 54,
    45, 55,
    45, 56,
    45, 58,
    45, 86,
    45, 87,
    45, 88,
    45, 90,
    46, 34,
    46, 53,
    46, 57,
    46, 58,
    47, 34,
    47, 53,
    47, 57,
    47, 58,
    48, 13,
    48, 15,
    48, 34,
    48, 53,
    48, 55,
    48, 57,
    48, 58,
    48, 59,
    49, 13,
    49, 15,
    49, 34,
    49, 43,
    49, 57,
    49, 59,
    49, 66,
    49, 68,
    49, 69,
    49, 70,
    49, 72,
    49, 80,
    49, 82,
    49, 85,
    49, 87,
    49, 90,
    50, 53,
    50, 55,
    50, 56,
    50, 58,
    51, 53,
    51, 55,
    51, 58,
    53, 1,
    53, 13,
    53, 14,
    53, 15,
    53, 34,
    53, 36,
    53, 40,
    53, 43,
    53, 48,
    53, 50,
    53, 52,
    53, 53,
    53, 55,
    53, 56,
    53, 58,
    53, 66,
    53, 68,
    53, 69,
    53, 70,
    53, 72,
    53, 78,
    53, 79,
    53, 80,
    53, 81,
    53, 82,
    53, 83,
    53, 84,
    53, 86,
    53, 87,
    53, 88,
    53, 89,
    53, 90,
    53, 91,
    54, 34,
    55, 10,
    55, 13,
    55, 14,
    55, 15,
    55, 34,
    55, 36,
    55, 40,
    55, 48,
    55, 50,
    55, 62,
    55, 66,
    55, 68,
    55, 69,
    55, 70,
    55, 72,
    55, 80,
    55, 82,
    55, 83,
    55, 86,
    55, 87,
    55, 90,
    55, 94,
    56, 10,
    56, 13,
    56, 14,
    56, 15,
    56, 34,
    56, 53,
    56, 62,
    56, 66,
    56, 68,
    56, 69,
    56, 70,
    56, 72,
    56, 80,
    56, 82,
    56, 83,
    56, 86,
    56, 94,
    57, 14,
    57, 36,
    57, 40,
    57, 48,
    57, 50,
    57, 55,
    57, 68,
    57, 69,
    57, 70,
    57, 72,
    57, 80,
    57, 82,
    57, 86,
    57, 87,
    57, 90,
    58, 7,
    58, 10,
    58, 11,
    58, 13,
    58, 14,
    58, 15,
    58, 34,
    58, 36,
    58, 40,
    58, 43,
    58, 48,
    58, 50,
    58, 52,
    58, 53,
    58, 54,
    58, 55,
    58, 56,
    58, 57,
    58, 58,
    58, 62,
    58, 66,
    58, 68,
    58, 69,
    58, 70,
    58, 71,
    58, 72,
    58, 78,
    58, 79,
    58, 80,
    58, 81,
    58, 82,
    58, 83,
    58, 84,
    58, 85,
    58, 86,
    58, 87,
    58, 89,
    58, 90,
    58, 91,
    58, 94,
    59, 34,
    59, 36,
    59, 40,
    59, 48,
    59, 50,
    59, 68,
    59, 69,
    59, 70,
    59, 72,
    59, 80,
    59, 82,
    59, 86,
    59, 87,
    59, 88,
    59, 90,
    60, 43,
    60, 54,
    66, 3,
    66, 8,
    66, 87,
    66, 90,
    67, 3,
    67, 8,
    67, 87,
    67, 89,
    67, 90,
    67, 91,
    68, 3,
    68, 8,
    70, 3,
    70, 8,
    70, 87,
    70, 90,
    71, 3,
    71, 8,
    71, 10,
    71, 62,
    71, 68,
    71, 69,
    71, 70,
    71, 72,
    71, 82,
    71, 94,
    73, 3,
    73, 8,
    76, 68,
    76, 69,
    76, 70,
    76, 72,
    76, 82,
    78, 3,
    78, 8,
    79, 3,
    79, 8,
    80, 3,
    80, 8,
    80, 87,
    80, 89,
    80, 90,
    80, 91,
    81, 3,
    81, 8,
    81, 87,
    81, 89,
    81, 90,
    81, 91,
    83, 3,
    83, 8,
    83, 13,
    83, 15,
    83, 66,
    83, 68,
    83, 69,
    83, 70,
    83, 71,
    83, 72,
    83, 80,
    83, 82,
    83, 85,
    83, 87,
    83, 88,
    83, 90,
    85, 80,
    87, 3,
    87, 8,
    87, 13,
    87, 15,
    87, 66,
    87, 68,
    87, 69,
    87, 70,
    87, 71,
    87, 72,
    87, 80,
    87, 82,
    88, 13,
    88, 15,
    89, 68,
    89, 69,
    89, 70,
    89, 72,
    89, 80,
    89, 82,
    90, 3,
    90, 8,
    90, 13,
    90, 15,
    90, 66,
    90, 68,
    90, 69,
    90, 70,
    90, 71,
    90, 72,
    90, 80,
    90, 82,
    91, 68,
    91, 69,
    91, 70,
    91, 72,
    91, 80,
    91, 82,
    92, 43,
    92, 54
};

/* Kerning between the respective left and right glyphs
 * 4.4 format which needs to scaled with `kern_scale`*/
static const int8_t kern_pair_values[] =
{
    -17, -19, -19, -19, -19, 6, 10, 7,
    -77, -77, -77, -77, -75, -37, -37, -23,
    -6, -6, -6, -6, -38, -5, -25, -15,
    -41, -10, -10, -4, -10, -5, -3, -16,
    -10, -16, 4, -8, -7, -17, -8, -9,
    -4, -5, -36, -36, -7, -21, -7, -7,
    -13, -7, 6, -6, -6, -6, -6, -6,
    -6, -6, -5, -8, -7, -8, -82, -82,
    -58, -71, 6, -11, -7, -7, -7, -7,
    -7, -7, -8, -7, -7, -7, 6, -9,
    5, -9, 6, -9, 5, -9, -7, -41,
    -10, -10, -10, -10, -8, -8, -8, -8,
    -2, -2, -8, -2, -8, -7, -12, -20,
    -12, 6, -20, -20, -20, -20, -71, -11,
    -61, -34, -83, -7, -39, -20, -39, 6,
    -9, 5, -9, 6, -9, 5, -9, -36,
    -36, -7, -21, -7, -7, -13, -7, -118,
    -118, -52, -59, -14, -10, -3, -4, -4,
    -4, -4, -4, -4, 4, 5, 5, -11,
    -9, -6, -11, -19, -6, -15, -17, -77,
    -81, -77, -33, -9, -9, -70, -9, -9,
    -5, 5, 5, 5, 5, -47, -29, -29,
    -29, -29, -30, -30, -54, -30, -29, -21,
    -28, -23, -25, -16, -24, -25, -19, -7,
    6, -68, -37, -68, -23, -4, -4, -4,
    -4, 5, -14, -14, -14, -14, -14, -14,
    -14, -9, -9, -3, -3, 6, 5, -43,
    -19, -43, -13, 4, 4, -10, -10, -10,
    -10, -10, -10, -10, -7, -6, 4, -38,
    -8, -8, -8, -8, 4, -8, -8, -8,
    -8, -7, -8, -7, -10, -10, -9, 6,
    -15, -70, -37, -70, -41, -9, -9, -30,
    -9, -9, -5, 5, -30, 6, 5, 4,
    6, 6, -21, -20, -20, -20, -7, -20,
    -12, -12, -20, -12, -20, -12, -18, -7,
    -12, -6, -7, -6, -9, 6, 4, -8,
    -8, -8, -8, -7, -7, -7, -7, -7,
    -7, -6, -8, -8, -8, -6, -6, -10,
    -10, -5, -5, -9, -9, -3, -5, -3,
    -5, -3, -3, -4, -4, -4, -4, 5,
    5, 6, 6, -7, -7, -7, -7, -7,
    6, -27, -27, -6, -6, -6, -6, -6,
    -27, -27, -27, -27, -32, -32, -5, -7,
    -5, -5, -9, -9, -3, -5, -3, -5,
    5, 5, -49, -49, -10, -6, -6, -6,
    6, -6, -10, -6, 16, 6, 5, 6,
    -8, 5, 5, -46, -46, -5, -4, -4,
    -4, 4, -4, -5, -4, -39, -39, -6,
    -6, -6, -6, -11, -6, 5, 5, -46,
    -46, -5, -4, -4, -4, 4, -4, -5,
    -4, -5, -5, -5, -5, -5, -5, -6,
    -6
};

/*Collect the kern pair's data in one place*/
static const lv_font_fmt_txt_kern_pair_t kern_pairs =
{
    .glyph_ids = kern_pair_glyph_ids,
    .values = kern_pair_values,
    .pair_cnt = 409,
    .glyph_ids_size = 0
};

/*--------------------
 *  ALL CUSTOM DATA
 *--------------------*/

#if LVGL_VERSION_MAJOR == 8
/*Store all the custom data of the font*/
static  lv_font_fmt_txt_glyph_cache_t cache;
#endif

#if LVGL_VERSION_MAJOR >= 8
static const lv_font_fmt_txt_dsc_t font_dsc = {
#else
static lv_font_fmt_txt_dsc_t font_dsc = {
#endif
    .glyph_bitmap = glyph_bitmap,
    .glyph_dsc = glyph_dsc,
    .cmaps = cmaps,
    .kern_dsc = &kern_pairs,
    .kern_scale = 20,
    .cmap_num = 1,
    .bpp = 2,
    .kern_classes = 0,
    .bitmap_format = 0,
#if LVGL_VERSION_MAJOR == 8
    .cache = &cache
#endif

};



/*-----------------
 *  PUBLIC FONT
 *----------------*/

/*Initialize a public general font descriptor*/
#if LVGL_VERSION_MAJOR >= 8
const lv_font_t lv_font_RobotoBold_50 = {
#else
lv_font_t lv_font_RobotoBold_50 = {
#endif
    .get_glyph_dsc = lv_font_get_glyph_dsc_fmt_txt,    /*Function pointer to get glyph's data*/
    .get_glyph_bitmap = lv_font_get_bitmap_fmt_txt,    /*Function pointer to get glyph's bitmap*/
    .line_height = 54,          /*The maximum line height required by the font*/
    .base_line = 12,             /*Baseline measured from the bottom of the line*/
#if !(LVGL_VERSION_MAJOR == 6 && LVGL_VERSION_MINOR == 0)
    .subpx = LV_FONT_SUBPX_NONE,
#endif
#if LV_VERSION_CHECK(7, 4, 0) || LVGL_VERSION_MAJOR >= 8
    .underline_position = -4,
    .underline_thickness = 2,
#endif
    .dsc = &font_dsc,          /*The custom font data. Will be accessed by `get_glyph_bitmap/dsc` */
#if LV_VERSION_CHECK(8, 2, 0) || LVGL_VERSION_MAJOR >= 9
    .fallback = NULL,
#endif
    .user_data = NULL,
};



#endif /*#if LV_FONT_ROBOTOBOLD_50*/
